day,bedtime,waketime,total_sleep_h,time_in_bed_h,efficiency,latency_min,restless_periods,deep_h,rem_h,light_h,hr_low,hr_avg,hrv,breaths_per_min,nap_sleep_h,steps,temp_deviation,temp_trend_deviation,oura_sleep_score,oura_readiness_score,restfulness
2019-01-14,,,,,,,,,,,,,,,,1342.0,,,,,
2019-01-15,22.54277777777778,31.87611111111111,8.616666666666667,9.333333333333334,92.0,11.0,277.0,2.2416666666666667,1.5916666666666666,4.783333333333333,51.0,56.5,54.0,12.875,0.0,19604.0,-0.07,,95.0,96.0,89.0
2019-01-16,25.43277777777778,31.46611111111111,5.408333333333333,6.033333333333333,90.0,16.5,183.0,1.0583333333333331,1.4833333333333334,2.8666666666666667,56.0,62.0,34.0,14.375,0.0,18105.0,-0.04,,72.0,49.0,88.0
2019-01-17,24.612222222222226,30.912222222222223,5.4,6.3,86.0,26.0,254.0,1.2916666666666667,1.2916666666666667,2.816666666666667,51.0,56.75,48.0,13.125,0.0,21550.0,-0.05,0.01,71.0,73.0,81.0
2019-01-18,24.08388888888889,30.600555555555555,5.475,6.516666666666667,84.0,15.5,326.0,1.0833333333333333,0.85,3.5416666666666665,49.0,53.125,59.0,12.5,0.0,14362.0,-0.14,0.01,66.0,74.0,54.0
2019-01-19,21.73777777777778,29.97111111111111,7.133333333333334,8.233333333333333,87.0,6.0,302.0,0.8083333333333333,1.6,4.725,48.0,55.0,53.0,13.0,0.1083333333333333,10218.0,0.05,0.01,79.0,74.0,67.0
2019-01-20,24.113333333333333,30.33,4.791666666666667,6.216666666666667,77.0,7.0,279.0,0.4666666666666667,1.65,2.675,59.0,68.5,28.0,13.75,0.0,13648.0,0.12,0.09,57.0,67.0,34.0
2019-01-21,23.03388888888889,30.03388888888889,5.783333333333333,7.0,83.0,4.5,289.0,1.025,1.2916666666666667,3.466666666666667,47.0,51.875,60.0,13.0,0.0,11348.0,0.02,0.13,67.0,77.0,40.0
2019-01-22,22.750555555555557,31.550555555555555,7.883333333333334,8.8,90.0,16.5,401.0,1.175,2.1416666666666666,4.566666666666666,46.0,51.5,63.0,12.75,0.0,5763.0,-0.32,-0.02,90.0,89.0,79.0
2019-01-23,22.516666666666666,30.25,6.866666666666666,7.733333333333333,89.0,18.0,303.0,1.175,2.058333333333333,3.633333333333333,46.0,52.0,63.0,13.5,0.0,8489.0,-0.05,-0.08,85.0,89.0,81.0
2019-01-24,23.3225,30.439166666666665,4.7,7.116666666666666,66.0,38.0,188.0,1.0,0.8083333333333333,2.8916666666666666,44.0,55.375,64.0,13.75,0.0,11640.0,-0.29,-0.07,56.0,76.0,67.0
2019-01-25,24.099444444444444,30.83277777777778,5.891666666666667,6.733333333333333,88.0,6.5,321.0,1.0083333333333333,1.475,3.408333333333333,52.0,57.5,50.0,12.875,0.0,5629.0,-0.07,,70.0,71.0,51.0
2019-01-26,23.716944444444444,30.933611111111112,6.575,7.216666666666667,91.0,8.5,192.0,1.325,1.825,3.425,45.0,54.75,55.0,14.0,0.0,12095.0,0.11,0.08,84.0,89.0,89.0
2019-01-27,21.821666666666665,29.971666666666668,7.741666666666666,8.15,95.0,4.5,289.0,1.025,2.0166666666666666,4.7,62.0,69.125,27.0,15.25,0.0,7883.0,1.59,0.78,88.0,51.0,85.0
2019-01-28,21.380277777777778,30.646944444444443,8.125,9.266666666666667,88.0,20.0,364.0,0.85,1.675,5.6,60.0,66.75,32.0,15.75,0.425,6098.0,1.63,1.46,87.0,54.0,79.0
2019-01-29,21.817777777777778,31.817777777777778,7.733333333333333,10.0,77.0,46.0,466.0,0.85,2.1,4.783333333333333,48.0,53.625,66.0,12.25,0.0,7073.0,-0.18,1.06,75.0,87.0,55.0
2019-01-30,22.63861111111111,30.738611111111112,6.3,8.1,78.0,48.0,348.0,0.85,1.5833333333333333,3.8666666666666663,48.0,53.25,60.0,12.5,0.0,10531.0,-0.04,0.39,69.0,81.0,65.0
2019-01-31,22.85,31.3,7.408333333333333,8.45,88.0,10.5,351.0,0.7666666666666667,2.833333333333333,3.808333333333333,48.0,56.0,55.0,12.875,0.0,14706.0,-0.24,0.01,81.0,91.0,61.0
2019-02-01,21.88,30.89666666666667,7.033333333333333,9.016666666666667,78.0,18.0,278.0,1.2833333333333334,2.225,3.525,48.0,58.0,57.0,13.25,0.0,10788.0,-0.23,-0.03,84.0,83.0,78.0
2019-02-02,22.47083333333333,31.9875,7.283333333333333,9.516666666666667,77.0,19.5,257.0,0.6833333333333333,1.825,4.775,45.0,54.5,61.0,12.5,0.0,6940.0,0.15,0.08,77.0,81.0,77.0
2019-02-03,26.90083333333333,32.25083333333333,4.833333333333333,5.35,90.0,1.0,156.0,0.4666666666666667,1.8333333333333333,2.533333333333333,63.0,71.0,18.0,12.625,4.183333333333334,7110.0,0.1,0.21,60.0,46.0,80.0
2019-02-04,23.35805555555556,30.65805555555556,5.641666666666667,7.3,77.0,5.5,298.0,0.7916666666666666,1.575,3.275,46.0,56.125,56.0,13.25,0.0,11671.0,-0.1,0.17,66.0,74.0,49.0
2019-02-05,22.440277777777776,31.09027777777778,7.833333333333333,8.65,91.0,5.5,270.0,1.2,2.941666666666667,3.691666666666667,49.0,55.125,47.0,13.5,0.0,5668.0,-0.13,0.06,90.0,88.0,84.0
2019-02-06,21.992222222222225,30.325555555555557,6.966666666666667,8.333333333333334,84.0,22.0,292.0,1.0416666666666667,2.091666666666667,3.8333333333333335,48.0,54.75,54.0,13.375,0.0,9481.0,-0.2,,82.0,84.0,80.0
2019-02-07,22.63361111111111,30.78361111111111,6.591666666666667,8.15,81.0,3.5,278.0,1.125,2.175,3.2916666666666665,50.0,53.25,44.0,13.375,0.0,8305.0,-0.12,,77.0,82.0,61.0
2019-02-08,22.591944444444444,30.825277777777774,7.666666666666667,8.233333333333333,93.0,8.5,390.0,0.75,2.2583333333333333,4.658333333333333,50.0,57.0,40.0,13.875,0.0,9141.0,0.06,0.08,85.0,89.0,76.0
2019-02-09,24.72972222222222,31.59638888888889,5.375,6.866666666666666,78.0,31.0,214.0,1.2,1.3916666666666666,2.783333333333333,50.0,57.5,51.0,13.375,0.0,7632.0,-0.29,0.03,67.0,79.0,87.0
2019-02-10,23.69083333333333,31.8075,7.033333333333333,8.116666666666667,87.0,5.0,259.0,1.2666666666666666,2.833333333333333,2.933333333333333,52.0,58.75,43.0,13.125,0.0,12758.0,-0.05,0.02,82.0,83.0,74.0
2019-02-11,22.860000000000003,29.76,6.708333333333333,6.9,97.0,5.0,323.0,1.6833333333333331,2.175,2.85,48.0,56.75,46.0,13.875,0.0,8118.0,-0.15,,86.0,83.0,83.0
2019-02-12,22.66611111111111,30.33277777777778,6.525,7.666666666666667,85.0,13.5,248.0,1.1083333333333334,2.466666666666667,2.95,51.0,59.25,43.0,14.0,0.0,16632.0,-0.06,0.04,81.0,81.0,75.0
2019-02-13,24.316666666666663,31.1,5.375,6.783333333333333,79.0,17.5,202.0,1.3333333333333333,0.8333333333333334,3.208333333333333,54.0,60.625,36.0,13.625,0.0,9645.0,-0.2,,67.0,56.0,80.0
2019-02-14,24.23333333333333,30.98333333333333,6.5,6.75,96.0,7.5,308.0,0.225,2.058333333333333,4.216666666666667,53.0,57.375,46.0,13.25,0.0,10799.0,-0.15,-0.02,75.0,71.0,82.0
2019-02-15,25.02722222222222,30.577222222222225,4.916666666666667,5.55,89.0,19.0,157.0,1.4333333333333331,2.125,1.3583333333333334,46.0,52.875,57.0,12.75,0.0,11000.0,-0.24,-0.05,74.0,78.0,83.0
2019-02-16,23.57027777777778,31.720277777777778,7.6,8.15,93.0,3.5,264.0,1.575,2.441666666666667,3.583333333333333,48.0,55.0,53.0,13.875,0.3916666666666666,10568.0,-0.04,0.01,89.0,87.0,87.0
2019-02-17,25.816666666666663,31.616666666666667,5.366666666666666,5.8,93.0,19.0,240.0,0.9083333333333332,1.6583333333333334,2.8,50.0,55.375,53.0,13.75,0.0,13321.0,-0.18,0.02,70.0,76.0,83.0
2019-02-18,25.199444444444445,31.199444444444445,5.858333333333333,6.0,98.0,2.5,173.0,1.4666666666666666,1.4583333333333333,2.933333333333333,55.0,62.25,34.0,13.625,0.0,12530.0,0.15,0.14,78.0,65.0,97.0
2019-02-19,21.83277777777778,31.749444444444443,8.241666666666667,9.916666666666666,83.0,16.5,360.0,1.0833333333333333,1.8166666666666669,5.341666666666667,48.0,55.5,60.0,13.375,0.0,7631.0,0.07,0.21,86.0,90.0,55.0
2019-02-20,23.369444444444444,30.886111111111116,6.575,7.516666666666667,87.0,1.0,259.0,1.6416666666666666,1.5333333333333334,3.4,48.0,54.375,66.0,12.75,0.0,6113.0,-0.18,0.14,79.0,87.0,72.0
2019-02-21,22.636944444444445,31.10361111111111,7.125,8.466666666666667,84.0,21.0,342.0,1.025,1.5083333333333333,4.591666666666667,50.0,57.25,54.0,13.25,0.0,13567.0,-0.08,0.06,81.0,81.0,73.0
2019-02-22,24.18583333333333,31.5525,6.658333333333333,7.366666666666666,90.0,15.5,219.0,1.0833333333333333,1.7666666666666666,3.808333333333333,57.0,66.625,29.0,14.75,0.0,9607.0,0.43,0.26,83.0,70.0,93.0
2019-02-23,23.494722222222222,31.17805555555556,6.483333333333333,7.683333333333334,84.0,21.0,240.0,1.5833333333333333,1.5,3.4,50.0,59.5,42.0,13.25,0.1,19830.0,-0.04,0.3,79.0,78.0,74.0
2019-02-24,24.799722222222226,32.03305555555556,6.441666666666666,7.233333333333333,89.0,13.5,338.0,0.8166666666666667,1.8083333333333331,3.816666666666667,61.0,69.5,25.0,14.125,0.0,12561.0,0.02,0.22,71.0,50.0,55.0
2019-02-25,22.66611111111111,30.799444444444443,6.508333333333334,8.133333333333333,80.0,15.0,230.0,0.6666666666666666,1.725,4.116666666666666,50.0,63.75,56.0,14.125,0.0,8794.0,0.14,0.18,78.0,85.0,85.0
2019-02-26,23.398055555555555,30.93138888888889,7.05,7.533333333333333,94.0,13.0,312.0,1.7,1.6083333333333334,3.7416666666666663,49.0,54.125,57.0,12.75,0.0,7696.0,-0.05,0.16,86.0,85.0,81.0
2019-02-27,22.86722222222222,30.50055555555556,6.575,7.633333333333334,86.0,18.0,332.0,1.5333333333333334,1.6833333333333331,3.3583333333333334,49.0,55.125,56.0,12.875,0.0,9588.0,-0.16,0.08,81.0,85.0,67.0
2019-02-28,22.6775,31.31083333333333,7.266666666666667,8.633333333333333,84.0,7.5,233.0,0.9583333333333334,1.875,4.433333333333334,49.0,61.25,45.0,13.75,0.0,13170.0,0.06,0.09,83.0,86.0,77.0
2019-03-01,24.5425,29.609166666666667,4.366666666666666,5.066666666666666,86.0,25.5,188.0,0.6666666666666666,0.6916666666666667,3.0083333333333333,55.0,61.375,41.0,14.125,0.0,9412.0,0.09,0.16,59.0,57.0,83.0
2019-03-02,23.78333333333333,29.58333333333333,5.016666666666667,5.8,86.0,20.0,215.0,1.4666666666666666,1.1166666666666667,2.433333333333333,51.0,55.625,54.0,13.125,0.0,9608.0,-0.19,0.11,72.0,74.0,84.0
2019-03-03,25.63361111111111,33.43361111111111,6.891666666666667,7.8,88.0,6.0,322.0,1.25,1.4416666666666669,4.2,49.0,58.125,56.0,13.5,0.0,13763.0,0.05,0.09,73.0,77.0,72.0
2019-03-04,23.08305555555556,31.28305555555556,6.783333333333333,8.2,83.0,7.5,292.0,0.85,1.425,4.508333333333334,53.0,62.125,53.0,15.125,0.975,10348.0,0.57,0.34,78.0,71.0,78.0
2019-03-05,23.066666666666663,31.58333333333333,7.675,8.516666666666667,90.0,9.0,514.0,0.6916666666666667,1.8416666666666663,5.141666666666667,51.0,59.875,45.0,13.875,0.0,13982.0,0.12,0.41,83.0,85.0,68.0
2019-03-06,23.95611111111111,31.439444444444444,6.533333333333333,7.483333333333333,87.0,10.0,358.0,0.525,1.5666666666666669,4.441666666666666,50.0,58.875,54.0,13.875,0.0,167.0,0.08,0.32,72.0,82.0,69.0
2019-03-07,23.37611111111111,30.442777777777778,5.925,7.066666666666666,84.0,19.5,320.0,0.9166666666666666,1.4,3.608333333333333,51.0,56.875,49.0,12.75,0.0,8733.0,0.12,0.24,73.0,81.0,73.0
2019-03-08,23.03,30.546666666666667,6.283333333333333,7.516666666666667,84.0,6.5,252.0,1.0833333333333333,1.4333333333333331,3.7666666666666666,48.0,55.5,65.0,12.875,0.0,7350.0,-0.21,0.11,76.0,86.0,73.0
2019-03-09,23.101944444444445,30.768611111111117,6.691666666666666,7.666666666666667,87.0,20.0,284.0,1.75,1.5583333333333331,3.3833333333333333,50.0,58.25,45.0,13.375,0.0,8108.0,0.08,0.1,80.0,84.0,62.0
2019-03-10,24.137777777777774,30.587777777777777,5.833333333333333,6.45,90.0,18.5,205.0,1.1166666666666667,1.25,3.466666666666667,47.0,54.25,57.0,13.0,0.0,1747.0,-0.11,0.08,77.0,85.0,94.0
2019-03-11,24.05583333333333,32.30583333333333,7.191666666666666,8.25,87.0,4.5,247.0,1.725,1.7833333333333334,3.683333333333333,53.0,60.0,42.0,14.625,0.0,5944.0,-0.11,0.06,83.0,80.0,92.0
2019-03-12,23.781666666666663,31.531666666666663,6.583333333333333,7.75,85.0,18.5,349.0,1.6666666666666667,1.4166666666666667,3.5,49.0,56.125,61.0,13.5,0.0,10052.0,-0.11,0.02,78.0,78.0,75.0
2019-03-13,24.40805555555556,30.95805555555556,5.766666666666667,6.55,88.0,7.5,271.0,1.3583333333333334,1.075,3.333333333333333,52.0,60.25,44.0,13.75,0.0,10029.0,-0.14,,72.0,71.0,74.0
2019-03-14,24.191388888888888,30.54138888888889,5.908333333333333,6.35,93.0,4.0,319.0,1.2916666666666667,0.9416666666666668,3.675,46.0,56.25,61.0,13.25,0.0,8891.0,-0.19,-0.03,73.0,81.0,73.0
2019-03-15,22.954166666666666,31.0875,7.133333333333334,8.133333333333333,88.0,14.0,352.0,1.175,1.1166666666666667,4.841666666666667,50.0,58.875,52.0,14.125,0.0,14404.0,-0.04,,82.0,87.0,78.0
2019-03-16,24.641666666666666,30.90833333333333,5.833333333333333,6.266666666666667,93.0,4.0,303.0,0.8833333333333333,0.8666666666666667,4.083333333333333,50.0,60.625,48.0,14.125,0.0,13896.0,0.07,0.08,69.0,70.0,79.0
2019-03-17,,,,,,,,,,,,,,,,88.0,,,,,
2019-03-18,26.56861111111111,30.91861111111111,3.925,4.35,90.0,4.0,199.0,1.1666666666666667,0.7583333333333333,2.0,47.0,55.75,57.0,13.125,0.0,10594.0,-0.38,-0.02,62.0,70.0,71.0
2019-03-19,23.83388888888889,30.467222222222222,6.075,6.633333333333334,92.0,8.0,243.0,1.4,1.575,3.1,49.0,58.875,49.0,13.375,0.0,9673.0,-0.14,-0.09,80.0,81.0,80.0
2019-03-20,23.209722222222226,30.726388888888888,6.891666666666667,7.516666666666667,92.0,15.0,270.0,1.1,1.7083333333333333,4.083333333333333,54.0,64.25,32.0,14.0,0.0,6434.0,0.09,,85.0,67.0,83.0
2019-03-21,23.133333333333333,30.8,6.758333333333334,7.666666666666667,88.0,10.0,338.0,0.5416666666666666,1.8916666666666664,4.325,50.0,57.125,42.0,13.625,0.0,6953.0,0.06,0.13,77.0,79.0,72.0
2019-03-22,23.76972222222222,30.786388888888887,6.666666666666667,7.016666666666667,95.0,10.0,311.0,1.2083333333333333,1.475,3.983333333333333,51.0,54.75,54.0,13.125,0.0,10871.0,0.06,0.17,81.0,82.0,79.0
2019-03-23,24.19972222222222,31.333055555555557,6.775,7.133333333333334,95.0,15.0,286.0,1.25,1.9,3.625,52.0,57.375,44.0,14.25,0.0,18104.0,-0.34,,84.0,76.0,88.0
2019-03-24,23.55027777777778,30.650277777777777,6.558333333333334,7.1,92.0,5.5,233.0,1.4916666666666667,1.3583333333333334,3.7083333333333335,53.0,58.0,41.0,13.875,0.0,19572.0,-0.27,-0.13,81.0,72.0,82.0
2019-03-25,23.48305555555556,30.53305555555556,6.316666666666666,7.05,90.0,13.0,320.0,1.1916666666666669,1.5333333333333334,3.591666666666667,52.0,56.625,43.0,13.5,0.0,5378.0,-0.21,-0.15,79.0,72.0,69.0
2019-03-26,22.76638888888889,30.46638888888889,7.075,7.7,92.0,18.0,307.0,1.7333333333333334,1.9833333333333332,3.3583333333333334,46.0,52.5,53.0,13.0,0.0,12747.0,-0.36,-0.16,88.0,82.0,87.0
2019-03-27,22.366111111111117,30.732777777777777,7.725,8.366666666666667,92.0,17.5,265.0,1.6,2.058333333333333,4.066666666666666,50.0,54.75,48.0,13.625,0.0,8678.0,0.01,-0.06,93.0,83.0,93.0
2019-03-28,23.533611111111117,30.850277777777777,6.675,7.316666666666666,91.0,20.0,269.0,0.9416666666666668,1.475,4.258333333333334,52.0,63.875,32.0,13.625,0.0,10191.0,0.29,0.16,79.0,78.0,77.0
2019-03-29,23.384166666666665,30.0175,5.675,6.633333333333334,86.0,31.5,183.0,1.3416666666666666,0.7833333333333333,3.55,50.0,59.875,42.0,14.0,0.0,4793.0,0.13,0.29,72.0,70.0,84.0
2019-03-30,21.716944444444444,29.700277777777774,7.433333333333334,7.983333333333333,93.0,7.0,289.0,1.2916666666666667,1.275,4.866666666666666,47.0,52.625,58.0,13.25,0.0,3065.0,-0.05,0.22,86.0,91.0,83.0
2019-03-31,21.533611111111117,29.61694444444445,6.916666666666667,8.083333333333334,86.0,19.5,297.0,1.4833333333333334,1.3333333333333333,4.1,45.0,50.125,71.0,13.5,0.0,15824.0,-0.01,0.11,82.0,83.0,78.0
2019-04-01,25.901666666666667,31.085,4.2,5.183333333333334,81.0,38.0,330.0,0.3916666666666666,0.4916666666666666,3.316666666666667,50.0,57.75,47.0,13.75,0.0,7694.0,0.21,0.16,45.0,58.0,61.0
2019-04-02,24.13277777777778,31.566111111111116,6.583333333333333,7.433333333333334,89.0,2.5,262.0,1.3,1.75,3.533333333333333,51.0,60.75,33.0,13.875,0.0,12699.0,-0.01,0.16,80.0,74.0,78.0
2019-04-03,24.155833333333334,31.739166666666662,6.766666666666667,7.583333333333333,89.0,31.0,278.0,1.575,1.6083333333333334,3.583333333333333,49.0,57.5,43.0,13.375,0.0,7890.0,0.32,0.25,80.0,77.0,87.0
2019-04-04,25.933333333333334,31.0,4.85,5.066666666666666,96.0,3.0,177.0,0.6583333333333333,1.15,3.0416666666666665,61.0,69.375,21.0,13.125,0.075,10001.0,-0.09,0.18,64.0,47.0,93.0
2019-04-05,21.159166666666664,29.2425,6.933333333333334,8.083333333333334,86.0,13.5,373.0,0.9666666666666668,1.7416666666666667,4.225,54.0,61.5,41.0,13.75,1.525,5538.0,-0.02,0.08,80.0,69.0,62.0
2019-04-06,21.40694444444444,31.006944444444443,8.883333333333333,9.6,93.0,14.5,296.0,2.183333333333333,2.191666666666667,4.508333333333334,46.0,54.875,55.0,13.75,0.0,15952.0,0.21,0.18,97.0,89.0,89.0
2019-04-07,23.05027777777778,30.86694444444445,6.583333333333333,7.816666666666666,84.0,17.0,338.0,0.9833333333333332,1.3416666666666666,4.258333333333334,49.0,56.375,53.0,13.5,1.4666666666666666,8365.0,-0.22,0.09,76.0,79.0,65.0
2019-04-08,22.27861111111111,30.828611111111112,7.841666666666667,8.55,92.0,0.5,336.0,0.5833333333333334,2.175,5.083333333333333,63.0,71.375,16.0,15.75,2.375,4986.0,1.49,0.65,84.0,47.0,77.0
2019-04-09,21.99833333333333,30.54833333333333,7.525,8.55,88.0,5.5,466.0,0.7416666666666667,1.875,4.908333333333333,48.0,58.0,46.0,14.125,0.0,5764.0,0.06,0.67,82.0,85.0,65.0
2019-04-10,23.183333333333334,29.96666666666667,5.858333333333333,6.783333333333333,86.0,16.0,290.0,1.1666666666666667,1.2916666666666667,3.4,51.0,57.25,45.0,14.125,0.0,14169.0,-0.22,0.33,75.0,79.0,68.0
2019-04-11,23.758055555555558,31.274722222222223,6.9,7.516666666666667,92.0,30.5,201.0,1.75,2.175,2.975,54.0,59.375,34.0,14.25,0.0,10084.0,-0.07,,85.0,74.0,98.0
2019-04-12,23.57583333333333,30.3925,6.491666666666666,6.816666666666666,95.0,11.0,346.0,0.425,1.8916666666666664,4.175,62.0,67.625,20.0,13.0,0.0,6260.0,0.07,0.05,78.0,60.0,78.0
2019-04-13,22.239444444444445,31.322777777777777,8.275,9.083333333333334,91.0,3.5,389.0,1.8333333333333333,2.058333333333333,4.383333333333334,47.0,53.875,45.0,13.25,0.0,11295.0,-0.12,0.01,93.0,96.0,83.0
2019-04-14,23.313333333333333,30.296666666666667,5.65,6.983333333333333,81.0,2.0,237.0,1.075,0.9916666666666668,3.583333333333333,47.0,59.5,48.0,14.125,0.4583333333333333,7246.0,-0.16,-0.04,65.0,81.0,50.0
2019-04-15,22.091666666666665,31.058333333333334,8.025,8.966666666666667,89.0,21.0,294.0,1.6166666666666667,2.0083333333333333,4.4,46.0,52.375,53.0,13.625,0.0,5747.0,-0.16,-0.04,93.0,95.0,88.0
2019-04-16,22.691944444444445,31.12527777777777,7.141666666666667,8.433333333333334,85.0,4.0,349.0,1.2666666666666666,1.9416666666666669,3.933333333333333,49.0,60.0,48.0,13.875,0.0,12100.0,-0.06,,84.0,92.0,75.0
2019-04-17,22.91222222222222,30.17888888888889,6.916666666666667,7.266666666666667,95.0,4.5,271.0,1.3,1.55,4.066666666666666,45.0,53.75,56.0,13.5,0.0,6008.0,-0.2,,85.0,84.0,88.0
2019-04-18,22.21472222222222,29.814722222222223,6.95,7.6,91.0,8.5,316.0,1.3416666666666666,1.65,3.9583333333333335,51.0,57.125,46.0,14.25,0.0,14555.0,-0.19,-0.04,85.0,84.0,77.0
2019-04-19,24.299444444444443,30.71611111111111,4.3,6.416666666666667,67.0,57.0,203.0,0.5166666666666667,0.925,2.8583333333333334,49.0,62.125,54.0,13.5,0.0,766.0,-0.19,-0.07,44.0,68.0,43.0
2019-04-20,22.26361111111111,30.79694444444445,7.875,8.533333333333333,92.0,12.5,324.0,1.5083333333333333,2.075,4.291666666666667,45.0,55.0,58.0,13.75,0.0,5528.0,-0.08,-0.03,93.0,94.0,85.0
2019-04-21,21.32583333333333,30.125833333333333,8.441666666666666,8.8,96.0,5.5,358.0,1.2666666666666666,2.158333333333333,5.016666666666667,48.0,55.375,55.0,14.125,0.0,1917.0,0.15,0.1,94.0,93.0,87.0
2019-04-22,21.637777777777774,29.92111111111111,7.775,8.283333333333333,94.0,18.0,375.0,1.5833333333333333,1.625,4.566666666666666,43.0,49.0,62.0,12.875,0.0,1731.0,-0.24,0.05,90.0,83.0,79.0
2019-04-23,22.453611111111112,30.070277777777772,6.583333333333333,7.616666666666666,86.0,33.5,315.0,1.2166666666666666,1.5833333333333333,3.783333333333333,47.0,53.5,53.0,13.375,0.0,31.0,-0.13,-0.01,79.0,83.0,78.0
2019-04-24,22.433611111111112,30.850277777777777,7.3,8.416666666666666,87.0,11.0,357.0,0.55,1.7083333333333333,5.041666666666667,53.0,65.375,29.0,13.875,0.0,7605.0,0.35,0.14,80.0,78.0,74.0
2019-04-25,22.155555555555555,31.08888888888889,7.708333333333333,8.933333333333334,86.0,20.0,349.0,0.4666666666666667,2.1416666666666666,5.1,47.0,58.0,60.0,14.0,0.0,26.0,0.34,0.36,82.0,88.0,75.0
2019-04-26,22.52111111111111,30.42111111111111,7.441666666666666,7.9,94.0,14.5,383.0,1.0166666666666666,1.6416666666666666,4.783333333333333,48.0,53.75,51.0,13.5,0.0,60.0,-0.21,0.24,86.0,96.0,76.0
2019-04-27,23.086388888888887,30.919722222222223,7.15,7.833333333333333,91.0,16.5,295.0,0.5666666666666667,2.1083333333333334,4.475,53.0,63.875,28.0,13.875,0.0,0.0,-0.2,0.02,82.0,75.0,81.0
2019-04-28,,,,,,,,,,,,,,,,324.0,,,,,
2019-04-29,21.512777777777774,30.79611111111111,7.966666666666667,9.283333333333331,86.0,20.0,371.0,1.0333333333333334,1.6833333333333331,5.25,49.0,59.625,53.0,14.25,0.0,568.0,0.1,0.03,87.0,92.0,74.0
2019-04-30,22.416944444444447,30.58361111111111,6.4,8.166666666666666,78.0,3.0,312.0,0.825,1.4916666666666667,4.083333333333333,49.0,59.75,43.0,14.125,0.0,126.0,-0.15,0.05,72.0,83.0,69.0
2019-05-01,22.028055555555557,31.06138888888889,6.475,9.033333333333331,72.0,16.0,301.0,0.8083333333333333,1.4166666666666667,4.25,48.0,59.5,53.0,13.875,0.0,511.0,-0.24,-0.02,71.0,81.0,62.0
2019-05-02,23.3175,30.58416666666667,6.616666666666666,7.266666666666667,91.0,12.5,349.0,1.2333333333333334,1.175,4.208333333333333,50.0,60.5,48.0,14.0,0.0,89.0,-0.5,-0.22,80.0,86.0,75.0
2019-05-03,23.191944444444445,31.67527777777778,7.266666666666667,8.483333333333333,86.0,10.0,331.0,0.6833333333333333,1.5916666666666666,4.991666666666666,56.0,70.125,27.0,14.125,0.0,58.0,0.17,-0.08,78.0,65.0,73.0
2019-05-04,25.764444444444443,32.48111111111111,5.558333333333334,6.716666666666667,83.0,20.5,254.0,1.1083333333333334,1.9666666666666663,2.4833333333333334,61.0,70.375,30.0,14.0,0.0,1966.0,0.31,0.18,67.0,57.0,65.0
2019-05-05,22.62527777777778,30.42527777777778,6.1,7.8,78.0,18.5,351.0,0.5,1.25,4.35,47.0,57.25,67.0,14.125,0.0,838.0,-0.13,0.22,66.0,79.0,56.0
2019-05-06,23.72972222222222,29.51305555555556,4.458333333333333,5.783333333333333,77.0,19.0,233.0,1.075,0.825,2.558333333333333,47.0,55.25,66.0,13.625,0.0,7095.0,-0.17,0.08,59.0,67.0,49.0
2019-05-07,21.441388888888888,31.40805555555556,9.016666666666667,9.966666666666669,90.0,4.5,347.0,1.8333333333333333,2.4916666666666667,4.691666666666666,48.0,52.5,62.0,13.625,0.0,191.0,-0.02,0.04,96.0,91.0,87.0
2019-05-08,23.81861111111111,29.518611111111117,5.058333333333334,5.7,89.0,8.5,258.0,1.1333333333333333,1.0583333333333331,2.8666666666666667,60.0,69.625,31.0,14.875,0.0,10816.0,0.12,0.15,69.0,51.0,69.0
2019-05-09,22.12333333333333,30.79,5.416666666666667,8.666666666666666,63.0,12.0,346.0,1.2166666666666666,0.9333333333333332,3.2666666666666666,50.0,62.5,55.0,14.125,0.0,2794.0,-0.48,,58.0,66.0,22.0
2019-05-10,24.65055555555556,31.25055555555556,5.583333333333333,6.6,85.0,4.5,243.0,1.075,1.5333333333333334,2.975,47.0,57.375,52.0,13.75,0.0,5980.0,-0.06,-0.05,71.0,68.0,85.0
2019-05-11,24.198611111111116,32.18194444444444,7.058333333333334,7.983333333333333,88.0,1.0,303.0,1.5583333333333331,2.075,3.425,47.0,55.5,51.0,13.875,0.0,357.0,-0.51,-0.19,82.0,84.0,74.0
2019-05-12,23.973333333333333,31.273333333333333,6.5,7.3,89.0,38.0,320.0,1.625,1.6666666666666667,3.208333333333333,48.0,52.875,51.0,13.875,0.0,21.0,-0.28,-0.2,78.0,83.0,82.0
2019-05-13,22.522777777777776,30.33944444444445,6.608333333333333,7.816666666666666,85.0,39.0,275.0,1.4916666666666667,1.7333333333333334,3.3833333333333333,48.0,55.875,55.0,14.0,0.0,631.0,0.01,-0.09,80.0,82.0,79.0
2019-05-14,23.17666666666667,29.91,5.541666666666667,6.733333333333333,82.0,14.0,309.0,1.0833333333333333,1.3,3.158333333333333,49.0,55.0,54.0,13.5,0.0,63.0,-0.28,-0.05,71.0,76.0,62.0
2019-05-15,23.039166666666667,31.6225,7.508333333333334,8.583333333333334,87.0,17.0,332.0,1.4166666666666667,2.1,3.9916666666666663,46.0,53.375,60.0,13.25,0.0,756.0,-0.26,-0.11,88.0,91.0,77.0
2019-05-16,23.3725,30.8725,5.408333333333333,7.5,72.0,12.0,304.0,0.9916666666666668,1.0666666666666669,3.35,53.0,67.875,44.0,13.875,0.0,792.0,0.07,-0.03,67.0,67.0,70.0
2019-05-17,,,,,,,,,,,,,,,,271.0,,,,,
2019-05-18,23.16111111111111,31.91111111111111,7.708333333333333,8.75,88.0,9.0,358.0,2.225,1.8583333333333332,3.625,47.0,54.875,61.0,13.75,0.0,1323.0,-0.01,0.06,88.0,92.0,74.0
2019-05-19,22.67305555555556,30.00638888888889,6.391666666666667,7.333333333333333,87.0,12.0,300.0,1.2833333333333334,1.3833333333333333,3.725,48.0,53.875,54.0,13.125,0.0,5824.0,0.03,0.11,80.0,80.0,75.0
2019-05-20,23.584166666666665,31.050833333333333,5.916666666666667,7.466666666666667,79.0,18.5,285.0,0.9583333333333334,0.675,4.283333333333333,48.0,61.75,50.0,14.375,0.0,15202.0,-0.22,0.01,67.0,71.0,73.0
2019-05-21,26.139722222222225,32.12305555555555,4.675,5.983333333333333,78.0,4.0,412.0,0.3666666666666666,0.5583333333333333,3.75,53.0,64.375,43.0,14.5,0.0,10413.0,-0.06,-0.01,45.0,55.0,37.0
2019-05-22,23.5775,31.61083333333333,7.783333333333333,8.033333333333333,97.0,4.5,270.0,1.65,2.1,4.033333333333333,49.0,57.25,50.0,14.375,0.0,11338.0,0.37,0.16,91.0,83.0,93.0
2019-05-23,21.210555555555555,29.49388888888889,6.483333333333333,8.283333333333333,78.0,3.0,256.0,2.3583333333333334,1.025,3.1,51.0,63.625,56.0,14.25,0.0,419.0,0.02,0.23,74.0,74.0,72.0
2019-05-24,23.245833333333334,30.479166666666668,5.891666666666667,7.233333333333333,81.0,19.0,256.0,1.825,1.1416666666666666,2.925,45.0,53.0,63.0,12.875,0.0,123.0,-0.25,0.07,73.0,79.0,63.0
2019-05-25,24.76,30.66,5.216666666666667,5.9,88.0,3.0,221.0,1.1666666666666667,0.9166666666666666,3.1333333333333333,54.0,65.0,55.0,14.0,0.0,24.0,-0.01,-0.01,65.0,58.0,71.0
2019-05-26,22.571666666666665,30.77166666666667,7.366666666666666,8.2,90.0,2.0,307.0,1.5666666666666669,1.5666666666666669,4.233333333333333,54.0,67.25,39.0,13.75,0.0,107.0,0.27,0.14,84.0,74.0,77.0
2019-05-27,22.88722222222222,31.45388888888889,7.416666666666667,8.566666666666666,87.0,0.5,349.0,1.1416666666666666,1.5416666666666667,4.733333333333333,51.0,62.25,51.0,13.875,0.0,7.0,0.16,0.26,80.0,80.0,66.0
2019-05-28,24.3375,31.3375,6.45,7.0,92.0,1.0,228.0,1.6416666666666666,2.083333333333333,2.725,57.0,62.625,35.0,13.75,0.0,42.0,0.25,0.32,80.0,70.0,86.0
2019-05-29,,,,,,,,,,,,,,,,98.0,,,,,
2019-05-30,23.769166666666667,31.38583333333333,6.141666666666667,7.616666666666666,81.0,1.5,310.0,1.8166666666666669,1.1083333333333334,3.216666666666667,53.0,64.75,54.0,13.25,0.0,142.0,-0.08,0.2,68.0,70.0,49.0
2019-05-31,24.74833333333333,31.765,6.016666666666667,7.016666666666667,86.0,3.5,271.0,0.6166666666666667,1.45,3.95,61.0,70.375,25.0,13.75,0.0,129.0,0.31,0.25,64.0,55.0,50.0
2019-06-01,23.61388888888889,30.76388888888889,5.95,7.15,83.0,42.5,259.0,1.4833333333333334,1.4666666666666666,3.0,53.0,58.125,46.0,13.125,0.0,15460.0,-0.09,0.18,70.0,70.0,81.0
2019-06-02,22.093888888888888,32.34388888888889,8.275,10.25,81.0,30.5,417.0,1.575,1.5916666666666666,5.108333333333333,49.0,58.875,56.0,13.625,0.0,171.0,0.29,0.26,82.0,85.0,61.0
2019-06-03,22.67194444444445,30.721944444444446,6.233333333333333,8.05,77.0,23.5,336.0,1.0583333333333331,1.625,3.55,54.0,61.875,41.0,13.875,0.0,1753.0,,0.22,69.0,68.0,46.0
2019-06-04,22.49277777777778,30.35944444444444,7.183333333333334,7.866666666666666,91.0,18.5,279.0,1.95,1.5583333333333331,3.675,48.0,53.0,51.0,13.625,0.0,179.0,-0.1,0.14,87.0,93.0,81.0
2019-06-05,,,,,,,,,,,,,,,,237.0,,,,,
2019-06-06,23.136944444444445,30.77027777777778,6.45,7.633333333333334,84.0,21.0,271.0,1.3583333333333334,1.3333333333333333,3.758333333333333,50.0,61.75,59.0,13.5,0.0,17.0,-0.37,-0.07,79.0,85.0,82.0
2019-06-07,22.859722222222224,30.44305555555556,6.158333333333333,7.583333333333333,81.0,10.0,222.0,1.4583333333333333,1.0666666666666669,3.633333333333333,53.0,57.75,46.0,13.375,0.0,1170.0,-0.03,-0.07,75.0,71.0,76.0
2019-06-08,,,,,,,,,,,,,,,,6870.0,,,,,
2019-06-09,23.031666666666663,31.148333333333333,7.191666666666666,8.116666666666667,89.0,9.5,230.0,2.216666666666667,1.6416666666666666,3.333333333333333,50.0,60.375,61.0,13.5,0.0,6513.0,0.15,0.08,86.0,79.0,74.0
2019-06-10,22.384444444444444,27.284444444444446,3.4166666666666665,4.9,70.0,32.0,126.0,0.6083333333333333,0.5083333333333333,2.3,53.0,61.5,42.0,15.25,0.0,3458.0,0.15,0.22,46.0,48.0,67.0
2019-06-11,25.45777777777778,30.024444444444445,4.35,4.566666666666666,95.0,4.5,177.0,1.0916666666666666,0.9833333333333332,2.275,50.0,56.0,48.0,13.375,0.0,4556.0,-0.09,0.16,64.0,60.0,85.0
2019-06-12,23.774444444444445,31.25777777777778,6.85,7.483333333333333,92.0,2.5,323.0,0.9083333333333332,1.9833333333333332,3.9583333333333335,59.0,72.625,20.0,13.125,0.0,5332.0,0.16,0.17,79.0,48.0,75.0
2019-06-13,24.602222222222224,29.752222222222223,4.325,5.15,84.0,9.0,247.0,1.0666666666666669,0.95,2.308333333333333,56.0,66.875,50.0,13.5,0.0,3098.0,0.25,0.26,59.0,60.0,51.0
2019-06-14,,,,,,,,,,,,,,,5.758333333333333,7464.0,,,,,
2019-06-15,21.981944444444444,30.481944444444444,7.683333333333334,8.5,90.0,4.0,356.0,1.3,2.0083333333333333,4.375,51.0,58.75,45.0,13.25,0.0,5312.0,-0.12,0.12,85.0,76.0,59.0
2019-06-16,23.05444444444445,30.52111111111111,5.975,7.466666666666667,80.0,14.0,269.0,0.9,0.9083333333333332,4.166666666666667,50.0,59.25,53.0,13.75,0.0,953.0,-0.17,,68.0,64.0,55.0
2019-06-17,23.53305555555556,28.849722222222223,4.25,5.316666666666666,80.0,14.5,282.0,1.0166666666666666,0.6416666666666667,2.591666666666667,48.0,59.25,67.0,13.5,0.0,3576.0,-0.9,-0.33,58.0,67.0,55.0
2019-06-18,26.399166666666662,35.24916666666667,6.508333333333334,8.85,74.0,14.0,340.0,1.275,1.4583333333333333,3.775,49.0,58.375,63.0,13.125,0.0,16308.0,-0.08,-0.31,65.0,68.0,43.0
2019-06-19,25.05361111111111,34.10361111111111,7.191666666666666,9.05,79.0,9.5,354.0,1.45,1.4416666666666669,4.3,48.0,64.625,80.0,14.625,0.0,230.0,0.25,,73.0,77.0,61.0
2019-06-20,,,,,,,,,,,,,,,,294.0,,,,,
2019-06-21,25.58305555555556,32.76638888888889,5.591666666666667,7.183333333333334,78.0,7.5,236.0,1.9083333333333332,0.9166666666666666,2.7666666666666666,48.0,57.125,56.0,13.25,0.0,18920.0,-0.22,0.1,64.0,65.0,81.0
2019-06-22,25.24972222222222,31.36638888888889,4.825,6.116666666666666,79.0,24.5,207.0,2.3833333333333333,0.325,2.1166666666666667,48.0,55.75,72.0,12.875,0.0,9794.0,-0.06,0.04,59.0,60.0,79.0
2019-06-23,21.69083333333333,30.6075,7.375,8.916666666666666,83.0,16.5,263.0,2.0083333333333333,1.7,3.6666666666666665,50.0,56.875,53.0,12.75,0.0,1012.0,-0.24,-0.06,86.0,79.0,73.0
2019-06-24,23.78666666666667,30.30333333333333,5.85,6.516666666666667,90.0,33.0,313.0,1.3333333333333333,1.4833333333333334,3.033333333333333,54.0,59.875,40.0,13.125,0.0,1895.0,0.17,0.06,73.0,61.0,73.0
2019-06-25,24.30333333333333,30.686666666666667,5.116666666666666,6.383333333333334,80.0,12.5,251.0,1.55,0.5583333333333333,3.0083333333333333,54.0,64.125,49.0,13.875,0.0,286.0,0.29,0.24,66.0,63.0,75.0
2019-06-26,22.389166666666664,30.639166666666668,7.608333333333333,8.25,92.0,7.5,348.0,2.0083333333333333,1.975,3.625,53.0,61.5,48.0,13.0,0.0,220.0,0.01,0.26,88.0,73.0,71.0
2019-06-27,23.485,30.468333333333334,5.9,6.983333333333333,84.0,8.5,230.0,1.9333333333333331,0.925,3.0416666666666665,55.0,62.125,47.0,13.375,0.0,128.0,0.15,0.23,72.0,61.0,73.0
2019-06-28,22.274444444444445,30.29111111111111,6.691666666666666,8.016666666666667,83.0,10.0,276.0,1.3,1.275,4.116666666666666,54.0,65.375,42.0,13.625,0.0,11944.0,0.47,0.37,80.0,70.0,77.0
2019-06-29,24.191944444444445,30.841944444444444,6.325,6.65,95.0,6.5,195.0,2.8583333333333334,1.3083333333333331,2.158333333333333,49.0,55.75,55.0,13.375,0.0,1354.0,-0.5,0.14,81.0,84.0,94.0
2019-06-30,23.45611111111111,30.989444444444445,6.6,7.533333333333333,88.0,11.0,318.0,2.066666666666667,1.475,3.058333333333333,54.0,61.25,46.0,13.75,0.0,301.0,-0.32,-0.11,80.0,75.0,67.0
2019-07-01,,,,,,,,,,,,,,,,0.0,,,,,
2019-07-02,,,,,,,,,,,,,,,,0.0,,,,,
2019-07-03,,,,,,,,,,,,,,,,0.0,,,,,
2019-07-04,,,,,,,,,,,,,,,,0.0,,,,,
2019-07-05,,,,,,,,,,,,,,,,0.0,,,,,
2019-07-06,,,,,,,,,,,,,,,,283.0,,,,,
2019-07-07,22.510277777777777,30.54361111111111,6.016666666666667,8.033333333333333,75.0,0.5,403.0,1.3833333333333333,0.5166666666666667,4.116666666666666,48.0,64.875,56.0,14.0,0.0,1805.0,-0.03,-0.13,62.0,67.0,39.0
2019-07-08,25.416944444444443,30.58361111111111,4.358333333333333,5.166666666666667,84.0,0.5,293.0,0.525,0.7,3.1333333333333333,56.0,73.5,50.0,14.125,0.0,6607.0,-0.25,-0.07,49.0,46.0,47.0
2019-07-09,23.03222222222222,30.098888888888887,5.7,7.066666666666666,81.0,13.0,250.0,1.9333333333333331,1.0833333333333333,2.683333333333333,51.0,60.625,37.0,13.25,0.0,1938.0,0.16,0.05,74.0,72.0,75.0
2019-07-10,22.32027777777778,30.736944444444443,7.466666666666667,8.416666666666666,89.0,17.0,294.0,1.7083333333333333,1.425,4.333333333333333,50.0,58.875,53.0,13.375,0.0,314.0,-0.24,0.01,87.0,86.0,76.0
2019-07-11,23.749722222222225,30.63305555555556,5.141666666666667,6.883333333333334,75.0,11.0,203.0,1.725,0.925,2.4916666666666667,50.0,61.125,49.0,13.625,0.0,688.0,-0.23,-0.04,68.0,70.0,74.0
2019-07-12,23.10833333333333,30.291666666666668,5.541666666666667,7.183333333333334,77.0,4.0,204.0,2.091666666666667,0.6833333333333333,2.7666666666666666,48.0,60.875,64.0,13.625,0.0,2761.0,-0.73,-0.3,64.0,73.0,54.0
2019-07-13,21.391111111111112,31.441111111111116,8.5,10.05,85.0,7.5,317.0,1.9416666666666669,1.8416666666666663,4.716666666666667,50.0,60.0,54.0,13.875,0.0,1090.0,,-0.21,90.0,86.0,66.0
2019-07-14,23.858611111111117,31.17527777777778,6.091666666666667,7.316666666666666,83.0,16.5,308.0,1.4,1.4666666666666666,3.225,47.0,54.0,51.0,13.125,0.1,1118.0,-0.1,-0.06,76.0,80.0,67.0
2019-07-15,22.45888888888889,31.808888888888887,8.825,9.35,94.0,1.5,322.0,1.5166666666666666,2.158333333333333,5.15,54.0,60.875,37.0,13.625,0.0,1030.0,-0.04,0.06,94.0,86.0,89.0
2019-07-16,22.45083333333333,31.184166666666663,6.975,8.733333333333333,80.0,52.5,245.0,1.8833333333333333,2.058333333333333,3.033333333333333,49.0,58.125,42.0,13.375,0.0,146.0,-0.21,,76.0,83.0,76.0
2019-07-17,24.675555555555555,31.142222222222223,5.75,6.466666666666667,89.0,4.0,258.0,1.15,1.45,3.15,51.0,59.875,39.0,13.0,0.0,5198.0,0.11,0.06,70.0,73.0,67.0
2019-07-18,23.104722222222225,31.538055555555555,7.766666666666667,8.433333333333334,92.0,15.5,266.0,2.2583333333333333,2.3,3.208333333333333,51.0,57.625,40.0,13.25,0.0,1714.0,0.01,0.12,91.0,93.0,87.0
2019-07-19,23.60305555555556,31.919722222222223,6.516666666666667,8.316666666666666,78.0,4.5,217.0,1.8,1.9916666666666667,2.725,50.0,58.25,43.0,13.25,0.0,1766.0,-0.1,0.1,78.0,88.0,93.0
2019-07-20,22.74138888888889,32.74138888888889,6.433333333333334,10.0,64.0,1.5,308.0,1.1916666666666669,1.0333333333333334,4.208333333333333,52.0,69.375,41.0,12.875,0.0,428.0,5.28,2.18,61.0,72.0,28.0
2019-07-21,23.0575,32.0075,7.516666666666667,8.95,84.0,8.5,239.0,1.1333333333333333,1.8,4.583333333333333,48.0,59.875,47.0,13.75,0.0,5517.0,0.06,2.23,83.0,89.0,73.0
2019-07-22,25.764166666666668,30.714166666666667,4.591666666666667,4.95,93.0,4.5,293.0,1.0833333333333333,0.8666666666666667,2.6416666666666666,52.0,57.125,50.0,13.125,0.0,689.0,-0.23,1.09,59.0,62.0,63.0
2019-07-23,22.74833333333333,30.315,6.45,7.566666666666666,85.0,5.5,260.0,1.9333333333333331,1.25,3.2666666666666666,49.0,56.375,54.0,12.375,0.0,411.0,0.2,0.11,77.0,86.0,69.0
2019-07-24,23.591388888888886,30.85805555555556,5.975,7.266666666666667,82.0,7.0,257.0,2.441666666666667,0.875,2.658333333333333,48.0,55.875,69.0,13.0,0.0,613.0,-0.32,0.01,70.0,74.0,56.0
2019-07-25,22.91722222222222,30.100555555555555,5.533333333333333,7.183333333333334,77.0,26.0,241.0,1.7666666666666666,1.15,2.6166666666666667,48.0,58.375,58.0,13.0,0.0,6016.0,-0.29,-0.1,67.0,74.0,56.0
2019-07-26,26.907777777777778,31.59111111111111,4.366666666666666,4.683333333333334,93.0,5.5,183.0,1.025,1.1916666666666669,2.15,66.0,74.5,19.0,12.625,2.833333333333333,317.0,-0.3,-0.2,60.0,40.0,79.0
2019-07-27,22.023888888888887,32.22388888888889,9.141666666666667,10.2,90.0,5.5,300.0,1.5083333333333333,2.708333333333333,4.925,55.0,62.625,43.0,13.375,0.0,218.0,0.16,-0.02,94.0,75.0,84.0
2019-07-28,22.366666666666667,31.65,7.733333333333333,9.283333333333331,83.0,27.0,329.0,1.6666666666666667,1.8,4.266666666666667,52.0,57.75,53.0,13.875,2.658333333333333,131.0,0.08,0.12,84.0,85.0,72.0
2019-07-29,25.191388888888888,31.24138888888889,5.041666666666667,6.05,83.0,21.5,230.0,1.0916666666666666,1.2666666666666666,2.683333333333333,51.0,57.25,52.0,12.375,0.0,1060.0,0.08,0.19,65.0,73.0,78.0
2019-07-30,26.35805555555556,30.941388888888888,3.533333333333333,4.583333333333333,77.0,11.5,155.0,1.15,0.2666666666666666,2.1166666666666667,56.0,61.75,51.0,13.125,0.0,437.0,0.21,0.23,48.0,48.0,62.0
2019-07-31,22.674722222222226,31.35805555555556,7.233333333333333,8.683333333333334,83.0,4.5,238.0,2.55,1.2166666666666666,3.466666666666667,49.0,55.25,62.0,12.75,0.0,273.0,0.02,0.21,81.0,85.0,77.0
2019-08-01,,,,,,,,,,,,,,,,8650.0,,,,,
2019-08-02,22.041666666666668,31.625,8.991666666666667,9.583333333333334,94.0,8.5,313.0,2.425,1.575,4.991666666666666,51.0,58.0,70.0,13.375,0.0,648.0,0.07,0.18,95.0,88.0,90.0
2019-08-03,25.20861111111111,30.49194444444444,4.833333333333333,5.283333333333333,91.0,19.0,133.0,1.8166666666666669,0.625,2.3916666666666666,50.0,53.0,56.0,13.125,0.0333333333333333,1475.0,-0.2,0.05,69.0,75.0,95.0
2019-08-04,25.65861111111111,31.641944444444444,5.466666666666667,5.983333333333333,91.0,19.0,194.0,0.95,1.075,3.441666666666667,60.0,68.25,23.0,14.25,0.0,3718.0,0.07,0.06,66.0,45.0,78.0
2019-08-05,,,,,,,,,,,,,,,,248.0,,,,,
2019-08-06,23.650277777777777,28.433611111111112,3.633333333333333,4.783333333333333,76.0,47.5,172.0,1.1833333333333331,0.5583333333333333,1.8916666666666664,51.0,57.375,51.0,13.0,0.0,6815.0,0.21,0.17,50.0,54.0,73.0
2019-08-07,,,,,,,,,,,,,,,,5528.0,,,,,
2019-08-08,25.433888888888887,31.017222222222223,5.266666666666667,5.583333333333333,94.0,3.0,204.0,1.9333333333333331,1.1083333333333334,2.225,53.0,62.5,40.0,13.0,0.0,13556.0,0.23,0.29,70.0,66.0,88.0
2019-08-09,24.7225,32.10583333333334,5.475,7.383333333333334,74.0,35.5,238.0,1.1833333333333331,0.7083333333333334,3.583333333333333,49.0,58.375,67.0,12.75,0.0,460.0,-0.18,0.17,56.0,62.0,67.0
2019-08-10,24.78333333333333,33.88333333333333,7.925,9.1,87.0,13.5,400.0,1.05,2.3583333333333334,4.516666666666667,57.0,69.625,32.0,13.375,0.0,1372.0,0.2,0.16,81.0,66.0,71.0
2019-08-11,23.378888888888888,31.76222222222222,6.533333333333333,8.383333333333333,78.0,14.0,336.0,1.5083333333333333,1.525,3.5,50.0,58.625,57.0,13.125,0.0,256.0,0.1,0.19,75.0,75.0,65.0
2019-08-12,23.60805555555556,31.624722222222225,6.683333333333334,8.016666666666667,83.0,5.0,289.0,1.675,1.1416666666666666,3.8666666666666663,49.0,57.375,46.0,13.625,0.0,30.0,-0.23,0.1,74.0,78.0,68.0
2019-08-13,23.57472222222222,31.691388888888888,6.883333333333334,8.116666666666667,85.0,6.0,262.0,1.8,1.925,3.158333333333333,49.0,58.625,51.0,13.5,0.0,2086.0,-0.27,-0.06,80.0,82.0,79.0
2019-08-14,23.822222222222223,31.822222222222223,7.316666666666666,8.0,91.0,17.0,298.0,1.875,2.033333333333333,3.408333333333333,49.0,55.75,46.0,12.375,0.0,1672.0,-0.09,-0.08,87.0,88.0,84.0
2019-08-15,25.0725,31.989166666666662,6.708333333333333,6.916666666666667,97.0,6.5,326.0,1.1333333333333333,1.7583333333333333,3.816666666666667,55.0,60.25,39.0,13.625,0.0,4042.0,-0.4,-0.15,79.0,76.0,83.0
2019-08-16,26.107777777777777,32.69111111111111,6.033333333333333,6.583333333333333,92.0,0.5,302.0,1.5,1.4916666666666667,3.0416666666666665,57.0,62.75,32.0,13.875,0.0,4639.0,-0.05,-0.1,68.0,62.0,67.0
2019-08-17,,,,,,,,,,,,,,,,0.0,,,,,
2019-08-18,,,,,,,,,,,,,,,,143.0,,,,,
2019-08-19,,,,,,,,,,,,,,,,1690.0,,,,,
2019-08-20,,,,,,,,,,,,,,,,2328.0,,,,,
2019-08-21,,,,,,,,,,,,,,,,425.0,,,,,
2019-08-22,23.92527777777778,31.075277777777774,6.008333333333334,7.15,84.0,0.5,293.0,1.1583333333333334,1.0666666666666669,3.783333333333333,46.0,60.0,56.0,13.125,0.0,88.0,0.09,0.02,68.0,69.0,72.0
2019-08-23,,,,,,,,,,,,,,,,0.0,,,,,
2019-08-24,,,,,,,,,,,,,,,,0.0,,,,,
2019-08-25,,,,,,,,,,,,,,,,0.0,,,,,
2019-08-26,,,,,,,,,,,,,,,,0.0,,,,,
2019-08-27,,,,,,,,,,,,,,,,157.0,,,,,
2019-08-28,24.041666666666668,30.85833333333333,5.158333333333333,6.816666666666666,76.0,27.0,236.0,1.3166666666666669,1.2583333333333333,2.583333333333333,51.0,60.125,55.0,13.0,0.0,665.0,-0.58,-0.24,59.0,63.0,26.0
2019-08-29,23.30888888888889,30.892222222222223,6.525,7.583333333333333,86.0,7.0,367.0,1.9666666666666663,1.3333333333333333,3.225,48.0,53.75,68.0,12.875,0.0,57.0,-0.33,-0.31,78.0,76.0,66.0
2019-08-30,23.591666666666665,30.208333333333336,5.725,6.616666666666666,87.0,19.0,254.0,1.8916666666666664,0.625,3.208333333333333,46.0,54.0,55.0,13.125,0.0,7447.0,-0.13,-0.16,73.0,70.0,80.0
2019-08-31,23.25111111111111,30.48444444444445,6.383333333333334,7.233333333333333,88.0,4.5,313.0,1.425,1.575,3.3833333333333333,46.0,56.375,50.0,13.125,0.0,1784.0,-0.23,-0.06,77.0,71.0,62.0
2019-09-01,23.399722222222223,31.683055555555555,7.575,8.283333333333333,91.0,17.0,374.0,2.7666666666666666,1.225,3.583333333333333,47.0,53.625,66.0,13.125,0.0,32.0,1.52,0.62,86.0,63.0,82.0
2019-09-02,23.541666666666668,30.508333333333333,6.358333333333333,6.966666666666667,91.0,2.5,215.0,2.0416666666666665,1.5,2.816666666666667,46.0,56.125,52.0,13.25,0.0,112.0,-0.63,0.42,79.0,82.0,73.0
2019-09-03,,,,,,,,,,,,,,,,93.0,,,,,
2019-09-04,23.567777777777778,31.16777777777778,6.566666666666666,7.6,86.0,3.0,287.0,1.8,1.1416666666666666,3.625,48.0,57.0,58.0,13.25,0.0,170.0,-0.08,0.11,72.0,81.0,49.0
2019-09-05,23.749722222222225,30.816388888888888,6.575,7.066666666666666,93.0,4.5,345.0,1.2166666666666666,1.45,3.908333333333333,52.0,58.75,39.0,13.875,0.0,353.0,-0.37,-0.21,79.0,77.0,73.0
2019-09-06,23.703888888888887,31.30388888888889,6.45,7.6,85.0,2.5,293.0,1.3333333333333333,1.1583333333333334,3.9583333333333335,49.0,60.5,52.0,13.5,0.0,16.0,0.04,-0.06,73.0,78.0,74.0
2019-09-07,24.36777777777778,31.35111111111111,5.875,6.983333333333333,84.0,15.5,220.0,1.925,0.975,2.975,52.0,55.875,58.0,13.0,0.0,185.0,-0.28,-0.08,73.0,73.0,78.0
2019-09-08,,,,,,,,,,,,,,,,0.0,,,,,
2019-09-09,,,,,,,,,,,,,,,,106.0,,,,,
2019-09-10,25.20805555555556,31.00805555555556,5.341666666666667,5.8,92.0,3.5,224.0,1.9333333333333331,0.9333333333333332,2.475,46.0,51.625,68.0,12.375,0.0,88.0,0.91,0.34,68.0,63.0,77.0
2019-09-11,22.95888888888889,30.70888888888889,6.491666666666666,7.75,84.0,5.0,251.0,1.3416666666666666,1.1166666666666667,4.033333333333333,48.0,57.375,50.0,12.75,0.0,146.0,0.51,0.6,76.0,76.0,71.0
2019-09-12,23.792222222222225,30.592222222222222,6.216666666666667,6.8,91.0,17.0,295.0,1.7083333333333333,1.1166666666666667,3.3916666666666666,46.0,52.5,74.0,12.625,0.0,887.0,0.01,0.49,77.0,81.0,70.0
2019-09-13,24.475555555555555,30.592222222222222,5.5,6.116666666666666,90.0,13.5,300.0,1.9,1.025,2.575,50.0,56.375,61.0,12.625,0.0,1100.0,3.85,1.75,72.0,74.0,68.0
2019-09-14,,,,,,,,,,,,,,,,8.0,,,,,
2019-09-15,22.744722222222222,30.56138888888889,6.65,7.816666666666666,85.0,2.5,346.0,1.775,1.6,3.275,47.0,56.125,75.0,13.25,0.0,252.0,-0.27,1.53,78.0,84.0,62.0
2019-09-16,22.895555555555557,30.612222222222226,6.866666666666666,7.716666666666667,89.0,13.5,263.0,2.808333333333333,1.4,2.658333333333333,46.0,51.625,77.0,12.875,0.0,500.0,0.41,0.92,85.0,83.0,80.0
2019-09-17,23.128611111111116,30.661944444444444,6.958333333333333,7.533333333333333,92.0,3.0,340.0,1.0916666666666666,1.85,4.016666666666667,52.0,61.375,49.0,13.375,0.0,185.0,0.4,0.37,80.0,75.0,65.0
2019-09-18,24.149444444444445,30.61611111111111,5.725,6.466666666666667,89.0,0.5,331.0,1.0166666666666666,0.6666666666666666,4.041666666666667,52.0,68.0,38.0,13.25,0.0,361.0,0.41,0.52,60.0,66.0,26.0
2019-09-19,22.13805555555556,30.154722222222222,6.933333333333334,8.016666666666667,86.0,21.5,295.0,1.7333333333333334,1.9,3.3,47.0,53.5,65.0,13.25,0.0,43.0,-0.06,0.35,84.0,90.0,76.0
2019-09-20,22.789166666666667,30.20583333333333,6.258333333333334,7.416666666666667,84.0,5.0,321.0,1.4583333333333333,1.325,3.475,50.0,59.125,52.0,13.125,0.0,386.0,-0.19,0.11,76.0,81.0,71.0
2019-09-21,22.10833333333333,29.825,6.933333333333334,7.716666666666667,90.0,7.0,328.0,1.5166666666666666,1.525,3.8916666666666666,52.0,58.375,60.0,13.125,0.0,861.0,0.1,0.07,82.0,78.0,69.0
2019-09-22,,,,,,,,,,,,,,,,38.0,,,,,
2019-09-23,21.679722222222225,29.913055555555555,7.458333333333333,8.233333333333333,91.0,14.0,323.0,1.9,1.4916666666666667,4.066666666666666,51.0,58.625,57.0,13.375,0.0,1354.0,0.08,0.16,88.0,89.0,76.0
2019-09-24,22.85805555555556,30.09138888888889,5.783333333333333,7.233333333333333,80.0,0.5,265.0,1.2916666666666667,1.0083333333333333,3.4833333333333334,46.0,59.375,75.0,13.125,0.0,191.0,1.04,0.6,67.0,62.0,57.0
2019-09-25,25.674722222222226,30.59138888888889,4.525,4.916666666666667,92.0,8.0,227.0,1.2333333333333334,0.8833333333333333,2.408333333333333,50.0,55.125,65.0,13.125,0.0,7095.0,-0.04,0.55,61.0,68.0,57.0
2019-09-26,,,,,,,,,,,,,,,,0.0,,,,,
2019-09-27,,,,,,,,,,,,,,,,2096.0,,,,,
2019-09-28,23.233611111111117,31.23361111111111,7.208333333333333,8.0,90.0,15.0,365.0,2.216666666666667,1.1,3.8916666666666666,48.0,55.375,76.0,12.75,0.0,1095.0,-0.36,0.2,83.0,88.0,68.0
2019-09-29,,,,,,,,,,,,,,,,0.0,,,,,
2019-09-30,,,,,,,,,,,,,,,,9727.0,,,,,
2019-10-01,,,,,,,,,,,,,,,,520.0,,,,,
2019-10-02,24.274722222222223,29.34138888888889,4.958333333333333,5.066666666666666,98.0,0.5,219.0,1.5833333333333333,1.35,2.025,60.0,65.75,38.0,13.125,0.0,8308.0,0.31,0.26,72.0,57.0,86.0
2019-10-03,23.247777777777777,31.96444444444445,8.041666666666666,8.716666666666667,92.0,14.0,290.0,2.5,2.1333333333333333,3.408333333333333,54.0,61.875,51.0,12.25,0.0,1583.0,-0.01,0.31,92.0,77.0,86.0
2019-10-04,,,,,,,,,,,,,,,,1337.0,,,,,
2019-10-05,,,,,,,,,,,,,,,,0.0,,,,,
2019-10-06,,,,,,,,,,,,,,,,434.0,,,,,
2019-10-07,24.35805555555556,29.441388888888888,4.066666666666666,5.083333333333333,80.0,12.5,236.0,0.775,0.9166666666666666,2.375,54.0,64.125,51.0,13.375,0.0,178.0,0.04,0.21,55.0,51.0,44.0
2019-10-08,,,,,,,,,,,,,,,,0.0,,,,,
2019-10-09,,,,,,,,,,,,,,,,0.0,,,,,
2019-10-10,,,,,,,,,,,,,,,,0.0,,,,,
2019-10-11,,,,,,,,,,,,,,,,45.0,,,,,
2019-10-12,,,,,,,,,,,,,,,,241.0,,,,,
2019-10-13,,,,,,,,,,,,,,,,200.0,,,,,
2019-10-14,,,,,,,,,,,,,,,,0.0,,,,,
2019-10-15,,,,,,,,,,,,,,,,355.0,,,,,
2019-10-16,,,,,,,,,,,,,,,,451.0,,,,,
2019-10-17,,,,,,,,,,,,,,,,95.0,,,,,
2019-10-18,,,,,,,,,,,,,,,,0.0,,,,,
2019-10-19,,,,,,,,,,,,,,,,0.0,,,,,
2019-10-20,,,,,,,,,,,,,,,,0.0,,,,,
2019-10-21,,,,,,,,,,,,,,,,0.0,,,,,
2019-10-22,,,,,,,,,,,,,,,,0.0,,,,,
2019-10-23,,,,,,,,,,,,,,,,0.0,,,,,
2019-10-24,,,,,,,,,,,,,,,,0.0,,,,,
2019-10-25,,,,,,,,,,,,,,,,0.0,,,,,
2019-10-26,,,,,,,,,,,,,,,,0.0,,,,,
2019-10-27,,,,,,,,,,,,,,,,0.0,,,,,
2019-10-28,,,,,,,,,,,,,,,,0.0,,,,,
2019-10-29,,,,,,,,,,,,,,,,0.0,,,,,
2019-10-30,22.87305555555556,31.75638888888889,7.325,8.883333333333333,82.0,6.0,362.0,0.8166666666666667,1.925,4.583333333333333,60.0,68.25,30.0,13.75,0.0,1556.0,0.13,0.2,77.0,67.0,52.0
2019-10-31,22.14388888888889,31.210555555555555,7.55,9.066666666666666,83.0,16.5,337.0,1.0833333333333333,1.9583333333333333,4.508333333333334,58.0,67.375,33.0,13.25,0.0,137.0,0.38,0.35,83.0,72.0,59.0
2019-11-01,23.049444444444447,31.066111111111116,7.35,8.016666666666667,92.0,7.0,277.0,2.6666666666666665,2.175,2.5083333333333333,52.0,57.375,58.0,12.625,0.0,7.0,0.01,0.33,86.0,89.0,66.0
2019-11-02,23.3225,30.789166666666667,6.458333333333333,7.466666666666667,86.0,3.0,304.0,0.8833333333333333,1.4083333333333334,4.166666666666667,54.0,61.125,48.0,12.625,0.2583333333333333,10368.0,0.14,0.29,72.0,72.0,54.0
2019-11-03,23.56833333333333,31.901666666666667,6.958333333333333,8.333333333333334,84.0,12.0,297.0,2.183333333333333,1.3,3.475,51.0,56.5,58.0,12.125,0.0,1951.0,-0.17,0.14,77.0,82.0,60.0
2019-11-04,22.733888888888888,31.83388888888889,7.333333333333333,9.1,81.0,9.0,363.0,1.6333333333333333,1.35,4.35,49.0,57.25,64.0,13.125,0.0,217.0,-0.08,0.08,79.0,92.0,52.0
2019-11-05,23.26722222222222,30.733888888888888,6.366666666666666,7.466666666666667,85.0,15.0,204.0,1.8583333333333332,1.3416666666666666,3.1666666666666665,50.0,55.875,55.0,13.0,0.0,141.0,0.01,0.09,79.0,88.0,71.0
2019-11-06,24.1225,31.0725,5.7,6.95,82.0,0.5,274.0,1.5166666666666666,1.0,3.183333333333333,56.0,63.25,48.0,12.5,0.0,162.0,,0.14,61.0,63.0,26.0
2019-11-07,23.59611111111111,30.579444444444444,6.391666666666667,6.983333333333333,92.0,3.5,250.0,1.55,1.675,3.1666666666666665,47.0,54.125,68.0,12.875,0.0,62.0,-0.26,0.04,78.0,87.0,64.0
2019-11-08,22.792222222222225,30.892222222222223,7.125,8.1,88.0,5.0,328.0,1.6833333333333331,1.5333333333333334,3.908333333333333,50.0,56.875,55.0,12.25,0.0,498.0,-0.15,-0.02,79.0,82.0,51.0
2019-11-09,23.196944444444444,32.746944444444445,7.7,9.55,81.0,7.0,356.0,1.475,1.75,4.475,52.0,59.875,55.0,13.125,0.0,257.0,0.22,0.11,81.0,84.0,58.0
2019-11-10,23.860833333333336,30.844166666666663,5.283333333333333,6.983333333333333,76.0,19.0,254.0,1.4583333333333333,0.5166666666666667,3.308333333333333,49.0,56.625,68.0,13.25,0.0,220.0,-0.32,0.08,63.0,77.0,53.0
2019-11-11,21.44333333333333,30.326666666666668,7.391666666666667,8.883333333333333,83.0,39.0,266.0,1.4083333333333334,1.0666666666666669,4.916666666666667,48.0,54.875,55.0,13.375,0.0,123.0,0.37,0.24,75.0,82.0,65.0
2019-11-12,23.585833333333333,31.585833333333333,6.483333333333333,8.0,81.0,46.5,327.0,0.4833333333333333,1.7166666666666666,4.283333333333333,53.0,62.875,36.0,13.125,0.0,37.0,-0.03,0.24,61.0,62.0,53.0
2019-11-13,22.854166666666668,30.254166666666663,6.875,7.4,93.0,8.0,289.0,2.55,0.9416666666666668,3.3833333333333333,45.0,49.625,68.0,12.5,0.0,254.0,-0.37,0.08,81.0,88.0,79.0
2019-11-14,22.816111111111116,30.91611111111111,6.583333333333333,8.1,81.0,14.5,309.0,1.5,1.4083333333333334,3.675,48.0,54.375,60.0,13.0,0.0,169.0,-0.19,-0.05,78.0,88.0,58.0
2019-11-15,23.18638888888889,30.786388888888887,6.283333333333333,7.6,83.0,4.5,284.0,1.3333333333333333,1.2583333333333333,3.691666666666667,48.0,60.875,57.0,13.375,0.0,109.0,-0.24,-0.06,73.0,84.0,59.0
2019-11-16,23.076666666666668,30.593333333333334,6.1,7.516666666666667,81.0,4.0,280.0,1.8333333333333333,0.6916666666666667,3.575,47.0,57.625,62.0,13.5,0.0,77.0,0.15,0.1,69.0,77.0,59.0
2019-11-17,22.6075,30.324166666666667,6.166666666666667,7.716666666666667,80.0,18.0,319.0,1.35,0.775,4.041666666666667,48.0,59.75,58.0,13.25,0.0,712.0,0.24,0.28,71.0,82.0,56.0
2019-11-18,22.665555555555557,30.682222222222222,6.55,8.016666666666667,82.0,26.5,252.0,1.6416666666666666,1.6333333333333333,3.275,47.0,56.375,61.0,13.375,0.0,436.0,,0.39,75.0,84.0,53.0
2019-11-19,23.159166666666664,30.32583333333333,5.516666666666667,7.166666666666667,77.0,8.5,239.0,1.5916666666666666,1.3083333333333331,2.6166666666666667,47.0,58.5,58.0,13.25,0.0,76.0,0.04,0.29,72.0,76.0,76.0
2019-11-20,22.462777777777777,30.84611111111111,6.408333333333333,8.383333333333333,76.0,1.5,212.0,1.7166666666666666,1.4583333333333333,3.2333333333333334,47.0,57.875,60.0,13.375,0.0,461.0,-0.15,0.12,75.0,83.0,75.0
2019-11-21,23.799166666666668,30.7325,5.783333333333333,6.933333333333334,83.0,2.0,232.0,0.6583333333333333,1.4416666666666669,3.683333333333333,66.0,71.625,18.0,13.625,0.0,151.0,0.04,0.14,65.0,48.0,60.0
2019-11-22,24.983888888888888,30.13388888888889,4.858333333333333,5.15,94.0,0.5,195.0,1.7,0.8166666666666667,2.341666666666667,49.0,57.5,48.0,12.5,0.0,29.0,-0.29,0.04,64.0,70.0,64.0
2019-11-23,,,,,,,,,,,,,,,,0.0,,,,,
2019-11-24,,,,,,,,,,,,,,,,7.0,,,,,
2019-11-25,26.066666666666663,31.03333333333333,4.033333333333333,4.966666666666667,81.0,2.5,140.0,1.75,0.7,1.5833333333333333,49.0,55.875,42.0,12.75,0.0,134.0,-0.29,-0.05,56.0,60.0,73.0
2019-11-26,22.48333333333333,30.066666666666663,6.55,7.583333333333333,86.0,5.5,267.0,0.9916666666666668,1.55,4.008333333333334,60.0,70.125,28.0,13.5,0.0,341.0,0.39,0.15,75.0,54.0,61.0
2019-11-27,23.765833333333333,30.36583333333333,5.883333333333334,6.6,89.0,7.0,293.0,1.475,1.1,3.308333333333333,50.0,57.125,52.0,12.25,0.0,495.0,0.1,0.29,71.0,71.0,52.0
2019-11-28,23.099722222222223,30.333055555555557,6.741666666666666,7.233333333333333,93.0,4.0,253.0,1.1333333333333333,1.475,4.133333333333334,52.0,57.75,41.0,13.0,0.0,126.0,0.08,0.28,79.0,68.0,73.0
2019-11-29,22.233611111111117,30.28361111111111,7.291666666666667,8.05,91.0,3.0,288.0,1.5833333333333333,1.8583333333333332,3.85,52.0,58.25,49.0,13.375,0.0,143.0,0.14,0.24,83.0,78.0,63.0
2019-11-30,,,,,,,,,,,,,,,,33.0,,,,,
2019-12-01,23.725277777777777,30.825277777777774,6.141666666666667,7.1,87.0,22.0,211.0,1.45,1.6333333333333333,3.058333333333333,54.0,59.625,40.0,13.25,0.0,25.0,-0.29,0.01,77.0,72.0,66.0
2019-12-02,23.55,30.683333333333334,5.733333333333333,7.133333333333334,80.0,3.0,239.0,1.9583333333333333,0.75,3.025,46.0,55.625,48.0,12.875,0.0,260.0,-0.05,,67.0,78.0,60.0
2019-12-03,22.506666666666668,30.756666666666668,6.725,8.25,82.0,11.0,258.0,1.7416666666666667,1.3916666666666666,3.591666666666667,47.0,56.5,64.0,13.625,0.0,350.0,,0.04,79.0,84.0,64.0
2019-12-04,22.93,30.78,6.091666666666667,7.85,78.0,19.0,253.0,0.6583333333333333,1.4333333333333331,4.0,56.0,65.0,26.0,13.375,0.0,234.0,0.14,0.25,67.0,57.0,43.0
2019-12-05,22.666666666666668,30.75,7.216666666666667,8.083333333333334,89.0,2.0,323.0,1.2,1.8333333333333333,4.183333333333334,48.0,56.0,44.0,13.5,0.0,39.0,-0.19,0.15,80.0,87.0,58.0
2019-12-06,23.91805555555556,30.31805555555556,6.083333333333333,6.4,95.0,4.5,279.0,0.95,1.65,3.4833333333333334,63.0,68.25,23.0,13.5,0.0,148.0,0.03,0.14,76.0,56.0,79.0
2019-12-07,23.72277777777777,30.672777777777775,6.483333333333333,6.95,93.0,0.5,211.0,1.5333333333333334,1.675,3.275,61.0,75.125,21.0,14.625,1.85,360.0,0.38,0.3,80.0,60.0,79.0
2019-12-08,23.289166666666667,30.389166666666668,5.483333333333333,7.1,77.0,74.0,252.0,1.3416666666666666,1.425,2.716666666666667,51.0,58.5,46.0,13.375,0.0,43.0,0.1,0.38,61.0,64.0,61.0
2019-12-09,20.797222222222224,30.76388888888889,8.941666666666666,9.966666666666669,90.0,4.5,387.0,1.5916666666666666,2.475,4.875,49.0,56.875,50.0,13.625,0.0,73.0,0.03,0.3,91.0,93.0,61.0
2019-12-10,21.8725,30.355833333333333,7.066666666666666,8.483333333333333,83.0,5.0,244.0,1.825,1.4083333333333334,3.8333333333333335,48.0,54.375,47.0,13.125,0.0,214.0,0.06,0.21,80.0,90.0,66.0
2019-12-11,23.671666666666667,31.221666666666668,6.675,7.55,88.0,14.0,312.0,1.3583333333333334,2.091666666666667,3.225,52.0,59.25,39.0,13.25,0.0,7.0,0.13,0.23,82.0,84.0,68.0
2019-12-12,22.528055555555557,30.078055555555554,6.591666666666667,7.55,87.0,9.0,304.0,0.8,1.775,4.016666666666667,55.0,66.375,39.0,14.0,0.0,128.0,0.16,0.28,75.0,67.0,56.0
2019-12-13,24.433888888888887,30.75055555555556,5.225,6.316666666666666,83.0,4.0,173.0,1.4,0.9583333333333334,2.8666666666666667,52.0,62.25,45.0,13.0,0.0,71.0,0.07,0.27,63.0,63.0,46.0
2019-12-14,22.992222222222225,30.75888888888889,7.191666666666666,7.766666666666667,93.0,6.0,247.0,1.8916666666666664,1.95,3.35,49.0,58.875,53.0,13.375,0.0,46.0,0.14,0.27,85.0,80.0,68.0
2019-12-15,22.67666666666667,30.676666666666662,6.983333333333333,8.0,87.0,16.5,283.0,1.3916666666666666,1.6666666666666667,3.925,51.0,57.625,54.0,13.5,0.0,227.0,0.1,0.27,83.0,82.0,60.0
2019-12-16,22.61055555555556,31.043888888888887,6.041666666666667,8.433333333333334,72.0,18.0,254.0,1.4,1.05,3.591666666666667,50.0,57.0,48.0,13.0,0.0,229.0,-0.09,0.19,72.0,77.0,70.0
2019-12-17,23.16638888888889,30.44972222222222,5.883333333333334,7.283333333333333,81.0,4.5,258.0,1.6166666666666667,1.0583333333333331,3.208333333333333,49.0,53.625,51.0,13.5,0.0,1541.0,0.05,0.16,71.0,76.0,64.0
2019-12-18,24.63388888888889,30.81722222222222,5.708333333333333,6.183333333333334,92.0,4.0,215.0,1.7,1.6833333333333331,2.325,54.0,59.375,39.0,12.875,0.0,72.0,-0.22,0.07,77.0,68.0,90.0
2019-12-19,,,,,,,,,,,,,,,,77.0,,,,,
2019-12-20,,,,,,,,,,,,,,,,0.0,,,,,
2019-12-21,,,,,,,,,,,,,,,,69.0,,,,,
2019-12-22,,,,,,,,,,,,,,,,0.0,,,,,
2019-12-23,,,,,,,,,,,,,,,,0.0,,,,,
2019-12-24,,,,,,,,,,,,,,,,23.0,,,,,
2019-12-25,,,,,,,,,,,,,,,,0.0,,,,,
2019-12-26,,,,,,,,,,,,,,,,14.0,,,,,
2019-12-27,,,,,,,,,,,,,,,,0.0,,,,,
2019-12-28,,,,,,,,,,,,,,,,0.0,,,,,
2019-12-29,,,,,,,,,,,,,,,,0.0,,,,,
2019-12-30,,,,,,,,,,,,,,,,0.0,,,,,
2019-12-31,,,,,,,,,,,,,,,,0.0,,,,,
2020-01-01,,,,,,,,,,,,,,,,0.0,,,,,
2020-01-02,,,,,,,,,,,,,,,,7.0,,,,,
2020-01-03,23.54388888888889,32.04388888888889,6.45,8.5,76.0,6.5,253.0,1.9333333333333331,1.5833333333333333,2.933333333333333,49.0,58.75,40.0,13.375,0.0,2638.0,0.07,0.11,73.0,68.0,60.0
2020-01-04,22.5675,31.800833333333333,7.175,9.233333333333333,78.0,26.5,297.0,1.4666666666666666,1.6166666666666667,4.091666666666667,48.0,59.0,66.0,13.625,0.0,259.0,0.13,0.19,80.0,85.0,71.0
2020-01-05,25.39583333333333,30.7125,4.55,5.316666666666666,86.0,6.0,171.0,1.0833333333333333,0.6916666666666667,2.775,52.0,60.0,46.0,13.5,0.0,155.0,-0.19,0.15,57.0,53.0,60.0
2020-01-06,24.78388888888889,31.63388888888889,5.866666666666666,6.85,86.0,12.0,169.0,1.8083333333333331,1.2416666666666667,2.816666666666667,52.0,59.0,45.0,12.375,0.0,93.0,-0.22,0.01,71.0,63.0,66.0
2020-01-07,,,,,,,,,,,,,,,,63.0,,,,,
2020-01-08,22.450555555555557,31.467222222222222,7.25,9.016666666666667,80.0,9.5,204.0,1.0666666666666669,2.091666666666667,4.091666666666667,56.0,67.125,30.0,13.625,0.0,7618.0,0.6,0.27,82.0,61.0,71.0
2020-01-09,23.26722222222222,30.81722222222222,6.216666666666667,7.55,82.0,18.0,235.0,1.475,1.4166666666666667,3.325,53.0,63.75,38.0,13.875,0.0,351.0,0.17,0.42,76.0,70.0,67.0
2020-01-10,,,,,,,,,,,,,,,,25.0,,,,,
2020-01-11,,,,,,,,,,,,,,,,61.0,,,,,
2020-01-12,,,,,,,,,,,,,,,,342.0,,,,,
2020-01-13,,,,,,,,,,,,,,,,0.0,,,,,
2020-01-14,,,,,,,,,,,,,,,,5262.0,,,,,
2020-01-15,24.814166666666665,30.63083333333333,4.55,5.816666666666666,78.0,47.5,233.0,0.2666666666666666,0.8916666666666667,3.3916666666666666,58.0,68.0,30.0,13.75,0.0,646.0,0.59,0.59,43.0,46.0,45.0
2020-01-16,22.90722222222222,31.657222222222224,8.341666666666667,8.75,95.0,4.0,287.0,1.8166666666666669,2.1333333333333333,4.391666666666667,52.0,59.875,42.0,13.625,0.0,87.0,0.37,0.6,89.0,77.0,68.0
2020-01-17,22.78333333333333,27.566666666666663,4.358333333333333,4.783333333333333,91.0,4.0,177.0,0.925,1.0833333333333333,2.35,55.0,61.625,33.0,13.625,0.0,674.0,0.41,0.62,61.0,54.0,55.0
2020-01-18,23.151666666666664,30.601666666666667,6.225,7.45,84.0,5.0,189.0,1.6083333333333334,1.125,3.4916666666666667,50.0,59.375,40.0,13.875,0.0,485.0,0.27,0.55,74.0,73.0,69.0
2020-01-19,21.904166666666665,30.504166666666663,7.8,8.6,91.0,2.5,227.0,1.225,2.5,4.075,52.0,62.25,32.0,13.875,0.0,241.0,0.29,0.52,87.0,76.0,72.0
2020-01-20,,,,,,,,,,,,,,,,653.0,,,,,
2020-01-21,23.35138888888889,31.668055555555554,7.275,8.316666666666666,87.0,7.0,289.0,1.1916666666666669,1.8916666666666664,4.191666666666666,54.0,62.5,34.0,13.625,0.0,368.0,,0.39,81.0,68.0,66.0
2020-01-22,25.724722222222223,30.32472222222222,4.05,4.6,88.0,7.5,148.0,1.4916666666666667,0.775,1.7833333333333334,54.0,63.0,35.0,13.0,0.0,7503.0,0.05,0.3,60.0,56.0,72.0
2020-01-23,,,,,,,,,,,,,,,,6417.0,,,,,
2020-01-24,,,,,,,,,,,,,,,,267.0,,,,,
2020-01-25,22.105833333333333,30.139166666666668,7.116666666666666,8.033333333333333,89.0,5.5,253.0,1.3,2.533333333333333,3.283333333333333,51.0,57.0,43.0,14.0,0.0,56.0,-0.21,0.06,84.0,85.0,68.0
2020-01-26,21.540000000000003,30.006666666666668,7.983333333333333,8.466666666666667,94.0,3.0,259.0,1.4333333333333331,2.1416666666666666,4.408333333333333,53.0,59.375,31.0,14.25,0.0,768.0,0.14,0.14,90.0,82.0,78.0
2020-01-27,21.727777777777774,30.194444444444443,7.7,8.466666666666667,91.0,7.5,327.0,1.0416666666666667,2.5416666666666665,4.116666666666666,51.0,58.5,45.0,13.5,0.0,258.0,-0.01,0.18,85.0,88.0,66.0
2020-01-28,22.104722222222225,30.238055555555555,7.458333333333333,8.133333333333333,92.0,5.0,271.0,1.7333333333333334,2.2416666666666667,3.4833333333333334,52.0,59.125,36.0,13.75,0.0,1489.0,-0.47,,87.0,89.0,76.0
2020-01-29,22.38,30.696666666666665,7.441666666666666,8.316666666666666,89.0,5.0,357.0,1.7083333333333333,1.875,3.858333333333333,53.0,57.25,39.0,13.0,0.0,7.0,-0.1,-0.06,85.0,88.0,66.0
2020-01-30,22.183888888888887,31.467222222222222,8.475,9.283333333333331,91.0,7.0,263.0,2.125,2.525,3.825,49.0,52.625,52.0,12.75,0.0,31.0,-0.31,-0.1,95.0,97.0,89.0
2020-01-31,23.176111111111112,30.54277777777778,6.108333333333333,7.366666666666666,83.0,10.5,206.0,1.625,0.9416666666666668,3.5416666666666665,54.0,65.0,35.0,14.125,0.0,642.0,0.07,0.03,74.0,80.0,70.0
2020-02-01,24.413611111111116,30.963611111111117,5.6,6.55,85.0,3.0,252.0,1.125,1.0916666666666666,3.3833333333333333,46.0,52.625,56.0,13.375,0.0,119.0,-0.19,0.03,66.0,78.0,59.0
2020-02-02,24.4625,30.879166666666663,5.05,6.416666666666667,79.0,14.5,224.0,1.0583333333333331,0.6333333333333333,3.3583333333333334,47.0,55.625,55.0,13.75,0.0,154.0,-0.4,-0.07,62.0,70.0,59.0
2020-02-03,22.189444444444444,30.272777777777776,7.15,8.083333333333334,88.0,3.5,339.0,1.9583333333333333,1.7583333333333333,3.433333333333333,47.0,56.5,64.0,13.375,0.0,81.0,-0.07,-0.08,82.0,79.0,59.0
2020-02-04,22.473611111111108,30.72361111111111,6.941666666666666,8.25,84.0,10.5,215.0,1.5583333333333331,1.8,3.583333333333333,50.0,55.25,47.0,13.0,0.0,45.0,0.04,0.04,83.0,84.0,66.0
2020-02-05,23.04305555555556,30.709722222222226,6.7,7.666666666666667,87.0,10.0,258.0,1.85,1.6583333333333334,3.191666666666667,46.0,52.625,68.0,12.875,0.0,43.0,-0.52,-0.07,80.0,83.0,61.0
2020-02-06,22.129166666666663,30.1125,7.266666666666667,7.983333333333333,91.0,14.0,287.0,1.475,1.75,4.041666666666667,50.0,54.0,51.0,12.875,0.0,148.0,-0.27,-0.19,86.0,86.0,64.0
2020-02-07,23.534722222222225,30.551388888888887,6.025,7.016666666666667,86.0,4.0,146.0,1.875,0.8916666666666667,3.2583333333333333,50.0,57.0,52.0,13.0,0.0,446.0,0.08,-0.06,73.0,72.0,73.0
2020-02-08,25.35083333333333,30.35083333333333,4.225,5.0,85.0,3.5,205.0,1.1916666666666669,0.3333333333333333,2.7,49.0,74.75,69.0,15.0,0.0,1776.0,-0.52,-0.12,53.0,62.0,49.0
2020-02-09,22.034166666666668,30.9675,8.258333333333333,8.933333333333334,92.0,10.0,293.0,2.183333333333333,1.7333333333333334,4.341666666666667,47.0,52.125,59.0,12.375,0.0,22.0,-0.03,-0.1,92.0,85.0,78.0
2020-02-10,23.703333333333333,30.72,5.525,7.016666666666667,79.0,2.5,245.0,1.1,0.7166666666666667,3.7083333333333335,50.0,65.875,71.0,13.875,0.0,49.0,0.21,0.06,63.0,63.0,60.0
2020-02-11,22.24194444444445,29.891944444444444,6.108333333333333,7.65,80.0,16.5,269.0,1.825,1.375,2.908333333333333,48.0,55.625,55.0,13.125,0.0,122.0,-0.13,0.14,74.0,76.0,56.0
2020-02-12,22.47972222222222,30.56305555555556,6.383333333333334,8.083333333333334,79.0,6.0,231.0,2.225,1.275,2.8833333333333333,45.0,53.75,80.0,13.25,0.0,130.0,-0.17,0.05,76.0,72.0,73.0
2020-02-13,23.741666666666667,29.90833333333333,5.566666666666666,6.166666666666667,90.0,3.0,175.0,1.0416666666666667,1.6166666666666667,2.908333333333333,53.0,59.375,44.0,13.25,0.0,83.0,0.26,0.15,73.0,60.0,72.0
2020-02-14,23.42555555555556,30.20888888888889,5.8,6.783333333333333,86.0,2.0,217.0,1.1166666666666667,1.6583333333333334,3.025,50.0,62.625,51.0,13.875,0.0,177.0,0.11,0.26,72.0,71.0,64.0
2020-02-15,23.399166666666662,30.86583333333333,6.05,7.466666666666667,81.0,17.0,232.0,1.1416666666666666,1.525,3.3833333333333333,46.0,56.375,61.0,13.25,0.0,579.0,-0.08,0.21,75.0,69.0,66.0
2020-02-16,22.675833333333333,31.309166666666663,6.475,8.633333333333333,75.0,25.0,295.0,1.05,1.3333333333333333,4.091666666666667,51.0,59.375,50.0,13.375,0.0,601.0,0.02,0.15,71.0,68.0,59.0
2020-02-17,22.5725,30.389166666666668,5.625,7.816666666666666,72.0,14.0,268.0,1.0666666666666669,1.2416666666666667,3.316666666666667,49.0,59.25,51.0,13.75,0.0,112.0,-0.19,0.06,69.0,71.0,63.0
2020-02-18,22.91583333333333,30.41583333333333,6.783333333333333,7.5,90.0,3.5,247.0,1.4333333333333331,1.95,3.4,45.0,57.875,50.0,13.75,0.0,57.0,0.02,0.08,81.0,72.0,66.0
2020-02-19,23.883333333333333,30.516666666666666,5.733333333333333,6.633333333333334,86.0,0.5,189.0,1.375,1.1583333333333334,3.2,48.0,60.375,53.0,13.875,0.0,157.0,-0.02,0.11,70.0,72.0,66.0
2020-02-20,24.433888888888887,28.767222222222223,3.983333333333333,4.333333333333333,92.0,6.5,181.0,1.3,0.8666666666666667,1.8166666666666669,47.0,53.5,55.0,12.5,0.0333333333333333,1717.0,-0.56,-0.08,61.0,60.0,57.0
2020-02-21,,,,,,,,,,,,,,,,0.0,,,,,
2020-02-22,,,,,,,,,,,,,,,,0.0,,,,,
2020-02-23,,,,,,,,,,,,,,,,1461.0,,,,,
2020-02-24,23.900555555555552,31.13388888888889,6.341666666666667,7.233333333333333,88.0,5.0,220.0,1.8666666666666667,1.3,3.175,50.0,54.875,59.0,12.625,0.0,2564.0,-0.06,-0.11,77.0,82.0,81.0
2020-02-25,21.720555555555556,29.95388888888889,7.75,8.233333333333333,94.0,0.5,289.0,1.9166666666666667,1.6916666666666669,4.141666666666667,54.0,59.875,47.0,12.75,0.0,621.0,0.04,0.01,86.0,79.0,66.0
2020-02-26,22.190277777777776,30.20694444444445,7.133333333333334,8.016666666666667,89.0,1.5,297.0,1.225,1.6583333333333334,4.25,57.0,68.625,26.0,13.625,0.0,1022.0,0.46,0.32,80.0,58.0,62.0
2020-02-27,21.81194444444445,28.078611111111112,5.666666666666667,6.266666666666667,90.0,2.0,290.0,1.1416666666666666,0.8333333333333334,3.691666666666667,54.0,58.75,49.0,12.875,0.0,1205.0,0.07,0.36,67.0,65.0,58.0
2020-02-28,22.9525,31.019166666666667,7.166666666666667,8.066666666666666,89.0,3.0,243.0,1.6833333333333331,1.7416666666666667,3.7416666666666663,55.0,70.0,36.0,13.75,0.0,2331.0,0.12,0.32,83.0,69.0,69.0
2020-02-29,21.281666666666663,26.981666666666666,4.95,5.7,87.0,6.0,295.0,1.225,0.3916666666666666,3.333333333333333,51.0,56.375,58.0,13.5,0.0,2637.0,-0.15,0.15,60.0,67.0,45.0
2020-03-01,24.95833333333333,30.491666666666667,4.875,5.533333333333333,88.0,5.5,233.0,0.8916666666666667,0.7166666666666667,3.2666666666666666,55.0,61.625,40.0,13.25,0.0,162.0,0.1,0.15,58.0,57.0,54.0
2020-03-02,22.572777777777777,30.439444444444444,5.916666666666667,7.866666666666666,75.0,5.0,213.0,1.2083333333333333,0.975,3.733333333333333,46.0,58.625,58.0,13.5,0.0,71.0,0.27,0.27,68.0,70.0,65.0
2020-03-03,24.11694444444445,30.766944444444444,5.266666666666667,6.65,79.0,17.0,246.0,0.9666666666666668,0.8166666666666667,3.4833333333333334,52.0,56.75,43.0,13.25,0.0,134.0,-0.09,0.25,61.0,63.0,47.0
2020-03-04,24.10861111111111,30.575277777777774,5.683333333333334,6.466666666666667,88.0,2.0,221.0,1.1416666666666666,1.25,3.2916666666666665,57.0,66.25,28.0,13.625,0.0,379.0,0.11,0.22,69.0,52.0,63.0
2020-03-05,22.595277777777778,29.828611111111112,6.241666666666666,7.233333333333333,86.0,3.0,225.0,1.4166666666666667,1.65,3.175,51.0,61.25,44.0,13.125,0.0,52.0,0.04,0.18,77.0,65.0,66.0
2020-03-06,22.06722222222222,30.78388888888889,6.541666666666667,8.716666666666667,75.0,5.5,284.0,1.775,0.8583333333333333,3.908333333333333,46.0,54.0,69.0,12.875,0.0,461.0,-0.04,0.09,68.0,74.0,35.0
2020-03-07,22.39444444444445,30.727777777777774,6.616666666666666,8.333333333333334,79.0,12.0,239.0,1.3333333333333333,1.3833333333333333,3.9,50.0,58.375,53.0,13.625,0.0,93.0,0.11,0.13,77.0,75.0,65.0
2020-03-08,23.172777777777775,30.55611111111111,5.75,7.383333333333334,78.0,9.5,211.0,1.9416666666666669,0.8333333333333334,2.975,47.0,55.375,65.0,13.25,0.0,648.0,-0.04,0.13,69.0,76.0,62.0
2020-03-09,21.822222222222223,30.68888888888889,7.016666666666667,8.866666666666667,79.0,11.0,262.0,1.675,1.7666666666666666,3.575,46.0,54.25,68.0,13.0,0.0,175.0,-0.04,0.1,80.0,80.0,53.0
2020-03-10,23.96388888888889,30.530555555555555,5.891666666666667,6.566666666666666,90.0,5.5,223.0,1.65,1.05,3.191666666666667,50.0,57.625,52.0,13.375,0.0,92.0,0.27,0.2,70.0,70.0,49.0
2020-03-11,24.100555555555555,30.967222222222222,5.941666666666666,6.866666666666666,87.0,4.5,278.0,1.3333333333333333,1.075,3.533333333333333,48.0,57.625,53.0,13.125,0.0,306.0,0.05,0.21,70.0,72.0,58.0
2020-03-12,23.742222222222225,30.90888888888889,5.725,7.166666666666667,80.0,19.5,241.0,1.2416666666666667,1.0166666666666666,3.466666666666667,45.0,57.75,63.0,13.25,0.0,140.0,-0.26,0.04,69.0,75.0,64.0
2020-03-13,22.3875,31.104166666666664,7.4,8.716666666666667,85.0,3.0,288.0,1.3166666666666669,1.5083333333333333,4.575,47.0,58.25,61.0,13.625,0.0,7.0,-0.45,-0.16,82.0,84.0,67.0
2020-03-14,22.20111111111111,31.051111111111112,7.45,8.85,84.0,2.5,309.0,1.825,1.7833333333333334,3.841666666666667,48.0,57.125,58.0,13.25,0.0,264.0,0.02,-0.11,82.0,85.0,59.0
2020-03-15,22.72861111111111,30.811944444444443,6.866666666666666,8.083333333333334,85.0,2.0,252.0,2.025,1.2916666666666667,3.55,47.0,56.625,61.0,13.375,0.0,103.0,,0.02,77.0,83.0,64.0
2020-03-16,22.856944444444444,30.67361111111111,5.558333333333334,7.816666666666666,71.0,10.0,286.0,1.275,0.7666666666666667,3.5166666666666666,44.0,59.375,74.0,13.625,0.0,701.0,-0.01,0.1,62.0,76.0,35.0
2020-03-17,22.10027777777778,31.11694444444444,7.783333333333333,9.016666666666667,86.0,15.0,267.0,1.7166666666666666,1.6666666666666667,4.4,46.0,54.375,65.0,13.75,0.0,0.0,-0.08,0.06,88.0,90.0,66.0
2020-03-18,22.493333333333336,30.94333333333333,6.841666666666667,8.45,81.0,8.5,268.0,1.5583333333333331,1.3833333333333333,3.9,47.0,55.25,67.0,13.125,0.0,21.0,-0.21,-0.01,78.0,86.0,62.0
2020-03-19,22.421666666666667,30.221666666666668,5.908333333333333,7.8,76.0,40.0,246.0,1.5166666666666666,1.225,3.1666666666666665,47.0,54.0,59.0,13.375,0.0,21.0,-0.33,-0.13,66.0,80.0,57.0
2020-03-20,23.52833333333333,30.72833333333333,6.508333333333334,7.2,90.0,6.5,204.0,2.175,1.9333333333333331,2.4,47.0,53.375,57.0,13.75,0.0,73.0,-0.01,-0.09,85.0,88.0,89.0
2020-03-21,23.63138888888889,30.99805555555556,6.0,7.366666666666666,81.0,2.5,189.0,1.5333333333333334,1.475,2.9916666666666667,48.0,56.375,52.0,13.875,0.0,156.0,-0.51,-0.19,70.0,79.0,51.0
2020-03-22,21.97277777777777,31.30611111111111,7.225,9.333333333333334,77.0,25.5,282.0,1.0666666666666669,1.7916666666666667,4.366666666666666,50.0,58.125,55.0,13.75,0.0,166.0,-0.13,-0.18,78.0,80.0,64.0
2020-03-23,21.8375,30.620833333333334,6.866666666666666,8.783333333333333,78.0,10.0,271.0,1.1,1.45,4.316666666666666,45.0,56.125,63.0,13.625,0.0,417.0,-0.56,-0.31,74.0,81.0,46.0
2020-03-24,23.05888888888889,30.40888888888889,6.55,7.35,89.0,3.0,188.0,1.75,1.2666666666666666,3.533333333333333,47.0,57.125,51.0,14.0,0.0,266.0,0.17,-0.12,79.0,84.0,82.0
2020-03-25,24.239166666666662,31.639166666666668,5.825,7.4,79.0,12.0,202.0,1.3333333333333333,0.75,3.7416666666666663,46.0,61.0,55.0,13.75,0.0,171.0,-0.19,-0.06,68.0,79.0,68.0
2020-03-26,22.25722222222222,30.807222222222222,7.333333333333333,8.55,86.0,14.5,226.0,2.808333333333333,1.4666666666666666,3.058333333333333,43.0,50.75,60.0,13.0,0.0,110.0,0.06,0.03,86.0,81.0,74.0
2020-03-27,22.15611111111111,30.75611111111111,7.325,8.6,85.0,6.5,190.0,1.95,2.191666666666667,3.183333333333333,45.0,51.625,54.0,13.375,0.0,180.0,0.02,0.04,84.0,88.0,61.0
2020-03-28,22.09111111111111,30.691111111111116,7.233333333333333,8.6,84.0,5.0,236.0,1.7083333333333333,1.975,3.55,46.0,52.5,61.0,13.75,0.0,39.0,-0.16,0.01,84.0,88.0,76.0
2020-03-29,25.00555555555556,33.00555555555556,6.725,8.0,84.0,2.0,258.0,1.8083333333333331,1.0083333333333333,3.908333333333333,50.0,59.875,46.0,14.25,0.0,149.0,0.06,0.01,69.0,77.0,62.0
2020-03-30,22.328333333333333,31.011666666666667,6.641666666666667,8.683333333333334,76.0,3.5,255.0,2.1333333333333333,0.8083333333333333,3.7,43.0,54.75,72.0,13.5,0.0,389.0,-0.1,,70.0,78.0,49.0
2020-03-31,24.46305555555556,31.529722222222222,5.7,7.066666666666666,81.0,31.0,236.0,1.4083333333333334,1.0416666666666667,3.25,48.0,55.25,62.0,13.5,0.0,0.0,-0.16,-0.02,65.0,76.0,69.0
2020-04-01,22.738333333333333,30.83833333333333,6.55,8.1,81.0,14.0,182.0,1.3333333333333333,1.3166666666666669,3.9,45.0,54.875,51.0,13.875,0.0,180.0,-0.11,-0.04,79.0,84.0,70.0
2020-04-02,23.084444444444443,29.91777777777778,5.841666666666667,6.833333333333333,85.0,26.5,189.0,1.6583333333333334,1.3,2.8833333333333333,47.0,55.625,49.0,13.625,0.0,32.0,0.02,0.02,74.0,74.0,73.0
2020-04-03,22.362222222222226,31.27888888888889,7.158333333333333,8.916666666666666,80.0,9.5,265.0,1.5333333333333334,1.1666666666666667,4.458333333333333,49.0,59.5,47.0,13.875,0.0,90.0,0.39,0.24,80.0,76.0,69.0
2020-04-04,23.676944444444445,31.510277777777777,6.341666666666667,7.833333333333333,81.0,19.0,250.0,1.6083333333333334,1.4666666666666666,3.2666666666666666,46.0,56.25,54.0,13.5,0.0,87.0,0.3,0.38,74.0,75.0,63.0
2020-04-05,23.49416666666667,31.0775,6.133333333333334,7.583333333333333,81.0,15.5,281.0,0.5166666666666667,1.5,4.116666666666666,50.0,63.25,46.0,14.0,0.0,162.0,0.06,0.33,68.0,64.0,51.0
2020-04-06,22.195555555555558,30.79555555555556,7.108333333333333,8.6,83.0,4.0,326.0,1.5916666666666666,0.9666666666666668,4.55,48.0,56.625,51.0,13.375,0.0,51.0,-0.03,0.18,76.0,74.0,59.0
2020-04-07,22.43611111111111,30.90277777777778,6.875,8.466666666666667,81.0,2.5,319.0,1.9083333333333332,0.95,4.016666666666667,48.0,57.875,56.0,13.75,0.0,81.0,0.13,0.17,73.0,77.0,52.0
2020-04-08,23.344444444444445,31.36111111111111,6.825,8.016666666666667,85.0,4.0,341.0,1.3083333333333331,1.5583333333333331,3.9583333333333335,48.0,53.875,64.0,13.0,0.0,0.0,-0.15,0.1,76.0,80.0,59.0
2020-04-09,23.441388888888888,31.79138888888889,7.016666666666667,8.35,84.0,39.0,262.0,2.083333333333333,1.4916666666666667,3.441666666666667,47.0,51.125,63.0,13.625,0.0,200.0,0.23,0.17,75.0,82.0,72.0
2020-04-10,23.883333333333333,31.6,6.866666666666666,7.716666666666667,89.0,16.0,322.0,1.5333333333333334,1.375,3.9583333333333335,50.0,55.375,52.0,13.625,0.0,97.0,0.07,0.21,78.0,78.0,59.0
2020-04-11,23.35638888888889,30.856388888888887,6.808333333333334,7.5,91.0,11.5,248.0,2.2,1.3916666666666666,3.216666666666667,51.0,54.625,51.0,13.625,0.0,18.0,0.05,0.21,82.0,78.0,71.0
2020-04-12,23.75,30.916666666666668,6.741666666666666,7.166666666666667,94.0,4.0,214.0,2.1,1.3416666666666666,3.3,50.0,56.875,44.0,13.75,0.0,35.0,0.23,0.25,79.0,75.0,69.0
2020-04-13,24.27861111111111,31.411944444444444,6.083333333333333,7.133333333333334,85.0,3.0,242.0,1.8416666666666663,0.9666666666666668,3.275,49.0,59.375,66.0,13.625,0.0,406.0,0.13,0.28,69.0,77.0,65.0
2020-04-14,23.31388888888889,31.280555555555555,6.35,7.966666666666667,80.0,7.0,229.0,1.425,0.9083333333333332,4.016666666666667,42.0,57.5,77.0,13.875,0.0,49.0,0.01,0.21,71.0,72.0,66.0
2020-04-15,22.669444444444444,30.802777777777777,6.733333333333333,8.133333333333333,83.0,4.5,252.0,2.0416666666666665,0.9833333333333332,3.7083333333333335,45.0,53.375,71.0,13.5,0.0,279.0,-0.06,0.1,75.0,83.0,65.0
2020-04-16,23.08138888888889,31.314722222222223,6.991666666666666,8.233333333333333,85.0,6.0,270.0,2.15,1.6833333333333331,3.158333333333333,44.0,53.625,70.0,13.375,0.0,0.0,-0.14,0.02,81.0,86.0,66.0
2020-04-17,24.113611111111112,31.43027777777778,6.0,7.316666666666666,82.0,6.5,283.0,1.6583333333333334,0.85,3.4916666666666667,47.0,53.5,55.0,13.125,0.0,75.0,-0.05,0.03,67.0,78.0,57.0
2020-04-18,22.444444444444446,31.16111111111111,6.166666666666667,8.716666666666667,71.0,17.0,224.0,2.441666666666667,1.225,2.5,47.0,54.0,66.0,13.25,0.0,332.0,0.06,0.1,73.0,80.0,62.0
2020-04-19,23.140277777777776,31.256944444444443,7.3,8.116666666666667,90.0,2.5,308.0,1.4916666666666667,1.5333333333333334,4.275,45.0,53.375,63.0,13.0,0.0,25.0,0.14,0.2,82.0,81.0,70.0
2020-04-20,22.166666666666668,31.1,7.566666666666666,8.933333333333334,85.0,13.5,325.0,2.333333333333333,1.3,3.933333333333333,45.0,50.125,71.0,13.0,0.0,7.0,0.27,0.31,84.0,89.0,63.0
2020-04-21,23.29388888888889,30.627222222222223,6.65,7.333333333333333,91.0,3.0,226.0,2.033333333333333,1.45,3.1666666666666665,44.0,50.125,71.0,13.125,0.0,69.0,0.22,0.37,79.0,81.0,69.0
2020-04-22,23.68888888888889,31.788888888888888,6.825,8.1,84.0,3.5,271.0,1.9666666666666663,1.325,3.533333333333333,45.0,56.5,66.0,13.375,0.0,14.0,-0.36,0.14,74.0,84.0,61.0
2020-04-23,23.294444444444448,31.06111111111111,6.708333333333333,7.766666666666667,86.0,5.5,354.0,1.6333333333333333,1.8916666666666664,3.183333333333333,46.0,55.25,58.0,13.0,0.0,73.0,-0.09,,78.0,79.0,55.0
2020-04-24,22.53222222222222,31.04888888888889,7.35,8.516666666666667,86.0,9.5,269.0,1.5166666666666666,2.0083333333333333,3.825,47.0,55.25,56.0,13.375,0.025,83.0,0.27,0.14,85.0,84.0,69.0
2020-04-25,22.649166666666662,30.96583333333333,7.125,8.316666666666666,86.0,27.0,277.0,2.433333333333333,1.125,3.566666666666667,44.0,49.25,82.0,13.0,0.0,140.0,-0.07,0.18,79.0,88.0,70.0
2020-04-26,23.891388888888887,31.84138888888889,6.633333333333334,7.95,83.0,12.0,285.0,1.8916666666666664,1.3,3.441666666666667,49.0,52.75,59.0,13.375,0.0416666666666666,153.0,0.13,0.18,76.0,82.0,64.0
2020-04-27,21.76722222222222,30.433888888888887,6.975,8.666666666666666,80.0,7.0,256.0,2.091666666666667,0.975,3.908333333333333,46.0,52.875,84.0,13.125,0.0,121.0,0.02,0.14,77.0,83.0,63.0
2020-04-28,22.030277777777776,31.113611111111112,8.075,9.083333333333334,89.0,2.5,313.0,1.6333333333333333,1.55,4.891666666666667,46.0,55.125,80.0,13.0,0.0,153.0,0.03,0.14,86.0,90.0,67.0
2020-04-29,22.63361111111111,27.33361111111111,3.441666666666667,4.7,73.0,5.0,145.0,1.7166666666666666,0.15,1.575,49.0,55.75,60.0,13.0,0.0,291.0,-0.27,,51.0,77.0,60.0
2020-04-30,22.65277777777777,32.58611111111111,9.408333333333331,9.933333333333334,95.0,9.0,321.0,2.525,2.625,4.258333333333334,48.0,55.0,60.0,13.0,0.0,66.0,-0.02,-0.01,92.0,90.0,72.0
2020-05-01,23.481666666666666,30.515,6.0,7.033333333333333,85.0,3.5,301.0,1.1583333333333334,1.15,3.691666666666667,47.0,56.375,49.0,12.875,0.0,94.0,-0.13,-0.02,69.0,72.0,53.0
2020-05-02,24.287222222222223,33.653888888888886,8.391666666666667,9.366666666666667,90.0,15.0,333.0,2.125,1.5333333333333334,4.733333333333333,49.0,54.5,48.0,12.5,0.0,118.0,-0.15,-0.02,84.0,86.0,63.0
2020-05-03,24.284166666666668,31.10083333333333,5.316666666666666,6.816666666666666,78.0,23.0,284.0,1.3416666666666666,0.9416666666666668,3.033333333333333,51.0,67.25,45.0,14.25,0.125,127.0,-0.15,-0.06,62.0,64.0,48.0
2020-05-04,22.202222222222225,31.18555555555556,8.266666666666667,8.983333333333333,92.0,6.0,315.0,2.1666666666666665,2.375,3.725,47.0,52.75,61.0,13.0,0.0,85.0,0.09,0.02,90.0,90.0,67.0
2020-05-05,23.07,31.25333333333333,7.508333333333334,8.183333333333334,92.0,2.5,297.0,2.191666666666667,1.6666666666666667,3.65,45.0,52.0,62.0,13.0,0.0,46.0,-0.32,-0.02,86.0,89.0,73.0
2020-05-06,23.206666666666667,30.706666666666667,6.9,7.5,92.0,2.0,299.0,0.9333333333333332,1.5583333333333331,4.408333333333333,49.0,54.625,58.0,13.625,0.0,93.0,0.01,,79.0,83.0,72.0
2020-05-07,23.41583333333333,30.1325,5.5,6.716666666666667,82.0,3.5,204.0,1.2833333333333334,0.9333333333333332,3.283333333333333,47.0,57.0,54.0,13.75,0.0,135.0,-0.02,0.01,70.0,74.0,77.0
2020-05-08,24.095277777777778,30.27861111111111,5.458333333333333,6.183333333333334,88.0,5.0,186.0,1.0416666666666667,0.9666666666666668,3.45,47.0,52.0,62.0,13.375,0.0666666666666666,274.0,0.05,0.08,69.0,74.0,71.0
2020-05-09,23.695833333333333,29.929166666666667,5.925,6.233333333333333,95.0,6.0,200.0,2.175,1.2416666666666667,2.5083333333333333,45.0,50.5,77.0,12.875,0.0,154.0,-0.27,-0.02,79.0,80.0,89.0
2020-05-10,21.85527777777778,31.905277777777776,8.116666666666667,10.05,81.0,36.5,285.0,2.1083333333333334,2.0,4.008333333333334,48.0,54.875,55.0,14.0,0.0,15.0,0.11,0.01,83.0,82.0,68.0
2020-05-11,,,,,,,,,,,,,,,3.25,605.0,,,,,
2020-05-12,23.166944444444447,31.266944444444444,6.208333333333333,8.1,77.0,25.0,209.0,1.3916666666666666,1.2833333333333334,3.533333333333333,46.0,56.0,70.0,13.25,0.0,187.0,-0.17,-0.55,72.0,74.0,66.0
2020-05-13,23.03833333333333,31.355,6.533333333333333,8.316666666666666,79.0,10.0,260.0,1.6916666666666669,1.075,3.7666666666666666,46.0,55.5,68.0,13.375,0.0,30.0,0.02,-0.28,76.0,77.0,67.0
2020-05-14,22.61722222222222,31.433888888888887,7.85,8.816666666666666,89.0,15.0,328.0,2.3,1.7666666666666666,3.783333333333333,46.0,51.375,69.0,13.625,0.0,648.0,-0.05,,89.0,85.0,62.0
2020-05-15,23.82472222222222,30.57472222222222,5.358333333333333,6.75,79.0,18.0,167.0,1.4666666666666666,0.9416666666666668,2.95,51.0,67.25,38.0,14.625,0.0,41.0,0.13,0.09,69.0,68.0,72.0
2020-05-16,23.044722222222223,30.67805555555556,6.616666666666666,7.633333333333334,87.0,14.0,232.0,1.8333333333333333,1.75,3.033333333333333,49.0,55.25,58.0,13.625,0.0,107.0,0.01,0.1,84.0,75.0,76.0
2020-05-17,23.378888888888888,31.92888888888889,7.083333333333333,8.55,83.0,5.5,222.0,2.3,1.7583333333333333,3.025,50.0,56.0,64.0,13.25,0.0,61.0,-0.01,0.08,80.0,76.0,64.0
2020-05-18,24.539444444444445,30.83944444444445,5.541666666666667,6.3,88.0,7.5,258.0,1.7166666666666666,0.9666666666666668,2.8583333333333334,51.0,56.375,53.0,13.375,0.0,70.0,0.11,0.1,67.0,66.0,52.0
2020-05-19,23.07333333333333,30.206666666666667,6.725,7.133333333333334,94.0,6.5,274.0,1.7333333333333334,1.775,3.216666666666667,47.0,52.375,62.0,12.875,0.0,151.0,-0.03,0.08,83.0,75.0,70.0
2020-05-20,22.93777777777778,31.037777777777777,6.966666666666667,8.1,86.0,6.5,322.0,1.4833333333333334,1.15,4.333333333333333,46.0,57.375,70.0,13.375,0.0,233.0,0.06,0.09,77.0,76.0,55.0
2020-05-21,25.023611111111112,31.990277777777777,6.258333333333334,6.966666666666667,90.0,8.5,278.0,1.9833333333333332,1.3833333333333333,2.8916666666666666,48.0,53.375,63.0,13.625,0.0,94.0,0.01,0.08,73.0,75.0,62.0
2020-05-22,22.528888888888886,31.378888888888888,7.433333333333334,8.85,84.0,5.5,319.0,1.5833333333333333,1.725,4.125,48.0,55.875,58.0,13.375,0.0,60.0,0.25,0.18,83.0,78.0,63.0
2020-05-23,23.771666666666665,31.455,6.925,7.683333333333334,90.0,18.5,251.0,1.5083333333333333,1.8166666666666669,3.6,49.0,55.75,53.0,13.125,0.0,39.0,-0.22,0.08,82.0,81.0,68.0
2020-05-24,24.2075,31.8075,5.875,7.6,77.0,9.0,272.0,1.425,1.2583333333333333,3.191666666666667,45.0,53.5,73.0,13.625,0.0,86.0,-0.22,-0.06,69.0,78.0,59.0
2020-05-25,24.003611111111116,31.336944444444445,6.341666666666667,7.333333333333333,86.0,17.5,267.0,2.4833333333333334,1.1833333333333331,2.675,46.0,52.375,74.0,13.125,0.0,541.0,-0.35,-0.21,75.0,81.0,62.0
2020-05-26,22.58805555555556,31.288055555555555,7.3,8.7,84.0,9.0,307.0,2.075,1.25,3.975,47.0,58.875,82.0,13.75,0.0,209.0,-0.27,-0.22,80.0,84.0,58.0
2020-05-27,22.97861111111111,31.761944444444445,7.941666666666666,8.783333333333333,90.0,9.0,296.0,2.6,1.4083333333333334,3.933333333333333,47.0,51.25,71.0,13.0,0.0,75.0,-0.15,-0.16,87.0,89.0,76.0
2020-05-28,24.119444444444444,31.65277777777778,6.75,7.533333333333333,90.0,2.5,228.0,2.3916666666666666,1.075,3.283333333333333,43.0,50.25,84.0,13.375,0.0,82.0,-0.07,-0.06,76.0,86.0,68.0
2020-05-29,24.500555555555557,31.36722222222222,4.866666666666666,6.866666666666666,71.0,102.5,190.0,2.058333333333333,0.75,2.058333333333333,45.0,54.375,88.0,13.125,0.0,159.0,-0.29,-0.1,49.0,84.0,61.0
2020-05-30,25.149722222222223,31.066388888888888,5.733333333333333,5.916666666666667,97.0,4.5,229.0,1.95,1.55,2.2333333333333334,45.0,51.875,75.0,13.0,0.0,205.0,-0.13,-0.11,75.0,80.0,88.0
2020-05-31,23.64472222222222,31.628055555555555,6.85,7.983333333333333,86.0,13.5,233.0,1.5416666666666667,1.45,3.858333333333333,48.0,56.375,58.0,13.25,0.0,33.0,-0.13,-0.09,80.0,80.0,67.0
2020-06-01,22.05888888888889,30.50888888888889,7.158333333333333,8.45,85.0,3.5,274.0,2.175,1.8,3.183333333333333,45.0,54.0,75.0,13.375,0.0,43.0,0.06,0.01,82.0,81.0,65.0
2020-06-02,22.97861111111111,31.078611111111112,7.125,8.1,88.0,17.0,228.0,1.9083333333333332,1.6333333333333333,3.583333333333333,46.0,53.125,73.0,13.5,0.0,31.0,-0.23,-0.03,86.0,88.0,80.0
2020-06-03,23.74805555555556,30.848055555555558,5.233333333333333,7.1,74.0,3.5,239.0,1.7833333333333334,0.2166666666666666,3.2333333333333334,46.0,58.125,75.0,13.625,0.0,53.0,-0.16,-0.08,60.0,74.0,58.0
2020-06-04,24.592222222222222,30.725555555555555,5.208333333333333,6.133333333333334,85.0,2.5,219.0,1.9,0.5166666666666667,2.7916666666666665,45.0,55.125,90.0,13.125,0.0,21.0,-0.16,-0.1,62.0,73.0,58.0
2020-06-05,24.691944444444445,30.62527777777778,5.55,5.933333333333334,94.0,3.0,212.0,1.5666666666666669,1.0416666666666667,2.941666666666667,43.0,49.375,73.0,12.75,0.0,35.0,-0.22,-0.1,70.0,74.0,72.0
2020-06-06,22.81888888888889,30.56888888888889,6.958333333333333,7.75,90.0,24.5,250.0,2.1,1.7833333333333334,3.075,47.0,58.75,55.0,13.0,0.0,149.0,-0.1,-0.07,83.0,71.0,67.0
2020-06-07,23.53888888888889,30.422222222222224,5.816666666666666,6.883333333333334,85.0,3.0,220.0,1.3833333333333333,1.1583333333333334,3.275,50.0,58.25,53.0,12.75,0.0,648.0,0.15,0.06,71.0,68.0,60.0
2020-06-08,22.5625,30.379166666666663,7.35,7.816666666666666,94.0,3.5,230.0,2.566666666666667,1.2166666666666666,3.566666666666667,45.0,49.375,73.0,12.25,0.0,160.0,0.05,0.14,84.0,83.0,79.0
2020-06-09,22.81805555555556,30.184722222222224,7.008333333333334,7.366666666666666,95.0,5.0,320.0,1.575,1.65,3.783333333333333,47.0,52.375,60.0,12.875,0.0,115.0,0.05,0.16,84.0,79.0,73.0
2020-06-10,23.57027777777778,30.52027777777778,6.691666666666666,6.95,96.0,2.5,191.0,2.316666666666667,1.5,2.875,47.0,51.125,56.0,12.75,0.0,15.0,-0.05,0.1,84.0,81.0,89.0
2020-06-11,23.631666666666668,31.031666666666663,7.016666666666667,7.4,95.0,4.0,243.0,2.3666666666666667,1.8583333333333332,2.7916666666666665,47.0,51.75,60.0,12.625,0.0,19.0,-0.14,0.02,84.0,83.0,79.0
2020-06-12,23.331666666666667,30.848333333333333,6.783333333333333,7.516666666666667,90.0,13.5,291.0,1.6166666666666667,1.3666666666666667,3.8,47.0,52.75,63.0,13.0,0.0,71.0,,0.02,83.0,82.0,75.0
2020-06-13,24.99111111111111,31.74111111111111,6.216666666666667,6.75,92.0,3.0,154.0,1.0916666666666666,1.6583333333333334,3.466666666666667,65.0,75.75,16.0,11.5,0.0,49.0,0.71,0.34,74.0,50.0,77.0
2020-06-14,23.703888888888887,31.85388888888889,7.066666666666666,8.15,87.0,14.0,266.0,1.55,1.475,4.041666666666667,57.0,63.5,30.0,12.75,0.0,129.0,0.02,0.38,80.0,54.0,62.0
2020-06-15,23.41444444444444,30.84777777777778,6.333333333333333,7.433333333333334,85.0,6.5,311.0,1.25,1.1583333333333334,3.925,48.0,60.25,53.0,13.375,0.0,54.0,-0.16,0.18,73.0,67.0,55.0
2020-06-16,,,,,,,,,,,,,,,1.4833333333333334,104.0,,,,,
2020-06-17,22.37472222222222,31.90805555555556,8.208333333333334,9.533333333333331,86.0,3.0,335.0,2.2666666666666666,2.033333333333333,3.908333333333333,49.0,56.375,65.0,12.875,0.0,50.0,0.17,0.1,88.0,77.0,68.0
2020-06-18,25.383055555555558,31.133055555555558,4.891666666666667,5.75,85.0,12.0,209.0,1.9583333333333333,1.0,1.9333333333333331,48.0,53.25,60.0,12.625,0.0666666666666666,0.0,-0.26,0.03,65.0,62.0,65.0
2020-06-19,23.049722222222226,30.21638888888889,6.2,7.166666666666667,87.0,12.5,271.0,1.7083333333333333,1.0666666666666669,3.425,51.0,63.0,44.0,13.25,0.0,446.0,0.09,0.06,75.0,55.0,59.0
2020-06-20,24.391944444444444,30.575277777777774,5.566666666666666,6.183333333333334,90.0,10.0,166.0,1.875,1.675,2.0166666666666666,50.0,59.375,53.0,13.5,0.0,99.0,-0.15,0.01,76.0,64.0,73.0
2020-06-21,23.208055555555557,32.15805555555556,7.5,8.95,84.0,3.5,269.0,1.3583333333333334,1.475,4.666666666666667,51.0,60.75,48.0,13.5,0.0,703.0,0.13,0.1,79.0,65.0,60.0
2020-06-22,21.72833333333333,30.828333333333333,7.6,9.1,84.0,5.0,256.0,1.325,1.9,4.375,48.0,56.625,47.0,13.25,0.0,162.0,0.2,0.2,85.0,70.0,72.0
2020-06-23,23.29527777777778,31.078611111111112,6.783333333333333,7.783333333333333,87.0,20.5,271.0,1.5916666666666666,1.6166666666666667,3.575,49.0,54.625,55.0,12.875,0.0,,-0.06,0.18,82.0,74.0,71.0
2020-06-24,,,,,,,,,,,,,,,,373.0,,,,,
2020-06-25,23.550555555555555,30.867222222222225,6.608333333333333,7.316666666666666,90.0,9.5,230.0,2.216666666666667,1.6,2.7916666666666665,46.0,53.875,76.0,13.25,0.0,107.0,0.17,0.13,83.0,83.0,78.0
2020-06-26,23.069444444444443,30.75277777777778,6.558333333333334,7.683333333333334,85.0,12.0,223.0,1.2,1.5416666666666667,3.816666666666667,50.0,61.125,51.0,13.5,0.0,993.0,0.15,0.18,79.0,73.0,63.0
2020-06-27,23.955,31.03833333333333,5.725,7.083333333333333,81.0,4.0,281.0,1.225,1.3666666666666667,3.1333333333333333,49.0,55.375,58.0,13.25,0.0,585.0,0.01,0.15,67.0,71.0,56.0
2020-06-28,24.564722222222223,32.13138888888889,6.608333333333333,7.566666666666666,87.0,3.5,335.0,2.1416666666666666,1.325,3.1416666666666666,48.0,55.125,65.0,13.0,0.0,15.0,-0.28,-0.02,73.0,77.0,61.0
2020-06-29,25.683888888888887,30.65055555555556,3.65,4.966666666666667,73.0,5.0,167.0,1.725,0.3083333333333333,1.6166666666666667,45.0,58.25,72.0,13.5,0.0,74.0,-0.59,-0.27,50.0,74.0,61.0
2020-06-30,24.40333333333333,31.62,6.1,7.216666666666667,85.0,2.5,202.0,1.9083333333333332,1.1416666666666666,3.05,45.0,53.25,74.0,13.25,0.0,114.0,-0.21,-0.29,72.0,75.0,67.0
2020-07-01,22.9175,30.434166666666663,6.341666666666667,7.516666666666667,84.0,3.5,214.0,1.9,0.9166666666666666,3.525,46.0,54.875,62.0,13.25,0.0,337.0,-0.2,-0.2,74.0,75.0,69.0
2020-07-02,23.342222222222222,30.79222222222222,5.991666666666666,7.45,80.0,4.5,258.0,1.6,1.3583333333333334,3.033333333333333,48.0,53.25,63.0,12.5,0.0,509.0,-0.22,-0.13,71.0,72.0,55.0
2020-07-03,22.861666666666668,30.145,6.425,7.283333333333333,88.0,21.0,205.0,1.5916666666666666,1.6666666666666667,3.1666666666666665,50.0,55.125,45.0,13.0,0.0,137.0,-0.18,-0.13,82.0,73.0,79.0
2020-07-04,24.261666666666667,31.77833333333333,5.933333333333334,7.516666666666667,79.0,3.0,246.0,1.1,0.6666666666666666,4.166666666666667,51.0,66.875,52.0,13.875,0.0,271.0,0.06,-0.02,62.0,63.0,60.0
2020-07-05,24.881944444444443,34.298611111111114,8.383333333333333,9.416666666666666,89.0,4.5,316.0,1.6666666666666667,2.275,4.441666666666666,49.0,54.25,54.0,12.75,0.35,116.0,0.04,0.06,82.0,77.0,66.0
2020-07-06,22.078055555555554,30.56138888888889,7.466666666666667,8.483333333333333,88.0,3.0,245.0,2.05,1.6583333333333334,3.758333333333333,49.0,57.75,52.0,13.25,0.0,18.0,0.53,0.3,85.0,71.0,72.0
2020-07-07,22.774166666666662,30.6075,7.258333333333334,7.833333333333333,93.0,10.5,286.0,1.3666666666666667,1.6916666666666669,4.2,49.0,53.75,68.0,13.125,0.0,31.0,0.22,0.38,86.0,82.0,69.0
2020-07-08,23.65583333333333,30.605833333333333,6.808333333333334,6.95,98.0,4.0,270.0,1.8416666666666663,1.525,3.441666666666667,47.0,50.5,67.0,12.875,0.0,15.0,-0.15,0.21,83.0,83.0,85.0
2020-07-09,23.470555555555556,31.620555555555555,6.641666666666667,8.15,81.0,6.0,277.0,2.0166666666666666,1.55,3.075,49.0,56.625,60.0,13.0,0.0,7.0,,0.06,78.0,80.0,72.0
2020-07-10,23.184444444444445,31.10111111111111,7.066666666666666,7.916666666666667,89.0,7.0,329.0,1.9166666666666667,1.5916666666666666,3.558333333333333,48.0,54.25,64.0,12.625,0.0,7.0,-0.19,-0.02,81.0,84.0,56.0
2020-07-11,22.447777777777777,30.664444444444445,6.641666666666667,8.216666666666667,81.0,27.0,249.0,1.2916666666666667,1.4583333333333333,3.8916666666666666,49.0,55.125,47.0,13.125,0.0,31.0,0.22,0.09,77.0,73.0,73.0
2020-07-12,22.791666666666668,31.491666666666667,7.908333333333333,8.7,91.0,3.5,285.0,2.2666666666666666,1.6583333333333334,3.983333333333333,49.0,57.125,53.0,13.375,0.0,7.0,0.2,0.21,89.0,80.0,80.0
2020-07-13,22.9975,31.2975,7.208333333333333,8.3,87.0,7.5,344.0,1.7333333333333334,0.85,4.625,49.0,56.875,61.0,12.75,0.0,22.0,-0.14,0.15,79.0,82.0,68.0
2020-07-14,23.613333333333333,31.563333333333333,7.166666666666667,7.95,90.0,2.5,240.0,1.5833333333333333,1.8416666666666663,3.7416666666666663,50.0,60.25,45.0,13.5,0.0,21.0,0.14,0.12,84.0,77.0,77.0
2020-07-15,25.45555555555556,31.25555555555556,4.55,5.8,78.0,35.5,210.0,1.0416666666666667,0.975,2.533333333333333,56.0,60.75,37.0,13.75,0.0,14.0,-0.17,0.06,53.0,44.0,66.0
2020-07-16,25.983888888888888,30.90055555555556,4.541666666666667,4.916666666666667,92.0,11.0,135.0,1.6916666666666669,1.1083333333333334,1.7416666666666667,51.0,56.125,54.0,12.625,0.0,4249.0,-0.09,0.04,65.0,56.0,71.0
2020-07-17,22.64388888888889,29.52722222222222,5.841666666666667,6.883333333333334,85.0,8.0,222.0,1.1166666666666667,1.0666666666666669,3.658333333333333,56.0,64.875,40.0,12.875,0.0,425.0,0.31,0.19,70.0,52.0,60.0
2020-07-18,22.53333333333333,30.48333333333333,6.833333333333333,7.95,86.0,5.0,361.0,1.3583333333333334,0.5583333333333333,4.916666666666667,53.0,62.0,45.0,13.25,0.0,878.0,0.17,0.31,73.0,62.0,54.0
2020-07-19,21.86638888888889,32.91638888888889,8.266666666666667,11.05,75.0,5.0,342.0,2.208333333333333,0.675,5.383333333333334,49.0,65.375,55.0,13.75,0.0,401.0,0.53,0.61,79.0,69.0,61.0
2020-07-20,21.799166666666668,29.8325,6.308333333333334,8.033333333333333,79.0,18.0,340.0,1.8416666666666663,1.075,3.3916666666666666,50.0,56.625,56.0,12.875,0.0,232.0,0.16,0.54,73.0,70.0,55.0
2020-07-21,23.156388888888888,29.389722222222225,5.566666666666666,6.233333333333333,89.0,3.0,244.0,1.4916666666666667,0.8666666666666667,3.208333333333333,51.0,55.375,48.0,12.5,0.0,242.0,-0.08,0.28,69.0,64.0,60.0
2020-07-22,22.674722222222226,30.24138888888889,6.983333333333333,7.566666666666666,92.0,4.5,225.0,2.1333333333333333,1.9416666666666669,2.908333333333333,50.0,55.125,61.0,12.625,0.0,94.0,-0.23,0.04,84.0,72.0,73.0
2020-07-23,,,,,,,,,,,,,,,,112.0,,,,,
2020-07-24,22.441388888888888,30.89138888888889,7.275,8.45,86.0,8.5,306.0,1.6083333333333334,1.2833333333333334,4.383333333333334,52.0,58.375,44.0,13.375,0.0,454.0,0.18,0.11,80.0,70.0,57.0
2020-07-25,22.49527777777778,30.611944444444443,6.966666666666667,8.116666666666667,86.0,7.5,277.0,1.4833333333333334,1.4916666666666667,3.9916666666666663,51.0,62.0,40.0,14.0,0.0,1336.0,0.45,0.37,80.0,69.0,61.0
2020-07-26,22.092222222222222,30.70888888888889,6.941666666666666,8.616666666666667,81.0,19.0,292.0,1.6333333333333333,1.2333333333333334,4.075,48.0,55.5,60.0,13.375,0.05,907.0,0.1,0.42,78.0,77.0,61.0
2020-07-27,24.449444444444445,30.382777777777772,5.333333333333333,5.933333333333334,90.0,14.0,154.0,1.5916666666666666,1.2916666666666667,2.45,51.0,57.5,47.0,13.375,0.0,613.0,0.35,0.44,73.0,68.0,73.0
2020-07-28,23.87527777777778,29.341944444444444,4.95,5.466666666666667,91.0,16.0,146.0,1.3166666666666669,0.625,3.0083333333333333,51.0,57.875,45.0,13.625,0.0,1270.0,0.07,0.37,69.0,58.0,68.0
2020-07-29,,,,,,,,,,,,,,,,152.0,,,,,
2020-07-30,24.149722222222223,30.96638888888889,6.1,6.816666666666666,89.0,10.0,276.0,1.0416666666666667,1.4083333333333334,3.65,56.0,63.625,35.0,13.75,0.0,251.0,0.14,0.32,72.0,57.0,56.0
2020-07-31,23.141944444444444,30.92527777777778,6.708333333333333,7.783333333333333,86.0,13.5,277.0,1.2833333333333334,1.65,3.775,52.0,59.625,38.0,13.375,0.0,379.0,0.3,0.34,81.0,62.0,59.0
2020-08-01,22.94083333333333,30.69083333333333,6.016666666666667,7.75,78.0,5.0,220.0,1.4583333333333333,1.625,2.933333333333333,57.0,65.125,39.0,13.75,0.0,2774.0,0.05,0.32,73.0,51.0,66.0
2020-08-02,23.54138888888889,31.624722222222225,7.333333333333333,8.083333333333334,91.0,18.5,285.0,1.0,1.75,4.583333333333333,59.0,65.75,26.0,13.875,0.0,253.0,0.43,0.41,81.0,49.0,64.0
2020-08-03,22.841944444444444,32.158611111111114,7.683333333333334,9.316666666666666,82.0,6.0,334.0,1.625,1.8083333333333331,4.25,50.0,59.625,51.0,13.25,0.0,154.0,0.09,0.38,81.0,67.0,60.0
2020-08-04,23.625833333333333,32.725833333333334,7.166666666666667,9.1,79.0,4.5,307.0,2.125,1.0916666666666666,3.95,48.0,59.375,57.0,14.0,0.0,7.0,-0.04,0.16,75.0,75.0,61.0
2020-08-05,22.038611111111116,32.405277777777776,8.275,10.366666666666667,80.0,19.5,333.0,1.1166666666666667,1.7083333333333333,5.45,51.0,58.875,44.0,13.75,0.0,333.0,0.62,0.4,85.0,69.0,57.0
2020-08-06,,,,,,,,,,,,,,,,85.0,,,,,
2020-08-07,23.480277777777776,32.08027777777778,7.766666666666667,8.6,90.0,9.5,285.0,1.2416666666666667,1.7916666666666667,4.733333333333333,53.0,59.375,38.0,13.375,0.0,126.0,0.01,0.42,85.0,77.0,64.0
2020-08-08,23.649722222222223,31.98305555555556,7.375,8.333333333333334,89.0,3.0,222.0,1.1916666666666669,1.6583333333333334,4.525,54.0,61.625,35.0,14.125,0.0,1587.0,0.3,0.43,81.0,69.0,69.0
2020-08-09,23.85027777777778,29.150277777777777,4.508333333333334,5.3,85.0,10.5,138.0,1.2,0.4,2.908333333333333,57.0,60.875,33.0,13.75,0.0,879.0,0.26,0.42,62.0,51.0,65.0
2020-08-10,23.66,30.376666666666665,5.816666666666666,6.716666666666667,87.0,3.0,273.0,1.0083333333333333,0.9583333333333334,3.85,53.0,59.5,48.0,12.75,0.0,507.0,0.27,0.47,67.0,56.0,54.0
2020-08-11,24.133055555555558,30.63305555555556,5.133333333333334,6.5,79.0,7.0,198.0,1.1583333333333334,0.7166666666666667,3.2583333333333333,60.0,69.5,24.0,13.875,0.0,3030.0,0.54,0.59,62.0,38.0,63.0
2020-08-12,22.37833333333333,31.77833333333333,8.383333333333333,9.4,89.0,2.5,300.0,2.025,1.7916666666666667,4.566666666666666,54.0,59.375,51.0,13.25,0.0,438.0,0.18,0.56,89.0,73.0,67.0
2020-08-13,23.474444444444444,31.24111111111111,6.7,7.766666666666667,86.0,13.5,318.0,1.35,1.3,4.05,51.0,57.0,56.0,13.625,0.0,136.0,0.09,0.44,78.0,71.0,56.0
2020-08-14,,,,,,,,,,,,,,,,0.0,,,,,
2020-08-15,23.695,32.678333333333335,8.166666666666666,8.983333333333333,91.0,5.5,415.0,1.2833333333333334,1.8666666666666667,5.016666666666667,56.0,60.375,41.0,13.5,0.0,53.0,0.15,0.37,84.0,71.0,57.0
2020-08-16,22.775,31.441666666666663,6.691666666666666,8.666666666666666,77.0,16.5,258.0,1.1583333333333334,1.5666666666666669,3.966666666666667,51.0,59.875,56.0,13.5,0.0,1135.0,-0.04,0.24,78.0,77.0,63.0
2020-08-17,23.20833333333333,30.59166666666667,5.883333333333334,7.383333333333334,80.0,5.0,322.0,1.475,0.675,3.733333333333333,50.0,56.375,59.0,13.375,0.0,7.0,0.02,0.22,65.0,72.0,46.0
2020-08-18,24.508055555555558,31.12472222222222,5.183333333333334,6.616666666666666,78.0,14.5,201.0,0.9833333333333332,1.0166666666666666,3.183333333333333,50.0,60.875,52.0,13.875,0.0,789.0,-0.06,0.22,63.0,64.0,63.0
2020-08-19,23.225,30.558333333333334,6.516666666666667,7.333333333333333,89.0,7.0,297.0,1.3916666666666666,1.3416666666666666,3.783333333333333,51.0,57.5,52.0,14.125,0.0,117.0,-0.05,0.2,77.0,73.0,58.0
2020-08-20,24.091944444444444,30.941944444444445,6.266666666666667,6.85,91.0,2.5,290.0,0.9666666666666668,1.4,3.9,60.0,65.5,31.0,13.625,0.0,601.0,0.26,0.31,71.0,58.0,55.0
2020-08-21,25.09138888888889,31.10805555555556,5.283333333333333,6.016666666666667,88.0,5.5,286.0,1.0916666666666666,1.2833333333333334,2.908333333333333,58.0,62.875,34.0,14.125,0.0,1058.0,0.03,0.34,64.0,50.0,53.0
2020-08-22,23.991666666666667,31.175,6.508333333333334,7.183333333333334,91.0,5.0,259.0,1.0083333333333333,1.7083333333333333,3.7916666666666665,66.0,73.875,17.0,14.375,0.0,207.0,0.25,0.41,76.0,54.0,67.0
2020-08-23,24.34888888888889,32.965555555555554,7.15,8.616666666666667,83.0,5.0,355.0,1.0416666666666667,1.6666666666666667,4.441666666666666,61.0,68.75,27.0,13.125,0.0,368.0,0.3,0.48,73.0,47.0,55.0
2020-08-24,23.78388888888889,30.88388888888889,5.766666666666667,7.1,81.0,5.0,273.0,1.5583333333333331,0.9083333333333332,3.3,51.0,57.0,60.0,14.0,0.0,64.0,-0.28,0.31,67.0,62.0,53.0
2020-08-25,,,,,,,,,,,,,,,,21.0,,,,,
2020-08-26,23.81722222222222,31.550555555555555,6.15,7.733333333333333,80.0,6.0,319.0,1.2416666666666667,1.2916666666666667,3.6166666666666663,53.0,58.375,47.0,13.75,0.0,2761.0,-0.05,0.16,69.0,61.0,55.0
2020-08-27,24.467222222222222,31.63388888888889,5.766666666666667,7.166666666666667,80.0,5.0,325.0,1.6333333333333333,0.925,3.208333333333333,53.0,61.375,48.0,14.125,0.0,902.0,-0.03,0.12,64.0,57.0,49.0
2020-08-28,23.666666666666668,31.916666666666668,7.091666666666667,8.25,86.0,3.0,286.0,1.2166666666666666,1.8333333333333333,4.041666666666667,58.0,65.5,39.0,14.25,0.0083333333333333,752.0,,0.18,79.0,64.0,71.0
2020-08-29,25.308333333333334,31.375,5.083333333333333,6.066666666666666,84.0,3.0,287.0,1.7916666666666667,0.475,2.816666666666667,56.0,60.875,46.0,14.25,0.0,3207.0,-0.11,0.15,59.0,52.0,50.0
2020-08-30,,,,,,,,,,,,,,,,1049.0,,,,,
2020-08-31,22.021666666666665,31.471666666666668,8.166666666666666,9.45,86.0,3.0,217.0,2.7416666666666667,1.975,3.45,49.0,60.0,57.0,14.125,0.0,76.0,0.24,0.23,89.0,75.0,71.0
2020-09-01,22.501666666666665,34.085,10.033333333333331,11.583333333333334,87.0,2.5,436.0,1.2666666666666666,2.0166666666666666,6.75,50.0,58.5,51.0,14.125,0.0,564.0,0.2,0.32,84.0,87.0,61.0
2020-09-02,25.45916666666667,33.17583333333333,6.641666666666667,7.716666666666667,86.0,8.0,386.0,1.0083333333333333,1.6916666666666669,3.941666666666667,48.0,55.5,58.0,13.875,0.0583333333333333,325.0,-0.38,0.13,70.0,82.0,60.0
2020-09-03,24.57583333333333,32.9925,6.95,8.416666666666666,83.0,19.5,213.0,1.425,1.8583333333333332,3.6666666666666665,48.0,56.375,53.0,14.125,0.0,1005.0,-0.52,-0.17,78.0,88.0,74.0
2020-09-04,23.891111111111112,31.024444444444445,5.625,7.133333333333334,79.0,21.0,261.0,1.3083333333333331,1.725,2.591666666666667,49.0,54.75,57.0,13.25,0.0,2621.0,-0.22,-0.23,73.0,85.0,69.0
2020-09-05,24.051111111111112,32.217777777777776,7.316666666666666,8.166666666666666,90.0,10.5,297.0,1.5166666666666666,1.825,3.975,48.0,54.5,57.0,13.0,0.0,6034.0,-0.38,-0.21,82.0,85.0,65.0
2020-09-06,23.129722222222224,31.31305555555556,7.883333333333334,8.183333333333334,96.0,3.5,270.0,1.45,2.0083333333333333,4.425,50.0,53.375,56.0,13.375,0.0,5784.0,-0.09,-0.11,91.0,94.0,90.0
2020-09-07,24.557777777777776,31.391111111111112,5.033333333333333,6.833333333333333,74.0,7.0,211.0,2.2916666666666665,0.95,1.7916666666666667,47.0,54.875,73.0,13.125,0.0,0.0,-0.24,-0.09,62.0,76.0,63.0
2020-09-08,22.653888888888886,31.65388888888889,7.658333333333333,9.0,85.0,17.0,323.0,1.5333333333333334,1.7666666666666666,4.358333333333333,49.0,61.25,52.0,13.875,0.0,0.0,-0.36,-0.15,85.0,89.0,63.0
2020-09-09,24.22583333333333,30.859166666666667,5.533333333333333,6.633333333333334,83.0,5.5,174.0,1.5666666666666669,1.2416666666666667,2.725,50.0,55.375,53.0,13.0,0.0,52.0,-0.06,-0.11,71.0,78.0,81.0
2020-09-10,23.209166666666665,31.1925,6.683333333333334,7.983333333333333,84.0,7.0,339.0,1.3916666666666666,1.8916666666666664,3.4,48.0,57.25,59.0,13.375,0.0,2295.0,-0.16,-0.06,79.0,86.0,58.0
2020-09-11,24.9925,32.1925,6.466666666666667,7.2,90.0,18.0,239.0,1.7916666666666667,1.9083333333333332,2.7666666666666666,48.0,55.125,55.0,13.5,0.075,316.0,-0.31,-0.08,78.0,85.0,74.0
2020-09-12,25.2425,30.97583333333333,5.2,5.733333333333333,91.0,2.5,177.0,1.1416666666666666,1.1833333333333331,2.875,49.0,57.75,44.0,13.875,0.0,0.0,-0.49,-0.23,65.0,68.0,70.0
2020-09-13,24.8675,31.250833333333333,5.85,6.383333333333334,92.0,5.5,249.0,0.7666666666666667,1.5333333333333334,3.55,52.0,58.875,43.0,12.625,0.0,1366.0,-0.18,-0.21,70.0,70.0,74.0
2020-09-14,22.85083333333333,30.634166666666665,6.783333333333333,7.783333333333333,87.0,17.5,324.0,1.5833333333333333,1.3916666666666666,3.808333333333333,51.0,59.375,57.0,13.25,0.0,353.0,-0.2,-0.13,80.0,78.0,58.0
2020-09-15,23.211944444444445,30.961944444444445,6.65,7.75,86.0,8.5,253.0,2.3583333333333334,1.425,2.8666666666666667,48.0,56.25,60.0,13.0,0.0,28.0,-0.22,-0.1,81.0,82.0,79.0
2020-09-16,23.53305555555556,31.083055555555557,6.9,7.55,91.0,4.0,313.0,1.6916666666666669,1.6416666666666666,3.566666666666667,56.0,64.5,29.0,14.25,0.0,526.0,0.22,0.06,80.0,70.0,60.0
2020-09-17,23.885555555555555,31.502222222222223,6.875,7.616666666666666,90.0,3.0,236.0,1.8583333333333332,1.6166666666666667,3.4,50.0,54.5,52.0,13.25,0.0,16.0,-0.23,0.05,80.0,79.0,75.0
2020-09-18,24.509166666666665,31.759166666666665,6.008333333333334,7.25,83.0,10.5,252.0,1.925,1.0416666666666667,3.0416666666666665,49.0,63.75,49.0,14.125,0.0,49.0,0.1,0.09,71.0,75.0,70.0
2020-09-19,25.734166666666667,31.5675,5.341666666666667,5.833333333333333,92.0,4.0,192.0,1.2083333333333333,1.2,2.933333333333333,51.0,56.0,38.0,13.125,0.0,189.0,0.1,0.13,66.0,63.0,68.0
2020-09-20,23.342777777777776,32.29277777777778,7.875,8.95,88.0,17.5,203.0,1.775,1.9916666666666667,4.108333333333333,50.0,61.625,48.0,13.25,0.0,526.0,-0.16,0.09,88.0,78.0,76.0
2020-09-21,23.81,31.476666666666667,6.425,7.666666666666667,84.0,8.0,334.0,1.4416666666666669,1.525,3.458333333333333,48.0,60.0,60.0,13.375,0.0,658.0,-0.4,-0.11,75.0,78.0,57.0
2020-09-22,24.15361111111111,30.936944444444443,6.341666666666667,6.783333333333333,93.0,0.5,252.0,1.5166666666666666,1.65,3.175,54.0,64.5,30.0,13.625,0.0,34.0,0.1,-0.06,77.0,69.0,70.0
2020-09-23,24.28361111111111,31.00027777777778,5.766666666666667,6.716666666666667,86.0,10.0,228.0,1.9166666666666667,1.3166666666666669,2.533333333333333,51.0,56.625,48.0,12.375,0.0,468.0,-0.1,,72.0,70.0,64.0
2020-09-24,23.674166666666668,31.424166666666668,6.333333333333333,7.75,82.0,18.5,266.0,1.8583333333333332,1.6416666666666666,2.833333333333333,50.0,57.0,51.0,12.625,0.0,152.0,-0.19,0.01,78.0,71.0,71.0
2020-09-25,23.5425,31.009166666666665,6.183333333333334,7.466666666666667,83.0,17.5,225.0,1.075,2.3583333333333334,2.75,51.0,59.75,39.0,13.375,0.0,29.0,0.05,0.04,77.0,64.0,80.0
2020-09-26,25.95916666666667,31.52583333333333,4.575,5.566666666666666,82.0,7.5,200.0,0.9833333333333332,1.0583333333333331,2.533333333333333,52.0,60.25,40.0,13.375,0.0,46.0,-0.26,,58.0,57.0,68.0
2020-09-27,23.275277777777777,31.775277777777777,7.075,8.5,83.0,21.0,295.0,1.2416666666666667,1.6333333333333333,4.2,53.0,59.375,40.0,12.75,0.0,446.0,0.14,0.08,79.0,64.0,62.0
2020-09-28,23.1,31.883333333333333,7.825,8.783333333333333,89.0,2.5,245.0,2.25,1.4833333333333334,4.091666666666667,49.0,58.375,54.0,12.625,0.0,122.0,0.03,0.14,85.0,76.0,74.0
2020-09-29,24.557777777777776,30.891111111111112,4.975,6.333333333333333,79.0,5.0,168.0,1.1083333333333334,0.9416666666666668,2.925,50.0,58.0,49.0,13.5,0.0,2348.0,-0.09,0.12,62.0,66.0,69.0
2020-09-30,23.657777777777778,31.374444444444443,7.075,7.716666666666667,92.0,3.0,236.0,1.8,1.9666666666666663,3.308333333333333,50.0,56.25,50.0,12.75,0.0,276.0,-0.13,0.04,82.0,79.0,69.0
2020-10-01,22.72,30.57,7.058333333333334,7.85,90.0,11.0,343.0,0.8083333333333333,1.6333333333333333,4.616666666666666,54.0,61.0,32.0,13.25,0.0,181.0,,0.03,80.0,66.0,62.0
2020-10-02,23.626944444444444,31.74361111111111,7.066666666666666,8.116666666666667,87.0,9.5,315.0,0.4083333333333333,1.5916666666666666,5.066666666666666,57.0,65.5,27.0,13.5,0.0,52.0,0.38,0.21,74.0,59.0,60.0
2020-10-03,23.986666666666668,30.936666666666667,6.333333333333333,6.95,91.0,8.0,265.0,1.2166666666666666,1.5416666666666667,3.575,58.0,62.875,41.0,13.375,0.0,205.0,0.42,0.4,78.0,62.0,71.0
2020-10-04,23.058333333333334,31.691666666666663,7.916666666666667,8.633333333333333,92.0,6.0,258.0,2.1166666666666667,2.341666666666667,3.458333333333333,51.0,58.5,40.0,13.5,0.0,0.0,0.07,0.36,88.0,73.0,69.0
2020-10-05,24.058333333333334,31.508333333333333,6.325,7.45,85.0,7.5,274.0,1.2,1.4333333333333331,3.691666666666667,51.0,62.75,49.0,13.75,0.0,1124.0,0.01,0.21,73.0,74.0,63.0
2020-10-06,23.97611111111111,31.142777777777777,6.558333333333334,7.166666666666667,92.0,5.0,295.0,1.6083333333333334,1.4416666666666669,3.5083333333333333,48.0,53.5,56.0,13.125,0.0,781.0,-0.22,0.03,76.0,79.0,55.0
2020-10-07,23.79361111111111,31.060277777777777,6.466666666666667,7.266666666666667,89.0,4.0,245.0,1.7416666666666667,1.3166666666666669,3.408333333333333,49.0,53.375,55.0,12.75,0.0,65.0,-0.25,-0.09,76.0,80.0,61.0
2020-10-08,23.94833333333333,31.381666666666668,6.675,7.433333333333334,90.0,3.0,261.0,1.3833333333333333,1.3166666666666669,3.975,53.0,62.125,46.0,13.25,0.0,304.0,0.22,0.03,76.0,69.0,67.0
2020-10-09,25.220277777777778,32.10361111111111,5.958333333333333,6.883333333333334,87.0,6.0,261.0,1.75,1.3166666666666669,2.8916666666666666,52.0,55.625,47.0,12.5,0.0,169.0,0.03,0.16,71.0,73.0,69.0
2020-10-10,23.399444444444445,31.249444444444443,7.383333333333334,7.85,94.0,5.0,275.0,1.1666666666666667,1.7583333333333333,4.458333333333333,52.0,59.375,38.0,13.0,0.0,137.0,0.23,0.2,85.0,78.0,78.0
2020-10-11,23.81888888888889,31.23555555555556,6.591666666666667,7.416666666666667,89.0,14.0,246.0,1.7916666666666667,1.3916666666666666,3.408333333333333,49.0,55.875,55.0,12.875,0.0,70.0,-0.11,0.15,79.0,78.0,65.0
2020-10-12,22.294722222222223,30.81138888888889,7.208333333333333,8.516666666666667,85.0,8.5,325.0,1.55,1.1,4.558333333333334,53.0,63.125,43.0,14.125,0.0,273.0,0.2,0.18,78.0,74.0,54.0
2020-10-13,24.217222222222222,31.36722222222222,6.75,7.15,94.0,2.5,194.0,1.1083333333333334,1.775,3.8666666666666663,57.0,67.5,30.0,13.875,0.0,35.0,0.5,0.36,79.0,64.0,79.0
2020-10-14,24.22805555555556,31.594722222222224,6.141666666666667,7.366666666666666,83.0,7.5,305.0,1.5333333333333334,0.9833333333333332,3.625,49.0,60.625,62.0,13.375,0.0,14.0,-0.04,0.33,70.0,78.0,57.0
2020-10-15,23.39,31.506666666666668,7.341666666666667,8.116666666666667,90.0,11.5,299.0,1.6416666666666666,1.9833333333333332,3.716666666666667,50.0,55.125,53.0,13.125,0.0,62.0,-0.14,0.14,86.0,86.0,68.0
2020-10-16,23.236944444444447,31.40361111111111,6.175,8.166666666666666,76.0,14.5,291.0,1.0916666666666666,1.0416666666666667,4.041666666666667,52.0,62.25,48.0,13.125,0.0,785.0,-0.12,,68.0,76.0,54.0
2020-10-17,24.900277777777777,31.33361111111111,5.841666666666667,6.433333333333334,91.0,2.5,231.0,0.9583333333333334,1.175,3.7083333333333335,53.0,60.625,43.0,13.875,0.0,332.0,0.27,0.14,66.0,69.0,63.0
2020-10-18,23.496944444444445,32.096944444444446,7.725,8.6,90.0,6.0,328.0,1.4666666666666666,1.8916666666666664,4.366666666666666,52.0,58.875,48.0,13.25,0.0,121.0,0.08,0.23,83.0,82.0,62.0
2020-10-19,,,,,,,,,,,,,,,3.475,2148.0,,,,,
2020-10-20,22.6825,31.399166666666662,7.391666666666667,8.716666666666667,85.0,17.5,373.0,1.7,1.4666666666666666,4.225,48.0,56.375,59.0,13.375,0.0,99.0,-0.13,-0.13,82.0,83.0,57.0
2020-10-21,24.633055555555558,31.26638888888889,5.675,6.633333333333334,86.0,9.5,242.0,1.475,1.5166666666666666,2.683333333333333,50.0,56.75,51.0,13.25,0.0,7.0,-0.26,-0.15,74.0,75.0,73.0
2020-10-22,23.990277777777777,31.92361111111111,6.358333333333333,7.933333333333334,80.0,9.5,288.0,1.4416666666666669,0.9,4.016666666666667,49.0,65.125,58.0,14.25,0.0,23.0,0.13,0.01,71.0,74.0,61.0
2020-10-23,23.82027777777778,31.720277777777778,6.666666666666667,7.9,84.0,2.5,314.0,1.675,1.225,3.7666666666666666,49.0,56.75,48.0,13.0,0.0,162.0,0.07,0.12,73.0,72.0,59.0
2020-10-24,24.600555555555555,32.28388888888889,7.025,7.683333333333334,91.0,2.5,291.0,1.6,1.4916666666666667,3.933333333333333,54.0,58.5,40.0,13.0,0.0,118.0,-0.04,0.13,76.0,74.0,62.0
2020-10-25,23.395555555555557,31.51222222222222,7.233333333333333,8.116666666666667,89.0,19.0,232.0,1.75,1.2833333333333334,4.2,50.0,57.75,58.0,13.5,0.0666666666666666,114.0,0.11,0.14,82.0,79.0,68.0
2020-10-26,22.822222222222223,31.20555555555556,6.741666666666666,8.383333333333333,80.0,4.0,300.0,1.7583333333333333,0.875,4.108333333333333,50.0,61.25,60.0,13.5,0.0,22.0,0.16,0.2,73.0,76.0,55.0
2020-10-27,23.14611111111111,31.06277777777778,6.45,7.916666666666667,81.0,18.0,266.0,1.725,0.9833333333333332,3.7416666666666663,49.0,56.25,66.0,13.25,0.0,87.0,-0.11,0.14,74.0,80.0,65.0
2020-10-28,23.965555555555557,31.61555555555556,5.983333333333333,7.65,78.0,14.0,229.0,1.8833333333333333,0.7416666666666667,3.3583333333333334,48.0,63.875,54.0,14.125,0.0,0.0,-0.13,0.04,69.0,79.0,66.0
2020-10-29,23.641388888888887,31.441388888888888,7.2,7.8,92.0,2.5,287.0,1.5,2.05,3.65,50.0,55.125,46.0,13.25,0.0,137.0,-0.22,-0.06,82.0,85.0,63.0
2020-10-30,23.953055555555554,31.719722222222224,7.108333333333333,7.766666666666667,92.0,5.0,224.0,1.8666666666666667,1.7833333333333334,3.458333333333333,49.0,54.875,52.0,12.875,0.0,0.0,0.26,0.09,82.0,84.0,75.0
2020-10-31,24.558611111111112,31.841944444444444,6.625,7.283333333333333,91.0,28.0,341.0,1.6,1.4,3.625,52.0,56.0,50.0,13.25,0.0,92.0,0.09,0.19,75.0,79.0,69.0
2020-11-01,23.62527777777778,31.891944444444444,7.641666666666667,8.266666666666667,92.0,10.0,278.0,1.325,2.083333333333333,4.233333333333333,50.0,56.625,50.0,13.125,0.0,90.0,0.37,0.34,87.0,81.0,76.0
2020-11-02,26.316944444444445,31.216944444444444,4.108333333333333,4.9,84.0,17.5,187.0,1.425,0.4666666666666667,2.216666666666667,53.0,58.0,44.0,12.75,0.05,1035.0,0.1,0.32,56.0,63.0,70.0
2020-11-03,24.08388888888889,31.88388888888889,6.525,7.8,84.0,4.0,200.0,1.8833333333333333,1.2916666666666667,3.35,49.0,58.0,48.0,13.375,0.0,77.0,0.09,0.27,75.0,80.0,69.0
2020-11-04,22.67527777777778,31.15861111111111,7.65,8.483333333333333,90.0,5.0,352.0,1.75,1.4333333333333331,4.466666666666667,51.0,57.25,46.0,12.875,0.0,64.0,-0.18,0.1,83.0,77.0,54.0
2020-11-05,23.71722222222222,31.83388888888889,6.958333333333333,8.116666666666667,86.0,20.0,312.0,1.275,1.3416666666666666,4.341666666666667,50.0,54.375,50.0,13.0,0.0,171.0,-0.32,-0.04,78.0,82.0,68.0
2020-11-06,24.510277777777777,31.376944444444444,5.35,6.866666666666666,78.0,12.0,185.0,1.075,0.4833333333333333,3.7916666666666665,51.0,65.0,51.0,14.375,0.05,7.0,-0.26,-0.12,60.0,66.0,61.0
2020-11-07,24.892222222222223,31.892222222222223,5.7,7.0,81.0,3.5,246.0,1.75,0.9,3.05,52.0,62.625,51.0,13.625,0.0,35.0,-0.16,-0.08,64.0,70.0,61.0
2020-11-08,24.43166666666667,32.098333333333336,6.975,7.666666666666667,91.0,3.0,300.0,2.3,0.975,3.7,50.0,57.5,58.0,13.5,0.0,123.0,,0.02,74.0,76.0,65.0
2020-11-09,24.65972222222222,31.259722222222223,5.333333333333333,6.6,81.0,16.0,248.0,2.2,0.825,2.308333333333333,50.0,57.625,57.0,13.0,0.0,411.0,-0.17,0.04,66.0,73.0,59.0
2020-11-10,,,,,,,,,,,,,,,,173.0,,,,,
2020-11-11,23.358611111111117,31.441944444444445,6.858333333333333,8.083333333333334,85.0,15.0,245.0,1.75,1.45,3.658333333333333,53.0,57.625,43.0,13.0,0.0,473.0,0.12,0.12,80.0,74.0,65.0
2020-11-12,28.66638888888889,32.51638888888889,3.316666666666667,3.85,86.0,15.5,101.0,1.375,0.5583333333333333,1.3833333333333333,52.0,57.625,53.0,13.25,0.0,3173.0,-0.54,-0.06,53.0,55.0,85.0
2020-11-13,,,,,,,,,,,,,,,,7.0,,,,,
2020-11-14,,,,,,,,,,,,,,,,176.0,,,,,
2020-11-15,,,,,,,,,,,,,,,,734.0,,,,,
2020-11-16,28.383055555555558,43.38305555555556,14.1,15.0,94.0,0.5,147.0,2.466666666666667,2.8916666666666666,8.741666666666667,56.0,111.75,40.0,16.75,0.0,976.0,,-0.18,86.0,78.0,91.0
2020-11-17,22.800555555555555,31.433888888888887,7.416666666666667,8.633333333333333,86.0,8.5,309.0,1.0083333333333333,1.525,4.883333333333334,55.0,62.875,37.0,13.875,0.0,518.0,0.05,-0.02,80.0,68.0,60.0
2020-11-18,,,,,,,,,,,,,,,,72.0,,,,,
2020-11-19,23.666944444444447,31.433611111111112,6.908333333333333,7.766666666666667,89.0,3.0,280.0,1.3916666666666666,1.5833333333333333,3.933333333333333,55.0,60.125,39.0,13.625,0.0,613.0,-0.09,0.1,78.0,81.0,60.0
2020-11-20,24.683888888888887,31.100555555555555,5.916666666666667,6.416666666666667,92.0,5.5,233.0,1.0,1.2833333333333334,3.633333333333333,60.0,67.25,25.0,13.375,0.0,56.0,0.21,0.18,69.0,60.0,62.0
2020-11-21,21.48333333333333,32.1,7.75,10.616666666666667,73.0,5.0,407.0,1.1583333333333334,1.9916666666666667,4.6,53.0,60.125,44.0,13.5,0.0,166.0,-0.1,0.15,80.0,81.0,54.0
2020-11-22,22.725555555555555,31.675555555555555,7.216666666666667,8.95,81.0,3.0,262.0,2.6666666666666665,1.4083333333333334,3.1416666666666666,51.0,57.5,45.0,13.5,0.0,388.0,0.13,0.18,78.0,83.0,62.0
2020-11-23,22.33388888888889,31.38388888888889,6.35,9.05,70.0,12.0,311.0,1.3083333333333331,1.0083333333333333,4.033333333333333,54.0,62.25,38.0,14.125,0.0,551.0,0.27,0.27,71.0,73.0,55.0
2020-11-24,22.32583333333333,31.359166666666667,7.875,9.033333333333331,87.0,17.0,317.0,2.208333333333333,1.5416666666666667,4.125,50.0,56.125,44.0,13.25,0.0,72.0,-0.2,0.19,87.0,84.0,61.0
2020-11-25,22.8075,31.274166666666662,7.9,8.466666666666667,93.0,15.0,217.0,1.6,1.95,4.35,54.0,60.75,28.0,13.875,0.0,172.0,0.16,0.17,91.0,76.0,72.0
2020-11-26,23.506666666666668,30.973333333333333,6.625,7.466666666666667,89.0,13.0,289.0,1.5333333333333334,1.3416666666666666,3.75,51.0,58.25,49.0,13.75,0.0,236.0,-0.29,0.04,79.0,78.0,60.0
2020-11-27,22.93305555555556,31.53305555555556,6.225,8.6,72.0,40.5,314.0,1.4083333333333334,1.1416666666666666,3.675,54.0,60.625,50.0,13.25,0.0,17.0,-0.1,0.01,64.0,71.0,60.0
2020-11-28,,,,,,,,,,,,,,,,28.0,,,,,
2020-11-29,22.4525,32.16916666666667,8.791666666666666,9.716666666666669,90.0,14.0,368.0,1.4833333333333334,1.8833333333333333,5.425,50.0,58.0,53.0,13.375,0.0,985.0,0.26,0.14,93.0,89.0,74.0
2020-11-30,,,,,,,,,,,,,,,,99.0,,,,,
2020-12-01,22.30333333333333,31.65333333333333,8.191666666666666,9.35,88.0,11.5,270.0,1.3916666666666666,2.3,4.5,51.0,58.625,51.0,13.75,0.0,85.0,0.46,0.41,92.0,81.0,77.0
2020-12-02,23.183611111111112,32.18361111111111,7.316666666666666,9.0,81.0,5.5,237.0,1.35,0.8083333333333333,5.158333333333333,49.0,61.5,49.0,14.0,0.0,306.0,0.02,0.39,76.0,88.0,69.0
2020-12-03,23.626944444444444,31.54361111111111,6.666666666666667,7.916666666666667,84.0,4.5,209.0,1.85,1.375,3.441666666666667,48.0,59.75,46.0,14.25,0.0,35.0,-0.16,0.18,77.0,86.0,69.0
2020-12-04,23.2,31.35,7.325,8.15,90.0,9.5,200.0,1.425,1.8666666666666667,4.033333333333333,52.0,58.625,37.0,13.0,0.0,722.0,0.31,0.21,87.0,84.0,81.0
2020-12-05,23.799722222222226,37.56638888888889,9.191666666666666,13.766666666666667,67.0,21.0,305.0,1.8,1.5333333333333334,5.858333333333333,54.0,75.0,32.0,14.875,0.0,142.0,0.16,0.35,78.0,81.0,71.0
2020-12-06,23.94,31.773333333333333,6.65,7.833333333333333,85.0,7.0,269.0,0.6333333333333333,1.6833333333333331,4.333333333333333,57.0,66.75,25.0,14.25,0.0,399.0,0.33,0.39,72.0,67.0,61.0
2020-12-07,,,,,,,,,,,,,,,,51.0,,,,,
2020-12-08,23.949444444444445,31.032777777777778,5.933333333333334,7.083333333333333,84.0,32.0,249.0,1.0,1.3333333333333333,3.6,52.0,59.25,36.0,13.375,0.0,279.0,0.22,0.42,66.0,68.0,57.0
2020-12-09,22.75861111111111,30.091944444444444,6.158333333333333,7.333333333333333,84.0,6.0,275.0,1.2916666666666667,1.475,3.3916666666666666,50.0,59.125,40.0,13.0,0.0,411.0,0.11,0.38,75.0,71.0,58.0
2020-12-10,,,,,,,,,,,,,,,,0.0,,,,,
2020-12-11,22.92527777777778,30.975277777777777,7.375,8.05,92.0,6.0,257.0,1.5916666666666666,2.2583333333333333,3.525,54.0,61.625,37.0,13.625,0.0,280.0,0.04,0.28,86.0,73.0,68.0
2020-12-13,,,,,,,,,,,,,,,,0.0,,,,,
2020-12-14,22.766666666666666,31.366666666666667,7.025,8.6,82.0,12.0,257.0,0.9166666666666666,2.075,4.033333333333333,51.0,63.375,44.0,13.75,0.0,32.0,0.06,0.24,81.0,78.0,75.0
2020-12-15,23.52472222222222,31.774722222222223,7.216666666666667,8.25,87.0,12.0,325.0,1.2666666666666666,1.65,4.3,49.0,61.0,50.0,14.25,0.0,115.0,0.11,0.26,81.0,83.0,58.0
2020-12-16,22.683611111111112,30.450277777777774,6.291666666666667,7.766666666666667,81.0,3.0,248.0,1.1333333333333333,1.375,3.783333333333333,51.0,61.625,51.0,13.875,0.0,14.0,-0.16,0.18,72.0,77.0,63.0
2020-12-17,,,,,,,,,,,,,,,,62.0,,,,,
2020-12-18,,,,,,,,,,,,,,,,0.0,,,,,
2020-12-20,,,,,,,,,,,,,,,,152.0,,,,,
2020-12-21,,,,,,,,,,,,,,,,313.0,,,,,
2020-12-22,23.51861111111111,32.10194444444444,7.475,8.583333333333334,87.0,4.5,202.0,1.2583333333333333,1.725,4.491666666666666,56.0,62.5,33.0,14.125,0.0,80.0,0.35,0.37,83.0,65.0,78.0
2020-12-23,23.85527777777778,31.738611111111112,7.308333333333334,7.883333333333334,93.0,5.0,226.0,1.6083333333333334,2.15,3.55,54.0,60.5,36.0,13.75,0.0,33.0,-0.03,0.35,84.0,80.0,72.0
2020-12-24,23.41777777777778,31.634444444444444,7.591666666666667,8.216666666666667,92.0,4.5,326.0,1.275,1.6416666666666666,4.675,53.0,56.75,41.0,13.375,0.0,14.0,-0.05,0.23,85.0,84.0,76.0
2020-12-25,23.814722222222223,31.93138888888889,6.533333333333333,8.116666666666667,80.0,3.5,209.0,1.275,1.3333333333333333,3.925,53.0,66.0,37.0,13.625,0.0,125.0,-0.22,0.07,75.0,79.0,79.0
2020-12-26,23.685277777777777,31.38527777777778,5.708333333333333,7.7,74.0,22.5,240.0,1.0833333333333333,1.5333333333333334,3.091666666666667,50.0,58.0,47.0,13.75,0.0,209.0,0.22,0.16,65.0,71.0,60.0
2020-12-27,25.883055555555558,32.56638888888889,5.333333333333333,6.683333333333334,80.0,7.0,216.0,1.6833333333333331,1.1166666666666667,2.533333333333333,56.0,62.125,40.0,13.75,0.0,2924.0,-0.04,0.18,62.0,62.0,59.0
2020-12-28,,,,,,,,,,,,,,,,1782.0,,,,,
2020-12-29,23.91777777777778,34.31777777777778,9.616666666666667,10.4,92.0,3.0,347.0,2.158333333333333,1.9583333333333333,5.5,47.0,53.5,59.0,13.375,0.0,194.0,0.12,0.21,85.0,89.0,71.0
2020-12-30,23.80527777777778,32.13861111111111,7.083333333333333,8.333333333333334,85.0,4.0,253.0,2.025,1.7,3.3583333333333334,50.0,55.75,50.0,13.875,0.0,28.0,0.04,0.23,80.0,89.0,72.0
2020-12-31,25.024722222222223,31.941388888888888,6.291666666666667,6.916666666666667,91.0,13.5,224.0,1.8583333333333332,1.1166666666666667,3.316666666666667,52.0,56.75,38.0,13.5,0.0,41.0,0.05,0.21,75.0,81.0,72.0
2021-01-01,25.33388888888889,33.51722222222222,7.183333333333334,8.183333333333334,88.0,5.5,204.0,0.475,2.033333333333333,4.675,53.0,63.5,34.0,13.625,0.0,129.0,0.12,0.23,70.0,74.0,70.0
2021-01-02,26.025,33.358333333333334,6.183333333333334,7.333333333333333,84.0,30.5,268.0,0.9416666666666668,1.575,3.6666666666666665,49.0,54.75,42.0,13.25,0.0,204.0,-0.13,0.16,64.0,72.0,70.0
2021-01-03,24.1275,32.910833333333336,7.675,8.783333333333333,87.0,21.0,321.0,0.4333333333333333,2.2666666666666666,4.975,52.0,59.625,40.0,13.375,0.0,66.0,0.06,0.15,77.0,80.0,78.0
2021-01-04,23.106944444444444,31.756944444444443,6.783333333333333,8.65,78.0,16.5,305.0,1.4166666666666667,1.475,3.8916666666666666,47.0,53.625,50.0,13.25,0.0,21.0,-0.17,0.08,76.0,83.0,59.0
2021-01-05,23.411666666666665,31.845,6.241666666666666,8.433333333333334,74.0,4.0,249.0,1.3916666666666666,1.5333333333333334,3.316666666666667,50.0,62.375,51.0,14.375,0.0,7.0,0.07,0.12,74.0,83.0,77.0
2021-01-06,23.1275,31.660833333333333,7.341666666666667,8.533333333333333,86.0,15.0,278.0,1.9,2.033333333333333,3.408333333333333,49.0,54.625,46.0,13.375,0.0,110.0,-0.03,0.13,86.0,89.0,67.0
2021-01-07,24.10833333333333,31.84166666666667,6.333333333333333,7.733333333333333,82.0,10.0,233.0,1.325,1.675,3.333333333333333,50.0,56.625,49.0,13.75,0.0,111.0,-0.02,0.14,77.0,85.0,75.0
2021-01-08,24.185,32.10166666666667,6.633333333333334,7.916666666666667,84.0,43.0,359.0,0.8833333333333333,1.125,4.625,53.0,57.75,38.0,12.75,0.0,0.0,-0.03,0.12,64.0,74.0,67.0
2021-01-10,,,,,,,,,,,,,,,,69.0,,,,,
2021-01-11,23.27833333333333,31.595,7.55,8.316666666666666,91.0,3.5,358.0,1.7,1.8666666666666667,3.983333333333333,53.0,59.5,44.0,12.875,0.0,442.0,0.2,0.21,83.0,84.0,55.0
2021-01-12,,,,,,,,,,,,,,,,59.0,,,,,
2021-01-13,24.924722222222226,32.124722222222225,6.516666666666667,7.2,91.0,2.5,266.0,1.6916666666666669,1.3166666666666669,3.5083333333333333,53.0,60.0,36.0,13.25,0.0,743.0,0.02,0.23,74.0,74.0,69.0
2021-01-14,24.399722222222223,29.21638888888889,4.216666666666667,4.816666666666666,88.0,18.5,154.0,1.6083333333333334,1.0166666666666666,1.5916666666666666,55.0,59.5,34.0,12.625,0.0,586.0,0.06,0.22,66.0,61.0,68.0
2021-01-15,25.149722222222223,30.183055555555555,4.641666666666667,5.033333333333333,92.0,3.0,85.0,2.033333333333333,0.725,1.8833333333333333,64.0,66.875,28.0,13.375,0.2,992.0,0.75,0.48,65.0,36.0,81.0
2021-01-16,21.41638888888889,31.083055555555557,7.841666666666667,9.666666666666666,81.0,32.5,278.0,0.9166666666666666,2.225,4.7,60.0,66.5,24.0,14.875,0.775,2664.0,1.07,0.9,80.0,44.0,65.0
2021-01-17,21.6975,32.48083333333334,8.425,10.783333333333331,78.0,2.5,312.0,0.325,2.0166666666666666,6.083333333333333,64.0,70.875,22.0,16.0,0.35,1530.0,1.32,1.28,77.0,33.0,60.0
2021-01-18,19.35888888888889,31.69222222222222,8.2,12.333333333333334,66.0,9.0,341.0,0.4166666666666667,2.158333333333333,5.625,56.0,64.125,29.0,16.125,0.0,566.0,0.31,1.05,77.0,66.0,60.0
2021-01-19,24.33833333333333,31.505,6.15,7.166666666666667,86.0,8.0,221.0,1.275,1.4416666666666669,3.433333333333333,53.0,57.25,37.0,14.375,0.0,1386.0,0.39,0.74,74.0,66.0,67.0
2021-01-20,23.354722222222225,31.738055555555555,7.591666666666667,8.383333333333333,91.0,15.0,266.0,1.5666666666666669,1.95,4.075,53.0,59.25,38.0,14.375,0.0583333333333333,4293.0,0.28,0.52,88.0,74.0,74.0
2021-01-21,23.58083333333333,31.364166666666662,6.683333333333334,7.783333333333333,86.0,3.0,168.0,1.6,1.4416666666666669,3.6416666666666666,56.0,60.25,29.0,14.0,0.0,3261.0,0.33,0.5,77.0,68.0,68.0
2021-01-22,23.362222222222226,31.19555555555556,7.025,7.833333333333333,90.0,16.5,289.0,1.025,1.8583333333333332,4.141666666666667,57.0,60.625,32.0,13.75,0.0,4939.0,0.02,0.37,83.0,73.0,68.0
2021-01-23,24.216944444444444,30.63361111111111,5.333333333333333,6.416666666666667,83.0,4.5,171.0,0.6083333333333333,1.375,3.35,60.0,64.75,27.0,13.875,0.0,6480.0,0.36,0.4,64.0,52.0,64.0
2021-01-24,23.14361111111111,31.74361111111111,7.658333333333333,8.6,89.0,4.5,270.0,1.8583333333333332,1.8916666666666664,3.908333333333333,56.0,61.25,33.0,14.5,0.0416666666666666,1743.0,0.18,0.41,85.0,74.0,67.0
2021-01-25,23.566944444444445,31.466944444444444,7.058333333333334,7.9,89.0,6.5,255.0,1.875,1.4916666666666667,3.691666666666667,56.0,60.5,35.0,13.25,0.0,16.0,0.21,0.42,80.0,72.0,67.0
2021-01-26,22.92888888888889,31.09555555555556,6.966666666666667,8.166666666666666,85.0,10.5,299.0,1.05,1.0833333333333333,4.833333333333333,54.0,62.625,35.0,14.25,0.0,410.0,0.17,0.37,76.0,70.0,58.0
2021-01-27,23.544722222222223,31.36138888888889,6.991666666666666,7.816666666666666,89.0,7.5,156.0,1.175,1.7166666666666666,4.1,60.0,65.25,27.0,14.125,0.0,21.0,0.26,0.39,82.0,65.0,69.0
2021-01-28,24.101666666666667,30.76833333333333,5.841666666666667,6.666666666666667,88.0,22.5,211.0,1.1166666666666667,1.4833333333333334,3.2416666666666667,55.0,62.75,34.0,13.5,0.0,278.0,-0.06,0.28,71.0,62.0,62.0
2021-01-29,24.069444444444443,31.619444444444447,7.191666666666666,7.55,95.0,4.0,240.0,2.308333333333333,1.925,2.958333333333333,58.0,62.625,32.0,14.0,0.0,11299.0,0.1,0.23,83.0,67.0,71.0
2021-01-30,24.09611111111111,30.92944444444445,5.625,6.833333333333333,82.0,4.5,200.0,0.7416666666666667,1.5333333333333334,3.35,58.0,65.75,34.0,13.75,0.0,8141.0,0.11,0.24,67.0,57.0,74.0
2021-01-31,23.7375,31.02083333333333,6.8,7.283333333333333,93.0,5.5,245.0,1.0583333333333331,1.8,3.941666666666667,56.0,65.5,35.0,13.75,0.0,8669.0,0.18,0.31,79.0,63.0,67.0
2021-02-01,24.58416666666667,31.3175,6.108333333333333,6.733333333333333,91.0,13.5,224.0,0.95,1.7416666666666667,3.4166666666666665,56.0,64.625,29.0,13.625,0.0,3060.0,0.05,0.29,75.0,55.0,71.0
2021-02-02,23.944166666666668,31.3275,6.875,7.383333333333334,93.0,5.0,330.0,0.9833333333333332,1.3583333333333334,4.533333333333333,53.0,58.625,46.0,13.5,0.0,4141.0,-0.06,0.21,74.0,70.0,57.0
2021-02-03,24.779722222222222,31.26305555555556,5.991666666666666,6.483333333333333,92.0,4.5,260.0,1.85,1.175,2.966666666666667,51.0,59.5,52.0,13.0,0.0,4672.0,-0.11,0.12,72.0,70.0,65.0
2021-02-04,23.733611111111117,30.933611111111112,6.616666666666666,7.2,92.0,3.5,262.0,1.625,1.7916666666666667,3.2,55.0,59.375,38.0,13.625,0.0,3991.0,-0.14,0.06,80.0,73.0,67.0
2021-02-05,24.81083333333333,31.8275,5.541666666666667,7.016666666666667,79.0,18.0,219.0,1.45,0.9416666666666668,3.15,54.0,61.5,49.0,14.375,0.0,6634.0,-0.49,-0.1,68.0,70.0,75.0
2021-02-06,23.891388888888887,30.95805555555556,6.641666666666667,7.066666666666666,94.0,4.5,257.0,1.5416666666666667,1.7166666666666666,3.3833333333333333,57.0,61.875,41.0,13.5,0.0,11409.0,0.12,-0.01,79.0,73.0,64.0
2021-02-07,24.34138888888889,30.79138888888889,5.875,6.45,91.0,4.0,154.0,1.8166666666666669,1.4666666666666666,2.591666666666667,54.0,58.625,45.0,13.625,0.0333333333333333,12063.0,-0.1,0.07,76.0,73.0,80.0
2021-02-08,23.546111111111117,31.529444444444444,6.458333333333333,7.983333333333333,81.0,7.0,244.0,1.5,0.9083333333333332,4.05,54.0,67.0,36.0,14.5,0.0,13749.0,-0.18,0.07,73.0,65.0,68.0
2021-02-09,24.91611111111111,31.66611111111111,5.8,6.75,86.0,5.5,269.0,1.5,0.6416666666666667,3.658333333333333,53.0,64.125,49.0,13.75,0.0,6141.0,-0.05,0.04,64.0,63.0,56.0
2021-02-10,25.23361111111111,31.950277777777774,6.016666666666667,6.716666666666667,90.0,4.0,228.0,1.0166666666666666,1.125,3.875,52.0,56.625,47.0,13.5,0.0,7504.0,-0.08,0.06,67.0,69.0,64.0
2021-02-11,24.10944444444445,31.47611111111111,6.366666666666666,7.366666666666666,86.0,13.0,229.0,1.675,1.45,3.2416666666666667,51.0,60.125,55.0,14.0,0.0,9661.0,-0.02,0.1,77.0,69.0,69.0
2021-02-12,24.049444444444443,31.232777777777777,6.291666666666667,7.183333333333334,88.0,7.5,224.0,1.5666666666666669,1.2416666666666667,3.4833333333333334,55.0,59.25,43.0,13.5,0.0,12046.0,-0.06,0.09,75.0,69.0,66.0
2021-02-13,24.495,31.37833333333333,5.883333333333334,6.883333333333334,85.0,19.5,144.0,2.125,1.2666666666666666,2.4916666666666667,48.0,53.0,56.0,12.75,0.0,17367.0,-0.12,0.06,72.0,67.0,71.0
2021-02-14,23.24361111111111,31.29361111111111,7.15,8.05,89.0,3.5,280.0,1.525,1.475,4.15,48.0,54.875,59.0,13.375,0.0,14768.0,0.02,0.09,82.0,71.0,72.0
2021-02-15,23.291111111111118,31.75777777777778,7.825,8.466666666666667,92.0,12.5,329.0,2.075,1.4333333333333331,4.316666666666666,47.0,54.0,53.0,12.875,0.0,7506.0,-0.13,0.07,87.0,76.0,72.0
2021-02-16,23.76527777777778,31.71527777777778,7.258333333333334,7.95,91.0,2.0,284.0,2.6333333333333333,1.325,3.3,49.0,54.0,60.0,13.25,0.0,5576.0,-0.33,-0.04,79.0,78.0,64.0
2021-02-17,23.304166666666667,31.454166666666666,6.741666666666666,8.15,83.0,16.5,264.0,1.4916666666666667,1.025,4.225,50.0,57.125,51.0,13.5,0.0,7623.0,,-0.02,76.0,79.0,60.0
2021-02-18,23.191666666666663,31.725,7.691666666666666,8.533333333333333,90.0,1.5,322.0,1.3416666666666666,1.6916666666666669,4.658333333333333,51.0,59.75,49.0,13.125,0.0,9846.0,-0.05,0.03,83.0,80.0,63.0
2021-02-19,23.12555555555556,29.87555555555556,6.033333333333333,6.75,89.0,19.5,247.0,1.1,1.1583333333333334,3.775,52.0,58.75,46.0,12.875,0.0,3745.0,0.16,0.17,73.0,79.0,61.0
2021-02-20,23.95083333333333,31.5675,7.125,7.616666666666666,94.0,4.5,217.0,1.3666666666666667,1.7833333333333334,3.975,50.0,57.125,56.0,12.75,0.0,12146.0,-0.01,0.18,83.0,79.0,79.0
2021-02-21,23.441944444444445,31.74194444444444,7.333333333333333,8.3,88.0,12.0,279.0,2.0166666666666666,1.6333333333333333,3.683333333333333,52.0,58.75,59.0,13.125,0.0,21299.0,-0.17,0.09,84.0,85.0,70.0
2021-02-22,23.366111111111117,31.032777777777778,6.55,7.666666666666667,85.0,9.0,209.0,0.8166666666666667,1.575,4.158333333333333,53.0,60.875,47.0,13.5,0.0,4581.0,-0.1,0.01,76.0,77.0,69.0
2021-02-23,,,,,,,,,,,,,,,,5889.0,,,,,
2021-02-24,23.73777777777778,31.23777777777778,6.575,7.5,88.0,2.5,225.0,1.1416666666666666,1.275,4.158333333333333,51.0,59.0,54.0,13.75,0.0,5133.0,-0.06,0.05,75.0,81.0,68.0
2021-02-25,23.56388888888889,31.43055555555556,7.1,7.866666666666666,90.0,6.5,295.0,1.2583333333333333,1.575,4.266666666666667,55.0,60.875,40.0,13.125,0.0,6398.0,-0.21,-0.01,80.0,73.0,60.0
2021-02-26,23.646666666666665,31.16333333333333,6.516666666666667,7.516666666666667,87.0,3.5,315.0,0.9583333333333334,1.4,4.158333333333333,56.0,63.625,39.0,14.125,0.0,14661.0,0.05,0.04,73.0,67.0,57.0
2021-02-27,25.86111111111111,31.56111111111111,4.683333333333334,5.7,82.0,4.0,193.0,0.95,1.2666666666666666,2.466666666666667,57.0,63.25,42.0,13.75,0.0,18444.0,-0.25,,58.0,59.0,59.0
2021-02-28,23.495,31.17833333333333,7.175,7.683333333333334,93.0,3.0,284.0,1.325,1.45,4.4,54.0,59.0,46.0,12.75,0.0,24013.0,-0.24,-0.07,81.0,69.0,63.0
2021-03-01,23.453888888888887,31.020555555555557,6.85,7.566666666666666,91.0,10.0,224.0,2.091666666666667,1.1083333333333334,3.65,51.0,57.375,60.0,13.375,0.0,6673.0,-0.32,-0.17,80.0,73.0,69.0
2021-03-02,23.39305555555556,31.49305555555556,6.375,8.1,79.0,4.5,273.0,1.1583333333333334,0.825,4.391666666666667,48.0,67.25,64.0,14.75,0.0,7480.0,-0.02,-0.08,68.0,79.0,60.0
2021-03-03,24.181666666666665,30.631666666666668,5.858333333333333,6.45,91.0,0.5,325.0,1.3083333333333331,1.1166666666666667,3.433333333333333,54.0,59.0,46.0,13.5,0.0,8069.0,-0.15,-0.04,69.0,64.0,48.0
2021-03-04,23.411944444444444,31.861944444444443,7.475,8.45,88.0,20.5,278.0,2.2416666666666667,1.4666666666666666,3.7666666666666666,52.0,58.375,58.0,13.375,0.0,8702.0,0.02,0.03,83.0,71.0,66.0
2021-03-05,22.753055555555555,31.336388888888887,7.333333333333333,8.583333333333334,85.0,5.5,295.0,0.7416666666666667,1.5166666666666666,5.075,51.0,60.875,48.0,13.75,0.0,7631.0,0.27,0.17,77.0,69.0,62.0
2021-03-06,23.42888888888889,31.212222222222223,6.683333333333334,7.783333333333333,86.0,13.0,320.0,0.975,1.4,4.308333333333334,55.0,65.125,39.0,13.0,0.0,16542.0,0.19,0.26,76.0,65.0,64.0
2021-03-07,23.799722222222226,31.49972222222222,6.75,7.7,88.0,2.5,229.0,1.65,1.325,3.775,54.0,59.5,39.0,13.5,0.0583333333333333,20028.0,-0.08,0.18,77.0,73.0,76.0
2021-03-08,23.449722222222224,30.799722222222226,5.941666666666666,7.35,81.0,8.0,251.0,1.6,1.3333333333333333,3.0083333333333333,53.0,57.5,56.0,12.75,0.0,18453.0,-0.25,,74.0,69.0,70.0
2021-03-09,24.16,31.26,5.258333333333334,7.1,74.0,6.5,175.0,0.7916666666666666,0.9166666666666666,3.55,53.0,63.625,41.0,14.25,0.0,6035.0,0.22,0.05,59.0,57.0,68.0
2021-03-10,24.281111111111112,31.83111111111111,6.866666666666666,7.55,91.0,11.0,392.0,1.2916666666666667,1.3583333333333334,4.216666666666667,51.0,55.875,58.0,13.0,0.0,6607.0,-0.11,0.07,76.0,75.0,48.0
2021-03-11,23.65277777777777,31.40277777777778,6.658333333333333,7.75,86.0,0.5,316.0,1.6583333333333334,0.9416666666666668,4.058333333333334,51.0,57.125,53.0,13.5,0.0,5940.0,-0.21,,71.0,74.0,54.0
2021-03-12,24.42527777777778,31.20861111111111,6.083333333333333,6.783333333333333,90.0,6.5,264.0,1.7666666666666666,1.1916666666666669,3.125,54.0,58.125,52.0,13.5,0.0,26690.0,-0.02,-0.02,75.0,72.0,73.0
2021-03-13,24.679166666666667,31.729166666666668,6.391666666666667,7.05,91.0,8.5,194.0,2.075,1.625,2.691666666666667,52.0,56.625,45.0,14.0,0.25,14237.0,-0.12,-0.01,77.0,72.0,69.0
2021-03-14,25.27833333333333,30.945,5.225,5.666666666666667,92.0,12.5,154.0,0.9916666666666668,0.9583333333333334,3.275,55.0,59.625,35.0,12.75,0.0,9296.0,-0.39,-0.12,67.0,61.0,76.0
2021-03-15,22.5175,31.734166666666667,7.391666666666667,9.216666666666669,80.0,17.5,334.0,1.15,1.5,4.741666666666666,49.0,58.625,55.0,13.25,0.0083333333333333,7615.0,-0.1,-0.14,80.0,77.0,56.0
2021-03-16,22.99833333333333,31.631666666666668,6.908333333333333,8.633333333333333,80.0,5.0,334.0,1.825,1.45,3.633333333333333,48.0,59.625,58.0,13.875,0.0,4600.0,-0.23,-0.14,79.0,73.0,68.0
2021-03-17,23.834444444444443,31.35111111111111,6.45,7.516666666666667,86.0,2.5,180.0,1.9583333333333333,1.4916666666666667,3.0,54.0,60.625,46.0,14.125,0.0,4266.0,-0.08,-0.08,77.0,76.0,74.0
2021-03-18,23.03638888888889,31.403055555555557,7.2,8.366666666666667,86.0,17.5,375.0,0.8583333333333333,1.925,4.416666666666667,54.0,61.25,49.0,14.0,0.0,7620.0,-0.01,-0.02,79.0,77.0,60.0
2021-03-19,24.35972222222222,31.24305555555556,5.866666666666666,6.883333333333334,85.0,4.5,287.0,1.2,1.5,3.1666666666666665,57.0,62.75,49.0,13.875,0.0,6246.0,-0.14,-0.02,70.0,71.0,64.0
2021-03-20,23.49277777777778,31.74277777777778,6.591666666666667,8.25,80.0,5.0,368.0,1.1583333333333334,1.6,3.8333333333333335,50.0,56.625,53.0,13.125,0.0,9689.0,-0.31,-0.13,73.0,79.0,52.0
2021-03-21,24.661944444444444,31.295277777777777,5.816666666666666,6.633333333333334,88.0,9.5,234.0,1.8666666666666667,1.0333333333333334,2.9166666666666665,50.0,55.5,49.0,13.5,0.0,11842.0,-0.16,-0.17,70.0,78.0,62.0
2021-03-22,22.93055555555556,31.84722222222222,7.2,8.916666666666666,81.0,3.5,276.0,1.5416666666666667,1.4083333333333334,4.25,50.0,57.375,48.0,13.5,0.0,6882.0,-0.08,-0.12,78.0,82.0,67.0
2021-03-23,23.58361111111111,31.30027777777778,6.591666666666667,7.716666666666667,85.0,26.0,191.0,1.4166666666666667,1.5,3.675,53.0,60.75,39.0,14.0,0.0,18804.0,-0.03,-0.04,77.0,72.0,75.0
2021-03-24,23.756944444444443,31.540277777777774,6.55,7.783333333333333,84.0,9.5,336.0,1.0833333333333333,1.5416666666666667,3.925,50.0,57.625,53.0,13.375,0.0,3059.0,-0.39,-0.15,74.0,74.0,61.0
2021-03-25,23.592222222222222,31.29222222222222,6.408333333333333,7.7,83.0,17.0,296.0,1.15,1.3916666666666666,3.8666666666666663,52.0,60.75,54.0,13.875,0.0,3268.0,-0.13,-0.19,75.0,80.0,58.0
2021-03-26,23.163888888888888,31.51388888888889,7.266666666666667,8.35,87.0,16.0,246.0,1.1916666666666669,2.0,4.075,54.0,62.0,39.0,14.0,0.0,8042.0,-0.22,-0.2,85.0,83.0,71.0
2021-03-27,24.924722222222226,31.441388888888888,5.766666666666667,6.516666666666667,88.0,2.5,191.0,1.6916666666666669,1.475,2.6,51.0,56.5,46.0,13.375,0.0,8116.0,-0.06,-0.1,72.0,79.0,76.0
2021-03-28,22.191944444444445,30.791944444444443,7.441666666666666,8.6,87.0,15.5,238.0,1.7333333333333334,1.2583333333333333,4.45,51.0,58.875,48.0,13.625,0.025,12455.0,0.04,-0.02,84.0,83.0,65.0
2021-03-29,23.56888888888889,31.91888888888889,6.425,8.35,77.0,2.5,339.0,1.5333333333333334,1.1833333333333331,3.7083333333333335,52.0,63.375,51.0,13.75,0.0,7973.0,-0.18,-0.02,69.0,78.0,49.0
2021-03-30,23.797222222222224,31.547222222222224,5.6,7.75,72.0,0.5,239.0,1.8333333333333333,1.1083333333333334,2.658333333333333,50.0,63.25,62.0,13.75,0.0,5809.0,-0.31,-0.14,65.0,78.0,64.0
2021-03-31,22.43138888888889,31.86472222222222,7.875,9.433333333333334,83.0,4.0,316.0,1.6916666666666669,1.175,5.008333333333334,49.0,60.75,49.0,13.625,0.0,6467.0,-0.15,-0.17,82.0,82.0,65.0
2021-04-01,23.57472222222222,31.25805555555556,6.633333333333334,7.683333333333334,86.0,6.0,305.0,1.6916666666666669,1.1,3.841666666666667,48.0,52.25,60.0,13.125,0.0,4649.0,-0.13,-0.13,75.0,83.0,62.0
2021-04-02,23.83138888888889,31.731388888888887,6.208333333333333,7.9,79.0,18.5,234.0,1.8083333333333331,0.8833333333333333,3.5166666666666666,51.0,59.125,46.0,13.625,0.0,16974.0,-0.08,-0.07,71.0,79.0,63.0
2021-04-03,25.162777777777777,32.36277777777778,5.833333333333333,7.2,81.0,25.5,268.0,1.1833333333333331,1.8166666666666669,2.833333333333333,53.0,60.0,48.0,13.5,0.0333333333333333,16853.0,-0.01,-0.02,66.0,70.0,58.0
2021-04-04,23.991666666666667,31.34166666666667,6.216666666666667,7.35,85.0,13.0,285.0,1.7166666666666666,1.2833333333333334,3.216666666666667,49.0,54.375,60.0,13.375,0.0416666666666666,9193.0,-0.11,-0.03,74.0,78.0,61.0
2021-04-05,22.43611111111111,31.136111111111116,7.841666666666667,8.7,90.0,6.5,273.0,2.091666666666667,1.8166666666666669,3.933333333333333,48.0,54.25,56.0,13.5,0.0,12205.0,0.11,0.02,90.0,88.0,78.0
2021-04-06,23.994444444444447,31.461111111111112,6.025,7.466666666666667,81.0,3.0,214.0,1.25,1.0333333333333334,3.7416666666666663,53.0,62.375,44.0,13.75,0.0,3709.0,-0.2,-0.02,68.0,74.0,66.0
2021-04-07,23.450277777777774,31.716944444444444,7.016666666666667,8.266666666666667,85.0,34.5,362.0,1.0833333333333333,1.3583333333333334,4.575,50.0,59.625,53.0,13.25,0.0,4381.0,0.1,,71.0,76.0,56.0
2021-04-08,24.40055555555556,31.15055555555556,5.866666666666666,6.75,87.0,15.5,287.0,1.5916666666666666,1.7833333333333334,2.4916666666666667,51.0,60.0,49.0,13.375,0.0,13067.0,-0.14,-0.03,75.0,80.0,57.0
2021-04-09,23.383333333333333,31.766666666666666,6.866666666666666,8.383333333333333,82.0,6.0,328.0,1.925,1.125,3.816666666666667,49.0,55.25,65.0,13.25,0.0,3708.0,-0.19,-0.09,74.0,81.0,53.0
2021-04-10,27.03361111111111,33.783611111111114,5.158333333333333,6.75,76.0,5.5,225.0,1.05,1.0083333333333333,3.1,52.0,63.25,45.0,13.75,0.0,14937.0,-0.17,-0.15,55.0,68.0,59.0
2021-04-11,23.149722222222223,31.149722222222223,6.391666666666667,8.0,80.0,2.5,202.0,2.2416666666666667,0.9583333333333334,3.191666666666667,52.0,60.375,58.0,14.0,0.0,9361.0,-0.15,-0.13,74.0,77.0,72.0
2021-04-12,23.079166666666666,31.479166666666668,7.208333333333333,8.4,86.0,6.5,296.0,1.4416666666666669,1.575,4.191666666666666,52.0,59.5,54.0,13.75,0.0,4756.0,-0.12,-0.09,81.0,80.0,65.0
2021-04-13,23.966944444444444,31.100277777777777,6.125,7.133333333333334,86.0,21.5,267.0,1.275,1.2583333333333333,3.591666666666667,53.0,58.125,49.0,13.375,0.0,4682.0,-0.01,-0.02,72.0,73.0,57.0
2021-04-14,23.14444444444445,31.077777777777776,6.133333333333334,7.933333333333334,77.0,19.0,248.0,1.0083333333333333,1.1833333333333331,3.941666666666667,53.0,57.5,50.0,13.5,0.05,6009.0,0.17,0.09,71.0,72.0,72.0
2021-04-15,24.691666666666663,30.975,5.65,6.283333333333333,90.0,0.5,285.0,1.0583333333333331,0.9166666666666666,3.675,51.0,59.875,53.0,13.75,0.0,9108.0,-0.27,0.01,65.0,68.0,58.0
2021-04-16,23.484166666666667,31.784166666666668,7.333333333333333,8.3,88.0,17.5,330.0,1.8666666666666667,1.4416666666666669,4.025,49.0,53.375,58.0,12.75,0.0,20278.0,-0.26,-0.12,82.0,83.0,61.0
2021-04-17,23.7925,31.509166666666665,6.266666666666667,7.716666666666667,81.0,23.0,308.0,1.3,1.0,3.966666666666667,49.0,54.625,57.0,13.5,0.0,15626.0,-0.3,-0.23,69.0,74.0,55.0
2021-04-18,23.530277777777776,31.68027777777778,6.408333333333333,8.15,79.0,3.5,352.0,1.0083333333333333,1.3416666666666666,4.058333333333334,50.0,59.375,60.0,13.75,0.0,21143.0,-0.15,-0.17,70.0,76.0,52.0
2021-04-19,22.965,32.031666666666666,7.416666666666667,9.066666666666666,82.0,10.5,266.0,1.4416666666666669,1.4833333333333334,4.491666666666666,49.0,60.5,56.0,13.75,0.0,4665.0,-0.12,-0.1,81.0,80.0,66.0
2021-04-20,23.352222222222224,31.21888888888889,5.825,7.866666666666666,74.0,42.0,255.0,1.0166666666666666,1.4166666666666667,3.3916666666666666,55.0,61.875,38.0,13.25,0.0,9343.0,0.33,0.13,61.0,64.0,60.0
2021-04-21,24.148055555555555,31.11472222222222,5.741666666666666,6.966666666666667,82.0,14.5,258.0,0.975,1.1,3.6666666666666665,51.0,64.75,51.0,14.125,0.0,18923.0,-0.38,0.03,70.0,69.0,67.0
2021-04-22,23.516666666666666,30.883333333333333,6.141666666666667,7.366666666666666,83.0,14.5,277.0,1.6416666666666666,1.2333333333333334,3.2666666666666666,52.0,59.75,44.0,13.125,0.0,16368.0,0.16,0.05,74.0,64.0,56.0
2021-04-23,25.184166666666663,31.35083333333333,5.458333333333333,6.166666666666667,89.0,4.0,145.0,2.0,1.0416666666666667,2.4166666666666665,51.0,55.5,53.0,12.875,0.0,14508.0,-0.23,-0.03,71.0,67.0,91.0
2021-04-24,23.3925,31.45916666666667,6.408333333333333,8.066666666666666,79.0,23.0,207.0,1.5416666666666667,1.5333333333333334,3.333333333333333,51.0,57.375,52.0,13.125,0.0,30744.0,0.1,0.05,76.0,69.0,75.0
2021-04-25,22.74138888888889,31.674722222222226,7.041666666666667,8.933333333333334,79.0,22.0,239.0,1.3583333333333334,1.7583333333333333,3.925,54.0,62.375,41.0,13.5,0.0,10490.0,0.18,0.13,79.0,63.0,64.0
2021-04-26,24.65083333333333,31.284166666666668,5.9,6.633333333333334,89.0,11.5,194.0,1.2166666666666666,1.675,3.0083333333333333,57.0,61.75,33.0,13.75,0.0,2744.0,0.24,0.26,78.0,63.0,85.0
2021-04-27,23.043333333333337,31.69333333333333,7.058333333333334,8.65,82.0,3.5,288.0,1.3,1.7916666666666667,3.966666666666667,52.0,61.5,45.0,13.625,0.0333333333333333,13595.0,0.02,0.22,79.0,74.0,59.0
2021-04-28,23.12305555555556,30.739722222222223,6.341666666666667,7.616666666666666,83.0,22.5,216.0,1.325,1.3333333333333333,3.683333333333333,53.0,59.875,46.0,13.75,0.0,8103.0,0.04,0.15,77.0,69.0,69.0
2021-04-29,23.0675,31.050833333333333,6.741666666666666,7.983333333333333,84.0,5.5,291.0,1.0916666666666666,0.8333333333333334,4.816666666666666,52.0,61.0,51.0,14.25,0.05,9656.0,0.1,0.14,73.0,70.0,68.0
2021-04-30,24.33416666666667,31.300833333333333,6.208333333333333,6.966666666666667,89.0,2.5,214.0,1.325,1.45,3.433333333333333,50.0,59.375,48.0,13.625,0.0,17419.0,0.01,0.14,76.0,70.0,84.0
2021-05-01,24.90083333333333,32.50083333333333,6.025,7.6,79.0,18.0,162.0,2.15,1.175,2.7,47.0,56.75,63.0,13.75,0.0,14239.0,0.03,0.13,71.0,68.0,77.0
2021-05-02,22.81638888888889,30.94972222222222,6.516666666666667,8.133333333333333,80.0,3.5,311.0,1.5,1.1333333333333333,3.883333333333333,46.0,57.875,59.0,13.875,0.0,18097.0,-0.13,0.05,72.0,70.0,56.0
2021-05-03,,,,,,,,,,,,,,,,7281.0,,,,,
2021-05-04,23.4775,31.31083333333333,7.083333333333333,7.833333333333333,90.0,3.0,238.0,1.725,1.2583333333333333,4.1,50.0,58.125,49.0,13.875,0.0,9358.0,0.03,0.06,80.0,80.0,77.0
2021-05-05,22.941666666666663,31.475,7.016666666666667,8.533333333333333,82.0,8.5,336.0,1.7166666666666666,1.4833333333333334,3.816666666666667,46.0,56.5,52.0,13.625,0.0,11808.0,-0.15,0.03,78.0,79.0,58.0
2021-05-06,23.154166666666665,31.370833333333334,7.233333333333333,8.216666666666667,88.0,21.0,320.0,1.5083333333333333,1.5166666666666666,4.208333333333333,51.0,55.0,48.0,11.875,0.1833333333333333,9704.0,-0.13,-0.01,81.0,83.0,60.0
2021-05-07,23.1125,32.0625,8.116666666666667,8.95,91.0,2.5,276.0,1.5666666666666669,2.0416666666666665,4.508333333333334,55.0,58.75,40.0,13.5,0.0,7274.0,0.32,0.13,89.0,82.0,80.0
2021-05-08,23.49138888888889,31.474722222222223,6.808333333333334,7.983333333333333,85.0,5.5,310.0,1.1583333333333334,1.375,4.275,56.0,63.125,43.0,13.5,0.0,19296.0,0.45,0.37,74.0,69.0,56.0
2021-05-09,22.7625,32.42916666666667,7.958333333333333,9.666666666666666,82.0,23.0,285.0,1.9333333333333331,1.1583333333333334,4.866666666666666,50.0,60.25,41.0,13.25,0.075,16884.0,0.29,0.46,82.0,81.0,66.0
2021-05-10,23.43027777777778,31.113611111111112,7.0,7.683333333333334,91.0,2.5,245.0,1.625,1.9166666666666667,3.458333333333333,51.0,58.875,49.0,13.375,0.0,3969.0,0.05,0.33,84.0,86.0,82.0
2021-05-11,23.461388888888887,31.528055555555557,6.941666666666666,8.066666666666666,86.0,5.0,292.0,1.5833333333333333,1.575,3.783333333333333,52.0,58.0,47.0,13.125,0.0,14307.0,0.17,0.26,80.0,85.0,66.0
2021-05-12,22.628055555555555,31.028055555555557,7.391666666666667,8.4,88.0,4.0,265.0,2.033333333333333,1.9416666666666669,3.4166666666666665,51.0,58.375,53.0,13.125,0.0,19771.0,-0.12,0.14,85.0,87.0,67.0
2021-05-13,23.35805555555556,31.024722222222223,7.191666666666666,7.666666666666667,94.0,5.5,222.0,1.3666666666666667,1.8916666666666664,3.933333333333333,59.0,67.5,32.0,13.625,0.0,10611.0,0.29,0.22,85.0,72.0,75.0
2021-05-14,25.65805555555556,31.774722222222223,5.541666666666667,6.116666666666666,91.0,1.5,256.0,1.6416666666666666,0.8333333333333334,3.066666666666667,50.0,55.375,51.0,13.0,0.0,6208.0,-0.07,0.18,64.0,73.0,66.0
2021-05-15,26.35805555555556,31.90805555555556,5.0,5.55,90.0,7.5,206.0,0.9583333333333334,0.875,3.1666666666666665,68.0,84.75,16.0,15.625,0.15,15152.0,0.72,0.44,61.0,38.0,77.0
2021-05-16,22.88361111111111,31.516944444444444,7.733333333333333,8.633333333333333,90.0,10.0,331.0,1.675,2.0083333333333333,4.05,54.0,61.375,40.0,13.25,0.0,12321.0,0.11,0.45,86.0,68.0,58.0
2021-05-17,23.989444444444445,31.33944444444445,6.283333333333333,7.35,85.0,3.5,233.0,1.375,1.2833333333333334,3.625,59.0,63.375,34.0,13.625,0.0,5684.0,0.11,0.37,73.0,64.0,66.0
2021-05-18,,,,,,,,,,,,,,,,12624.0,,,,,
2021-05-19,24.822222222222223,31.655555555555555,5.791666666666667,6.833333333333333,85.0,0.5,274.0,0.725,1.1333333333333333,3.933333333333333,58.0,69.5,30.0,15.0,0.0,9953.0,0.14,0.28,62.0,53.0,58.0
2021-05-20,23.26888888888889,31.052222222222223,7.066666666666666,7.783333333333333,91.0,14.0,309.0,1.3916666666666666,1.5583333333333331,4.116666666666666,55.0,62.0,38.0,13.875,0.0,4041.0,-0.02,0.21,83.0,66.0,60.0
2021-05-21,23.709166666666665,32.10916666666667,7.058333333333334,8.4,84.0,4.5,331.0,1.2583333333333333,1.8083333333333331,3.9916666666666663,54.0,59.25,46.0,13.25,0.0,12659.0,-0.2,0.08,78.0,75.0,66.0
2021-05-22,23.10083333333333,30.934166666666663,6.658333333333333,7.833333333333333,85.0,4.5,240.0,0.9916666666666668,1.275,4.391666666666667,51.0,62.625,59.0,13.25,0.0,21406.0,0.13,0.11,74.0,79.0,68.0
2021-05-23,22.134166666666665,32.4175,8.591666666666667,10.283333333333331,84.0,7.0,420.0,2.0083333333333333,1.6666666666666667,4.916666666666667,54.0,63.375,48.0,13.5,0.0,13576.0,0.4,0.32,87.0,79.0,54.0
2021-05-24,23.5675,31.884166666666665,7.016666666666667,8.316666666666666,84.0,5.0,270.0,1.2666666666666666,1.1083333333333334,4.641666666666667,51.0,67.5,50.0,13.875,0.0,7600.0,0.07,0.37,75.0,77.0,63.0
2021-05-25,23.42555555555556,31.642222222222223,7.283333333333333,8.216666666666667,89.0,8.0,291.0,1.0083333333333333,1.6833333333333331,4.591666666666667,52.0,58.5,50.0,13.125,0.0,16398.0,-0.14,0.21,80.0,84.0,61.0
2021-05-26,23.595277777777778,32.011944444444445,7.225,8.416666666666666,86.0,17.0,319.0,1.8583333333333332,1.55,3.816666666666667,49.0,55.75,63.0,13.125,0.0,10543.0,-0.03,0.1,80.0,86.0,58.0
2021-05-27,23.811111111111117,31.91111111111111,7.466666666666667,8.1,92.0,8.5,396.0,1.2,1.75,4.516666666666667,52.0,58.375,55.0,12.875,0.025,11705.0,-0.12,0.06,81.0,83.0,54.0
2021-05-28,23.559166666666663,31.7425,6.583333333333333,8.183333333333334,80.0,4.0,289.0,1.2416666666666667,1.2833333333333334,4.058333333333334,53.0,61.875,45.0,13.0,0.0,13481.0,0.32,0.23,72.0,79.0,60.0
2021-05-29,24.075277777777774,32.091944444444444,6.925,8.016666666666667,86.0,5.0,268.0,1.575,1.4583333333333333,3.8916666666666666,55.0,63.75,42.0,13.375,0.0,14950.0,-0.06,0.23,76.0,75.0,69.0
2021-05-30,25.15888888888889,32.04222222222222,6.033333333333333,6.883333333333334,88.0,14.5,313.0,1.1416666666666666,0.825,4.066666666666666,56.0,65.0,42.0,13.5,0.0,17023.0,0.11,0.24,67.0,65.0,55.0
2021-05-31,24.148055555555555,32.06472222222222,6.475,7.916666666666667,82.0,2.0,296.0,1.8833333333333333,1.15,3.441666666666667,51.0,56.125,58.0,12.5,0.0,17406.0,-0.26,0.08,73.0,83.0,66.0
2021-06-01,25.350277777777777,31.48361111111111,5.275,6.133333333333334,86.0,7.0,228.0,1.6666666666666667,1.0916666666666666,2.5166666666666666,48.0,56.125,59.0,12.875,0.0,10476.0,-0.31,-0.05,64.0,73.0,55.0
2021-06-02,23.400555555555552,31.433888888888887,7.075,8.033333333333333,88.0,16.0,251.0,1.0333333333333334,1.6833333333333331,4.358333333333333,56.0,62.75,37.0,12.625,0.0,7429.0,0.28,0.08,82.0,72.0,68.0
2021-06-03,24.217222222222222,32.300555555555555,7.475,8.083333333333334,92.0,2.5,311.0,1.2833333333333334,1.625,4.566666666666666,54.0,61.25,44.0,13.5,0.0,7876.0,0.07,0.23,80.0,78.0,68.0
2021-06-04,23.65083333333333,32.15083333333333,7.583333333333333,8.5,89.0,6.5,298.0,1.2333333333333334,1.8333333333333333,4.516666666666667,52.0,61.375,48.0,13.625,0.0,3173.0,0.02,0.24,82.0,83.0,67.0
2021-06-05,24.907777777777778,31.224444444444444,5.491666666666666,6.316666666666666,87.0,12.5,249.0,1.4083333333333334,1.1333333333333333,2.95,52.0,58.25,47.0,13.0,0.0,15949.0,-0.45,,69.0,79.0,61.0
2021-06-06,23.72472222222222,31.84138888888889,6.983333333333333,8.116666666666667,86.0,28.0,251.0,0.9083333333333332,1.5583333333333331,4.516666666666667,54.0,61.625,51.0,13.5,0.0,15191.0,-0.21,-0.11,74.0,77.0,66.0
2021-06-07,24.675555555555555,31.90888888888889,6.841666666666667,7.233333333333333,95.0,11.0,270.0,1.475,1.75,3.6166666666666663,51.0,57.875,54.0,13.625,0.0,5178.0,0.08,,81.0,85.0,68.0
2021-06-08,25.375,31.40833333333333,5.083333333333333,6.033333333333333,84.0,15.5,198.0,1.3416666666666666,0.6416666666666667,3.1,52.0,62.125,55.0,14.25,0.0,8670.0,0.12,0.17,62.0,73.0,61.0
2021-06-09,23.09583333333333,31.479166666666668,7.191666666666666,8.383333333333333,86.0,3.0,357.0,0.8,1.9083333333333332,4.483333333333333,51.0,56.125,56.0,13.375,0.0,7.0,0.02,0.21,76.0,83.0,61.0
2021-06-10,25.734166666666667,30.950833333333332,4.9,5.216666666666667,94.0,7.0,200.0,1.0916666666666666,1.4,2.408333333333333,50.0,54.875,44.0,13.625,0.4666666666666667,11629.0,-0.04,0.16,65.0,70.0,67.0
2021-06-11,24.15277777777778,31.90277777777778,7.183333333333334,7.75,93.0,1.0,350.0,1.7083333333333333,1.5833333333333333,3.8916666666666666,50.0,59.25,52.0,14.0,0.0,14511.0,-0.52,-0.08,77.0,76.0,53.0
2021-06-12,24.500555555555557,32.40055555555556,7.216666666666667,7.9,91.0,8.0,261.0,2.183333333333333,2.066666666666667,2.966666666666667,52.0,59.0,51.0,13.375,0.0,16800.0,0.07,-0.05,83.0,83.0,75.0
2021-06-13,23.825,32.025,7.258333333333334,8.2,89.0,14.5,318.0,1.6333333333333333,1.6916666666666669,3.933333333333333,51.0,55.75,55.0,13.125,0.0,16091.0,-0.13,,82.0,83.0,61.0
2021-06-14,25.258333333333333,31.391666666666666,5.325,6.133333333333334,87.0,11.5,262.0,1.2833333333333334,0.6916666666666667,3.35,50.0,55.75,55.0,13.375,0.25,6421.0,-0.14,0.03,64.0,74.0,57.0
2021-06-15,23.375,31.10833333333333,6.725,7.733333333333333,87.0,14.5,296.0,1.4833333333333334,1.225,4.016666666666667,51.0,58.875,47.0,13.5,0.0,16189.0,0.28,0.15,79.0,83.0,64.0
2021-06-16,23.148888888888887,31.49888888888889,7.025,8.35,84.0,12.0,287.0,1.5166666666666666,1.2166666666666666,4.291666666666667,49.0,66.875,60.0,14.75,0.0,7032.0,-0.05,0.19,79.0,80.0,63.0
2021-06-17,23.25861111111111,30.591944444444444,6.2,7.333333333333333,85.0,2.5,296.0,0.9416666666666668,1.1083333333333334,4.15,52.0,61.375,55.0,13.375,0.0,11071.0,0.04,0.18,69.0,77.0,55.0
2021-06-18,24.15861111111111,31.24194444444444,6.141666666666667,7.083333333333333,87.0,3.5,231.0,0.9583333333333334,1.8166666666666669,3.3666666666666667,55.0,60.5,38.0,13.5,0.0,,-0.19,0.06,73.0,74.0,67.0
2021-06-19,,,,,,,,,,,,,,,,14900.0,-0.2,-0.02,87.0,83.0,74.0
2021-06-20,23.625833333333333,31.45916666666667,6.525,7.833333333333333,83.0,15.0,240.0,1.4583333333333333,1.2583333333333333,3.808333333333333,53.0,63.125,49.0,13.75,0.1583333333333333,10606.0,-0.1,-0.04,77.0,78.0,66.0
2021-06-21,24.066388888888888,31.63305555555556,6.508333333333334,7.566666666666666,86.0,5.5,368.0,1.1083333333333334,1.0083333333333333,4.391666666666667,52.0,64.125,58.0,13.75,0.0,5354.0,-0.22,-0.03,69.0,81.0,51.0
2021-06-22,23.88361111111111,31.33361111111111,6.958333333333333,7.45,93.0,11.5,235.0,1.3333333333333333,1.3916666666666666,4.233333333333333,56.0,64.25,34.0,14.0,0.0,9852.0,0.35,0.16,82.0,76.0,77.0
2021-06-23,24.42222222222222,31.872222222222224,6.525,7.45,88.0,12.5,276.0,1.7833333333333334,1.4166666666666667,3.325,50.0,55.875,44.0,13.0,0.0,5735.0,-0.47,0.04,80.0,85.0,83.0
2021-06-24,24.516111111111112,30.83277777777778,5.858333333333333,6.316666666666666,93.0,3.5,227.0,1.6916666666666669,1.4666666666666666,2.7,53.0,59.0,48.0,14.0,0.0,10254.0,-0.22,-0.06,73.0,75.0,63.0
2021-06-25,23.95888888888889,31.475555555555555,6.308333333333334,7.516666666666667,84.0,7.0,218.0,1.1,1.075,4.133333333333334,56.0,66.125,31.0,14.0,0.0,12649.0,0.03,-0.02,72.0,68.0,74.0
2021-06-26,22.37472222222222,31.39138888888889,6.766666666666667,9.016666666666667,75.0,11.5,296.0,1.425,1.3666666666666667,3.975,53.0,63.75,43.0,13.125,0.0,13339.0,0.1,0.15,77.0,72.0,61.0
2021-06-27,22.40833333333333,31.175,8.116666666666667,8.766666666666667,93.0,4.0,261.0,2.025,1.9583333333333333,4.133333333333334,52.0,59.5,49.0,13.375,0.0,12141.0,0.21,0.26,89.0,82.0,67.0
2021-06-28,22.845,31.41166666666667,7.458333333333333,8.566666666666666,87.0,3.5,384.0,1.4666666666666666,1.5083333333333333,4.483333333333333,50.0,54.125,52.0,12.5,0.0,11975.0,-0.16,0.15,80.0,86.0,52.0
2021-06-29,23.9175,30.884166666666665,5.816666666666666,6.966666666666667,83.0,2.5,195.0,1.9666666666666663,1.1666666666666667,2.683333333333333,50.0,59.875,45.0,14.125,0.0,7556.0,-0.13,0.05,73.0,79.0,81.0
2021-06-30,23.2175,29.450833333333332,5.208333333333333,6.233333333333333,84.0,15.0,183.0,1.6916666666666669,0.8666666666666667,2.65,57.0,69.125,33.0,15.125,0.0,11552.0,0.12,0.1,72.0,69.0,78.0
2021-07-01,23.71722222222222,31.83388888888889,7.108333333333333,8.116666666666667,88.0,3.5,334.0,1.025,1.425,4.658333333333333,65.0,77.0,20.0,15.625,0.0,11521.0,1.76,0.88,74.0,36.0,52.0
2021-07-02,23.765,31.781666666666663,6.508333333333334,8.016666666666667,81.0,9.5,345.0,0.6,1.0833333333333333,4.825,52.0,64.625,50.0,14.75,0.0,26825.0,0.09,0.92,65.0,70.0,52.0
2021-07-03,25.309166666666663,31.7425,5.958333333333333,6.433333333333334,93.0,6.0,361.0,0.8666666666666667,1.225,3.8666666666666663,56.0,67.625,25.0,12.875,0.0,14513.0,0.06,0.57,65.0,59.0,47.0
2021-07-04,24.747777777777777,31.59777777777778,5.675,6.85,83.0,17.5,235.0,1.15,1.0583333333333331,3.466666666666667,51.0,64.5,59.0,14.625,0.025,18666.0,0.05,0.23,67.0,69.0,63.0
2021-07-05,24.40833333333333,31.708333333333336,6.391666666666667,7.3,88.0,7.0,273.0,1.0833333333333333,1.3833333333333333,3.925,50.0,61.625,51.0,14.0,0.025,5683.0,-0.18,0.12,72.0,69.0,63.0
2021-07-06,24.109166666666667,31.659166666666668,6.191666666666666,7.55,82.0,0.5,252.0,1.9166666666666667,0.9833333333333332,3.2916666666666665,50.0,60.875,53.0,13.625,0.0,9054.0,-0.14,0.04,68.0,73.0,63.0
2021-07-07,22.991666666666667,31.291666666666668,7.175,8.3,86.0,6.5,272.0,1.3916666666666666,2.2916666666666665,3.4916666666666667,52.0,63.625,54.0,13.875,0.0,164.0,0.21,0.15,82.0,76.0,65.0
2021-07-08,24.841944444444444,31.20861111111111,5.591666666666667,6.366666666666666,88.0,12.5,228.0,2.1333333333333333,1.1416666666666666,2.316666666666667,52.0,58.125,50.0,13.125,0.0,12703.0,-0.74,-0.07,71.0,73.0,70.0
2021-07-09,23.85805555555556,31.174722222222226,5.441666666666666,7.316666666666666,74.0,36.5,190.0,0.5166666666666667,1.25,3.675,50.0,63.75,47.0,14.25,0.0,9457.0,-0.6,-0.34,58.0,67.0,83.0
2021-07-10,,,,,,,,,,,,,,,,10800.0,,,,,
2021-07-11,23.792222222222225,31.225555555555555,6.266666666666667,7.433333333333334,84.0,2.5,286.0,1.9416666666666669,1.0166666666666666,3.308333333333333,54.0,61.5,41.0,13.375,0.0,14585.0,-0.1,-0.28,70.0,72.0,56.0
2021-07-12,23.408055555555556,31.34138888888889,6.941666666666666,7.933333333333334,88.0,5.0,364.0,1.375,1.4583333333333333,4.108333333333333,55.0,61.75,39.0,12.875,0.0,15111.0,0.02,,79.0,69.0,62.0
2021-07-13,23.65833333333333,31.40833333333333,6.325,7.75,82.0,14.0,301.0,1.5916666666666666,1.4916666666666667,3.2416666666666667,54.0,61.625,44.0,13.125,0.0,10882.0,-0.07,0.1,75.0,73.0,54.0
2021-07-14,23.92555555555556,31.375555555555557,6.241666666666666,7.45,84.0,4.5,220.0,1.25,1.5583333333333331,3.433333333333333,54.0,62.125,44.0,13.25,0.0,8255.0,-0.14,0.05,75.0,73.0,81.0
2021-07-15,,,,,,,,,,,,,,,,17669.0,,,,,
2021-07-16,27.01972222222222,32.03638888888889,4.241666666666666,5.016666666666667,85.0,18.0,238.0,1.1583333333333334,1.0333333333333334,2.05,52.0,59.75,51.0,13.5,0.0,12363.0,-0.23,-0.03,57.0,61.0,68.0
2021-07-17,22.56638888888889,30.349722222222223,6.816666666666666,7.783333333333333,88.0,10.5,218.0,1.675,1.9333333333333331,3.208333333333333,52.0,65.125,45.0,13.5,0.0,14843.0,-0.05,-0.01,83.0,77.0,65.0
2021-07-18,24.466666666666665,30.21666666666667,5.266666666666667,5.75,92.0,2.5,205.0,1.4833333333333334,0.8916666666666667,2.8916666666666666,54.0,65.875,36.0,13.375,0.0,12008.0,0.44,0.21,67.0,57.0,63.0
2021-07-19,,,,,,,,,,,,,,,,5795.0,,,,,
2021-07-20,22.500833333333333,30.784166666666668,6.866666666666666,8.283333333333333,83.0,3.0,325.0,1.3833333333333333,1.825,3.658333333333333,53.0,59.625,47.0,14.0,0.0,6195.0,0.18,0.35,78.0,79.0,54.0
2021-07-21,22.35083333333333,31.234166666666667,8.066666666666666,8.883333333333333,91.0,5.5,303.0,1.725,1.9,4.441666666666666,53.0,60.875,41.0,13.75,0.0,6211.0,0.03,0.2,89.0,84.0,71.0
2021-07-22,24.034166666666668,31.33416666666667,5.516666666666667,7.3,76.0,5.5,208.0,1.325,0.9666666666666668,3.225,52.0,66.5,35.0,14.25,0.0,9624.0,-0.06,0.11,67.0,76.0,64.0
2021-07-23,23.55,31.816666666666663,7.208333333333333,8.266666666666667,87.0,3.0,302.0,0.7,1.7,4.808333333333334,57.0,63.125,28.0,13.25,0.0,3870.0,0.17,0.14,76.0,69.0,70.0
2021-07-24,24.12527777777778,32.05861111111111,6.4,7.933333333333334,81.0,13.5,267.0,1.1583333333333334,1.3416666666666666,3.9,58.0,66.875,39.0,14.625,0.0,13039.0,0.19,0.23,72.0,72.0,55.0
2021-07-25,23.925833333333333,31.4925,6.725,7.566666666666666,89.0,5.5,207.0,2.5166666666666666,1.6416666666666666,2.566666666666667,53.0,58.875,41.0,13.5,0.0583333333333333,16159.0,0.45,0.4,79.0,75.0,71.0
2021-07-26,22.7925,31.47583333333333,7.6,8.683333333333334,88.0,3.5,399.0,1.7416666666666667,1.625,4.233333333333333,52.0,61.375,52.0,13.5,0.0,6741.0,0.19,0.41,83.0,83.0,57.0
2021-07-27,26.02555555555556,32.50888888888889,5.675,6.483333333333333,88.0,2.5,278.0,1.9,0.6083333333333333,3.1666666666666665,54.0,62.25,47.0,14.375,0.2666666666666666,10398.0,0.1,0.33,60.0,70.0,55.0
2021-07-28,24.29222222222222,30.175555555555555,5.425,5.883333333333334,92.0,2.0,312.0,0.85,1.0333333333333334,3.5416666666666665,67.0,75.375,18.0,14.125,0.0,9976.0,0.27,0.31,64.0,55.0,56.0
2021-07-29,23.07555555555556,31.592222222222222,7.158333333333333,8.516666666666667,84.0,8.5,301.0,1.4,1.7333333333333334,4.025,54.0,63.875,34.0,13.375,0.0,3671.0,0.08,0.29,81.0,68.0,62.0
2021-07-30,23.77583333333333,31.659166666666668,6.716666666666667,7.883333333333334,85.0,8.0,292.0,1.1833333333333331,1.7083333333333333,3.825,57.0,66.875,37.0,13.75,0.0,12884.0,0.27,0.33,77.0,72.0,65.0
2021-07-31,22.425,32.225,8.108333333333333,9.8,83.0,45.0,366.0,1.3833333333333333,2.4916666666666667,4.233333333333333,56.0,62.125,43.0,13.5,0.0,8432.0,0.23,0.36,79.0,77.0,57.0
2021-08-01,23.22583333333333,31.859166666666667,7.491666666666666,8.633333333333333,87.0,14.0,330.0,0.975,1.6916666666666669,4.825,54.0,64.75,36.0,14.0,0.4666666666666667,9157.0,0.15,0.36,82.0,79.0,71.0
2021-08-02,22.759166666666665,31.3425,7.341666666666667,8.583333333333334,86.0,17.5,320.0,1.4916666666666667,2.0083333333333333,3.841666666666667,54.0,63.5,37.0,14.125,0.0,12079.0,0.09,0.3,85.0,85.0,60.0
2021-08-03,22.509166666666665,30.8925,7.666666666666667,8.383333333333333,91.0,18.0,282.0,1.175,2.6083333333333334,3.883333333333333,57.0,69.125,26.0,14.75,0.1666666666666666,9704.0,0.54,0.45,88.0,68.0,66.0
2021-08-04,23.059166666666663,32.325833333333335,8.275,9.266666666666667,89.0,8.5,367.0,1.2416666666666667,2.191666666666667,4.841666666666667,53.0,59.75,42.0,14.0,0.0,9525.0,-0.06,0.38,87.0,87.0,60.0
2021-08-05,23.0925,31.82583333333333,7.275,8.733333333333333,83.0,15.0,232.0,1.85,1.9666666666666663,3.458333333333333,54.0,60.625,37.0,13.5,0.0,13187.0,,0.25,85.0,84.0,74.0
2021-08-06,26.2925,31.109166666666667,4.266666666666667,4.816666666666666,89.0,7.0,231.0,0.8666666666666667,0.6333333333333333,2.7666666666666666,53.0,56.875,44.0,13.25,0.025,12134.0,0.13,0.21,54.0,66.0,59.0
2021-08-07,,,,,,,,,,,,,,,,69.0,,,,,
2021-08-08,25.096944444444443,32.596944444444446,5.241666666666666,7.5,70.0,5.5,253.0,0.5583333333333333,1.125,3.558333333333333,51.0,61.625,46.0,13.625,0.0,10744.0,0.07,0.26,51.0,70.0,50.0
2021-08-09,23.10833333333333,31.241666666666667,6.55,8.133333333333333,81.0,8.5,299.0,1.5166666666666666,1.2416666666666667,3.7916666666666665,54.0,58.75,46.0,13.5,0.0416666666666666,10350.0,0.25,0.34,76.0,79.0,59.0
2021-08-10,24.758333333333333,31.758333333333333,5.891666666666667,7.0,84.0,11.5,273.0,1.6416666666666666,0.9916666666666668,3.2583333333333333,56.0,64.0,35.0,14.0,0.0,14175.0,-0.21,0.21,68.0,69.0,54.0
2021-08-11,23.508333333333333,32.24166666666667,7.391666666666667,8.733333333333333,85.0,19.0,326.0,1.9416666666666669,1.325,4.125,54.0,60.875,38.0,13.5,0.0,12351.0,0.08,0.18,79.0,78.0,60.0
2021-08-12,23.008333333333333,32.20833333333333,7.941666666666666,9.2,86.0,7.5,419.0,0.275,2.3833333333333333,5.283333333333333,58.0,71.625,26.0,14.75,0.0,10826.0,0.41,0.34,76.0,64.0,54.0
2021-08-13,25.016666666666666,31.85,5.775,6.833333333333333,85.0,4.5,145.0,1.275,1.9,2.6,57.0,73.875,14.0,15.125,0.0,10776.0,0.57,0.61,73.0,62.0,72.0
2021-08-14,23.133333333333333,30.96666666666667,7.358333333333333,7.833333333333333,94.0,4.0,284.0,1.3,1.35,4.708333333333333,56.0,62.625,45.0,14.125,0.0,16892.0,0.72,0.81,82.0,61.0,62.0
2021-08-15,23.1,32.21666666666667,8.141666666666667,9.116666666666667,89.0,3.5,395.0,1.7833333333333334,1.5916666666666666,4.766666666666667,50.0,56.0,67.0,13.5,0.0,8673.0,-0.05,0.6,84.0,81.0,56.0
2021-08-16,22.57555555555556,30.858888888888888,6.916666666666667,8.283333333333333,84.0,6.0,306.0,1.7333333333333334,1.4083333333333334,3.775,52.0,59.375,47.0,13.75,0.0,4351.0,0.05,0.36,79.0,85.0,61.0
2021-08-17,24.75111111111111,31.10111111111111,5.408333333333333,6.35,85.0,4.5,226.0,1.8166666666666669,0.7916666666666666,2.8,51.0,57.0,44.0,13.5,0.0,3926.0,0.15,0.29,65.0,77.0,64.0
2021-08-18,24.017777777777777,30.25111111111111,5.0,6.233333333333333,80.0,5.5,227.0,0.6916666666666667,1.025,3.283333333333333,58.0,69.125,27.0,14.375,0.0,3011.0,0.1,0.34,60.0,62.0,56.0
2021-08-19,23.90111111111111,30.884444444444444,5.808333333333334,6.983333333333333,83.0,5.0,271.0,1.0666666666666669,1.0083333333333333,3.733333333333333,59.0,68.0,29.0,13.75,0.0,5392.0,0.06,0.32,66.0,61.0,56.0
2021-08-20,24.78361111111111,31.016944444444444,5.1,6.233333333333333,82.0,28.5,233.0,1.0416666666666667,0.875,3.183333333333333,53.0,58.625,44.0,12.75,0.0916666666666666,3629.0,-0.2,0.19,59.0,67.0,58.0
2021-08-21,22.598055555555558,30.08138888888889,6.091666666666667,7.483333333333333,81.0,17.0,253.0,1.6916666666666669,1.3916666666666666,3.0083333333333333,55.0,63.25,34.0,13.875,0.075,14294.0,-0.01,0.16,75.0,68.0,56.0
2021-08-22,23.515,30.415,6.216666666666667,6.9,90.0,20.0,207.0,1.6666666666666667,1.8,2.75,53.0,63.375,30.0,13.375,0.1583333333333333,11414.0,-0.19,0.09,81.0,68.0,74.0
2021-08-23,,,,,,,,,,,,,,,,6124.0,,,,,
2021-08-24,22.2925,31.375833333333333,7.133333333333334,9.083333333333334,79.0,15.0,330.0,1.325,1.4166666666666667,4.391666666666667,54.0,68.75,45.0,14.5,0.0,6055.0,0.04,0.13,80.0,73.0,56.0
2021-08-25,23.491111111111117,31.20777777777778,6.933333333333334,7.716666666666667,90.0,9.5,313.0,1.0333333333333334,1.9,4.0,54.0,61.875,33.0,13.375,0.025,7695.0,0.18,0.29,79.0,74.0,60.0
2021-08-26,24.175833333333333,30.27583333333333,5.316666666666666,6.1,87.0,15.0,212.0,1.5083333333333333,1.1916666666666669,2.6166666666666667,52.0,57.75,51.0,13.625,0.0,9163.0,-0.08,0.23,71.0,75.0,64.0
2021-08-27,,,,,,,,,,,,,,,,15399.0,,,,,
2021-08-28,22.97583333333333,31.57583333333333,7.066666666666666,8.6,82.0,7.0,262.0,1.8333333333333333,1.25,3.983333333333333,51.0,69.375,44.0,14.125,0.0,10667.0,0.23,0.31,77.0,80.0,60.0
2021-08-29,26.691944444444445,32.341944444444444,4.458333333333333,5.65,79.0,48.0,154.0,0.3583333333333333,1.425,2.675,66.0,73.5,16.0,15.0,0.0,5318.0,0.26,0.43,47.0,44.0,75.0
2021-08-30,23.558055555555555,30.82472222222222,5.45,7.266666666666667,75.0,52.0,190.0,1.1833333333333331,1.1666666666666667,3.1,55.0,65.25,39.0,14.75,0.025,11181.0,-0.64,0.08,59.0,63.0,65.0
2021-08-31,26.624444444444443,31.157777777777778,4.291666666666667,4.533333333333333,95.0,0.5,149.0,0.5833333333333334,1.0916666666666666,2.6166666666666667,70.0,76.125,17.0,15.75,0.0,5576.0,-0.02,-0.02,53.0,38.0,67.0
2021-09-01,,,,,,,,,,,,,,,,86.0,,,,,
2021-09-02,19.716666666666665,32.333333333333336,10.258333333333333,12.616666666666667,81.0,6.0,351.0,2.091666666666667,2.783333333333333,5.383333333333334,52.0,63.25,53.0,14.125,0.0,10540.0,-0.29,-0.07,90.0,80.0,67.0
2021-09-03,23.733611111111117,32.58361111111111,7.933333333333334,8.85,90.0,2.5,323.0,1.125,2.316666666666667,4.491666666666666,52.0,63.75,40.0,13.875,0.0,11944.0,-0.16,,83.0,78.0,70.0
2021-09-04,25.1675,33.567499999999995,6.608333333333333,8.4,79.0,8.0,304.0,0.85,1.4833333333333334,4.275,56.0,68.625,55.0,14.75,0.0,9414.0,-0.17,-0.01,68.0,76.0,69.0
2021-09-05,25.183055555555555,32.44972222222222,5.65,7.266666666666667,78.0,5.0,300.0,1.025,0.55,4.075,51.0,54.625,64.0,13.0,0.0333333333333333,15940.0,-0.24,-0.03,57.0,79.0,57.0
2021-09-06,26.316388888888888,31.63305555555556,4.508333333333334,5.316666666666666,85.0,0.5,206.0,1.6083333333333334,0.3666666666666666,2.533333333333333,53.0,62.375,53.0,14.0,0.1083333333333333,14745.0,-0.43,-0.12,53.0,70.0,57.0
2021-09-07,23.55305555555556,31.653055555555557,7.0,8.1,86.0,15.5,217.0,1.7916666666666667,1.4083333333333334,3.8,54.0,60.75,40.0,13.625,0.0,19380.0,-0.02,-0.06,81.0,81.0,71.0
2021-09-08,23.348888888888887,30.99888888888889,5.933333333333334,7.65,78.0,16.5,167.0,1.7666666666666666,1.0416666666666667,3.125,54.0,62.5,40.0,13.75,0.0,5395.0,-0.03,0.04,75.0,76.0,81.0
2021-09-09,23.48333333333333,31.1,6.358333333333333,7.616666666666666,83.0,14.5,223.0,0.7833333333333333,1.85,3.725,58.0,63.5,39.0,13.125,0.0,19249.0,-0.04,0.11,77.0,74.0,77.0
2021-09-10,22.733611111111117,30.61694444444445,7.15,7.883333333333334,91.0,11.5,250.0,1.9833333333333332,2.158333333333333,3.0083333333333333,53.0,60.25,45.0,13.375,0.0,15101.0,-0.07,0.09,87.0,80.0,73.0
2021-09-11,23.949444444444445,31.282777777777778,5.683333333333334,7.333333333333333,78.0,17.5,239.0,1.775,1.05,2.8583333333333334,50.0,61.875,58.0,14.375,0.0,16266.0,-0.67,-0.17,69.0,76.0,65.0
2021-09-12,,,,,,,,,,,,,,,0.0583333333333333,7532.0,,,,,
2021-09-13,23.658055555555556,31.14138888888889,6.133333333333334,7.483333333333333,82.0,18.5,228.0,1.6333333333333333,1.4583333333333333,3.0416666666666665,48.0,55.875,59.0,13.25,0.0,11920.0,-0.02,-0.11,75.0,82.0,67.0
2021-09-14,23.650277777777777,31.48361111111111,6.666666666666667,7.833333333333333,85.0,29.5,191.0,1.9916666666666667,1.5666666666666669,3.1083333333333334,52.0,56.125,50.0,13.125,0.0,17455.0,-0.05,0.09,76.0,80.0,79.0
2021-09-15,25.266944444444444,31.25027777777778,5.391666666666667,5.983333333333333,90.0,16.0,195.0,1.5916666666666666,0.725,3.075,53.0,57.625,49.0,12.625,0.0,15357.0,-0.05,0.08,68.0,71.0,77.0
2021-09-16,24.00027777777778,31.30027777777778,6.233333333333333,7.3,85.0,41.5,208.0,1.8666666666666667,1.4833333333333334,2.8833333333333333,51.0,55.75,48.0,13.25,0.0833333333333333,12219.0,0.02,0.1,69.0,73.0,74.0
2021-09-17,25.150277777777777,31.566944444444445,5.041666666666667,6.416666666666667,79.0,25.0,215.0,1.75,0.8833333333333333,2.408333333333333,47.0,60.875,46.0,13.5,0.0,7629.0,-0.46,-0.06,59.0,69.0,59.0
2021-09-18,26.308333333333334,30.875,3.975,4.566666666666666,87.0,10.0,152.0,1.3333333333333333,0.8083333333333333,1.8333333333333333,49.0,59.75,55.0,13.625,0.0,28364.0,0.11,-0.02,56.0,64.0,63.0
2021-09-19,23.72,31.05333333333333,6.183333333333334,7.333333333333333,84.0,3.0,270.0,1.6916666666666669,0.5833333333333334,3.908333333333333,57.0,68.375,45.0,14.875,0.0,19485.0,-0.13,,68.0,56.0,61.0
2021-09-20,23.50888888888889,31.02555555555556,6.341666666666667,7.516666666666667,84.0,13.0,245.0,1.7,1.5666666666666669,3.075,52.0,58.375,44.0,13.5,0.0,12886.0,-0.18,,77.0,74.0,67.0
2021-09-21,24.50888888888889,29.54222222222222,4.275,5.033333333333333,85.0,4.5,173.0,1.3416666666666666,0.7583333333333333,2.175,49.0,54.375,52.0,13.0,0.0,17322.0,-0.07,-0.02,60.0,62.0,64.0
2021-09-22,23.441944444444445,30.325277777777774,6.225,6.883333333333334,90.0,15.5,177.0,1.225,1.85,3.15,63.0,67.5,19.0,14.0,0.0,6402.0,0.01,0.04,82.0,57.0,85.0
2021-09-23,24.17972222222222,31.51305555555556,6.316666666666666,7.333333333333333,86.0,17.5,235.0,1.35,1.6666666666666667,3.3,51.0,60.625,42.0,13.5,0.0,7303.0,-0.29,-0.02,77.0,67.0,63.0
2021-09-24,22.859166666666667,31.175833333333333,7.308333333333334,8.316666666666666,88.0,19.0,238.0,1.9083333333333332,1.8416666666666663,3.558333333333333,51.0,61.0,45.0,13.625,0.0,16440.0,-0.17,-0.08,87.0,73.0,78.0
2021-09-25,23.54361111111111,30.760277777777777,6.333333333333333,7.216666666666667,88.0,11.0,258.0,1.7833333333333334,1.3666666666666667,3.183333333333333,53.0,58.0,43.0,13.375,0.0833333333333333,13923.0,-0.14,-0.09,77.0,73.0,63.0
2021-09-26,21.9425,31.5925,7.616666666666666,9.65,79.0,41.0,245.0,2.2916666666666665,1.425,3.9,52.0,58.375,56.0,13.25,0.0,15313.0,0.12,0.04,79.0,80.0,75.0
2021-09-27,23.125,31.308333333333334,6.65,8.183333333333334,81.0,39.5,293.0,1.7583333333333333,1.4583333333333333,3.433333333333333,54.0,59.875,46.0,13.625,0.0,10532.0,-0.3,-0.01,71.0,75.0,58.0
2021-09-28,23.309166666666663,31.4925,5.616666666666666,8.183333333333334,69.0,6.5,189.0,1.95,0.85,2.816666666666667,50.0,58.5,47.0,13.25,0.0,12701.0,0.1,0.02,67.0,76.0,80.0
2021-09-29,23.461111111111112,30.994444444444444,6.633333333333334,7.533333333333333,88.0,5.0,229.0,2.0416666666666665,1.925,2.6666666666666665,53.0,60.625,57.0,13.0,0.0,14358.0,0.25,0.15,82.0,81.0,78.0
2021-09-30,22.9875,31.1375,6.908333333333333,8.15,85.0,31.0,228.0,1.5,1.35,4.058333333333334,50.0,63.375,41.0,14.375,0.0,9041.0,0.6,0.45,77.0,79.0,70.0
2021-10-01,22.38361111111111,29.48361111111111,5.4,7.1,76.0,33.0,187.0,1.2333333333333334,1.05,3.1166666666666667,50.0,56.5,63.0,13.375,0.0,8410.0,0.15,0.45,65.0,75.0,70.0
2021-10-02,25.11694444444445,31.216944444444444,5.325,6.1,87.0,17.0,160.0,1.1833333333333331,1.675,2.466666666666667,62.0,75.125,19.0,13.0,0.0,9590.0,0.47,0.47,72.0,55.0,77.0
2021-10-03,23.182222222222222,31.348888888888887,6.85,8.166666666666666,84.0,4.0,300.0,2.125,1.325,3.4,53.0,62.125,56.0,13.375,0.1083333333333333,15214.0,-0.24,0.23,77.0,79.0,62.0
2021-10-04,23.50861111111111,31.291944444444443,7.05,7.783333333333333,91.0,7.0,231.0,1.7916666666666667,1.5666666666666669,3.691666666666667,52.0,58.625,35.0,13.0,0.0416666666666666,10689.0,-0.49,-0.09,83.0,82.0,69.0
2021-10-05,23.39333333333333,31.076666666666668,5.641666666666667,7.683333333333334,73.0,52.0,202.0,0.7,1.175,3.7666666666666666,52.0,58.75,39.0,12.75,0.0,11974.0,0.02,-0.13,58.0,70.0,70.0
2021-10-06,24.774444444444445,30.641111111111112,5.275,5.866666666666666,90.0,5.0,166.0,1.95,0.8416666666666667,2.4833333333333334,54.0,59.625,38.0,12.5,0.0,12385.0,-0.03,,69.0,69.0,76.0
2021-10-07,24.15861111111111,31.20861111111111,5.825,7.05,83.0,23.5,183.0,1.2166666666666666,1.525,3.083333333333333,48.0,56.25,44.0,13.0,0.0,6355.0,0.12,0.13,72.0,72.0,71.0
2021-10-08,22.82472222222222,31.558055555555555,6.808333333333334,8.733333333333333,78.0,25.0,242.0,1.0583333333333331,1.5083333333333333,4.241666666666666,55.0,63.25,40.0,12.875,0.0,8043.0,0.2,0.22,74.0,69.0,64.0
2021-10-09,25.391944444444444,32.30861111111111,6.108333333333333,6.916666666666667,88.0,16.0,319.0,0.9916666666666668,1.1666666666666667,3.95,60.0,69.125,23.0,12.5,0.0,21865.0,-0.02,0.2,67.0,60.0,55.0
2021-10-10,23.956666666666667,31.69,6.858333333333333,7.733333333333333,89.0,5.5,232.0,1.2666666666666666,1.875,3.716666666666667,55.0,63.625,38.0,12.75,0.0,14933.0,0.07,0.16,80.0,64.0,73.0
2021-10-11,23.58305555555556,31.066388888888888,6.558333333333334,7.483333333333333,88.0,4.5,235.0,2.3,1.3583333333333334,2.9,55.0,59.875,45.0,13.0,0.0,10850.0,-0.36,-0.01,78.0,71.0,70.0
2021-10-12,23.359166666666667,31.1925,6.25,7.833333333333333,80.0,18.5,213.0,1.9166666666666667,1.575,2.7583333333333333,53.0,58.875,46.0,13.125,0.0,16737.0,-0.37,-0.18,78.0,74.0,71.0
2021-10-13,24.41777777777778,31.467777777777776,6.2,7.05,88.0,6.5,207.0,2.8916666666666666,1.4833333333333334,1.825,49.0,55.75,59.0,12.625,0.0,6607.0,-0.49,-0.33,76.0,75.0,70.0
2021-10-14,23.850555555555555,31.300555555555555,6.883333333333334,7.45,92.0,2.5,149.0,2.058333333333333,1.9416666666666669,2.8833333333333333,52.0,61.75,38.0,13.625,0.0,11159.0,0.28,-0.08,83.0,82.0,80.0
2021-10-15,25.38277777777778,31.33277777777778,5.491666666666666,5.95,92.0,4.0,170.0,1.275,1.3583333333333334,2.8583333333333334,63.0,77.0,18.0,14.0,0.0,12956.0,0.37,0.22,70.0,52.0,72.0
2021-10-16,22.232777777777777,32.03277777777778,7.966666666666667,9.8,81.0,11.5,297.0,2.0416666666666665,2.158333333333333,3.7666666666666666,55.0,65.375,51.0,13.875,0.0,13376.0,0.12,0.3,89.0,79.0,70.0
2021-10-17,23.52111111111111,31.121111111111112,6.666666666666667,7.6,88.0,7.5,253.0,1.6916666666666669,1.6,3.375,52.0,59.875,36.0,13.75,0.0,13805.0,-0.35,0.02,79.0,71.0,64.0
2021-10-18,23.91611111111111,31.11611111111111,6.316666666666666,7.2,88.0,2.5,304.0,1.4583333333333333,1.5416666666666667,3.316666666666667,49.0,58.375,55.0,13.5,0.0416666666666666,6660.0,-0.35,-0.22,74.0,81.0,63.0
2021-10-19,23.58388888888889,30.88388888888889,6.5,7.3,89.0,3.0,242.0,2.0166666666666666,0.85,3.633333333333333,50.0,58.75,49.0,13.125,0.0,9256.0,-0.4,-0.34,75.0,82.0,72.0
2021-10-20,22.983888888888888,30.66722222222222,5.716666666666667,7.683333333333334,74.0,18.0,296.0,0.8166666666666667,1.5083333333333333,3.3916666666666666,52.0,60.125,42.0,13.625,0.0,8421.0,0.2,-0.13,68.0,78.0,55.0
2021-10-21,,,,,,,,,,,,,,,,5184.0,,,,,
2021-10-22,23.999722222222225,31.083055555555557,6.466666666666667,7.083333333333333,91.0,12.5,249.0,0.4416666666666666,1.9333333333333331,4.091666666666667,59.0,71.875,26.0,14.125,0.0,9102.0,0.2,0.22,75.0,65.0,71.0
2021-10-23,23.56722222222222,32.40055555555556,6.808333333333334,8.833333333333334,77.0,36.0,256.0,1.125,1.4666666666666666,4.216666666666667,56.0,65.875,41.0,13.5,0.0,13373.0,-0.06,0.12,70.0,71.0,70.0
2021-10-24,25.91611111111111,31.782777777777778,5.241666666666666,5.866666666666666,89.0,18.0,187.0,1.5916666666666666,1.1,2.55,54.0,57.625,39.0,13.25,0.0,14390.0,-0.42,-0.09,66.0,69.0,68.0
2021-10-25,23.46611111111111,31.41611111111111,6.833333333333333,7.95,86.0,13.5,291.0,1.4083333333333334,1.5416666666666667,3.883333333333333,49.0,55.5,43.0,12.375,0.0,6810.0,0.03,-0.1,81.0,83.0,63.0
2021-10-26,23.725555555555555,31.092222222222222,6.433333333333334,7.366666666666666,87.0,8.0,212.0,2.0416666666666665,1.275,3.1166666666666667,51.0,58.125,46.0,13.625,0.0,8994.0,-0.04,-0.03,78.0,82.0,71.0
2021-10-27,,,,,,,,,,,,,,,,3954.0,,,,,
2021-10-28,23.425833333333333,31.32583333333333,6.483333333333333,7.9,82.0,3.0,247.0,2.225,1.15,3.1083333333333334,50.0,61.875,42.0,13.625,0.0,17438.0,-0.07,,74.0,82.0,68.0
2021-10-29,24.4425,31.1925,5.725,6.75,85.0,20.5,276.0,0.6916666666666667,1.2333333333333334,3.8,61.0,66.125,26.0,13.125,0.0,17517.0,0.4,0.22,65.0,57.0,57.0
2021-10-30,24.60861111111111,32.691944444444445,6.575,8.083333333333334,81.0,3.0,362.0,0.9083333333333332,1.775,3.8916666666666666,56.0,63.5,33.0,12.375,0.0,11362.0,-0.15,0.14,69.0,69.0,55.0
2021-10-31,22.65861111111111,29.35861111111111,5.383333333333334,6.7,80.0,4.5,224.0,1.3416666666666666,0.7416666666666667,3.3,54.0,62.75,37.0,13.375,0.0,12617.0,-0.08,0.05,67.0,67.0,72.0
2021-11-01,24.524444444444445,30.907777777777778,5.025,6.383333333333334,79.0,13.5,193.0,1.1916666666666669,0.775,3.058333333333333,54.0,62.5,39.0,13.125,0.0,8038.0,-0.32,-0.12,63.0,67.0,66.0
2021-11-02,24.2925,31.27583333333333,6.183333333333334,6.983333333333333,89.0,3.0,162.0,2.208333333333333,1.0416666666666667,2.933333333333333,55.0,60.75,41.0,13.125,0.0,7527.0,0.03,-0.07,74.0,69.0,77.0
2021-11-03,24.69305555555556,31.44305555555556,5.85,6.75,87.0,5.0,161.0,1.525,1.1833333333333331,3.1416666666666666,51.0,62.375,40.0,13.625,0.0,9571.0,0.3,0.12,71.0,68.0,76.0
2021-11-04,23.9425,31.02583333333333,6.266666666666667,7.083333333333333,88.0,6.5,267.0,0.9083333333333332,1.4416666666666669,3.9166666666666665,54.0,61.875,43.0,13.0,0.0,7107.0,0.05,0.2,73.0,67.0,66.0
2021-11-05,25.33305555555556,29.44972222222222,3.775,4.116666666666666,92.0,5.5,104.0,1.6166666666666667,0.4833333333333333,1.675,56.0,60.625,30.0,14.0,0.0,16700.0,0.15,0.2,62.0,54.0,87.0
2021-11-06,23.83333333333333,31.066666666666663,6.458333333333333,7.233333333333333,89.0,12.5,307.0,2.45,1.4583333333333333,2.55,50.0,58.875,44.0,13.125,0.0,16875.0,-0.18,0.06,78.0,73.0,59.0
2021-11-07,27.684166666666663,31.60083333333333,3.2916666666666665,3.9166666666666665,84.0,8.5,82.0,1.6,0.6583333333333333,1.0333333333333334,51.0,56.875,46.0,13.25,0.0,19957.0,-0.33,-0.09,55.0,56.0,98.0
2021-11-08,24.1175,31.2675,5.758333333333334,7.15,81.0,4.0,257.0,1.9416666666666669,1.0583333333333331,2.7583333333333333,52.0,61.5,50.0,12.375,0.0,11324.0,-0.16,-0.13,70.0,67.0,67.0
2021-11-09,,,,,,,,,,,,,,,,7.0,,,,,
2021-11-10,23.63305555555556,30.99972222222222,6.1,7.366666666666666,83.0,4.5,226.0,2.1166666666666667,1.075,2.908333333333333,54.0,59.375,44.0,12.75,0.0,3574.0,0.03,-0.02,72.0,65.0,64.0
2021-11-11,23.158055555555556,31.24138888888889,6.783333333333333,8.083333333333334,84.0,3.0,243.0,1.8,1.5333333333333334,3.45,50.0,56.875,50.0,13.0,0.0,9042.0,0.03,0.08,79.0,77.0,71.0
2021-11-12,24.25888888888889,30.62555555555556,4.7,6.366666666666666,74.0,17.5,216.0,0.8416666666666667,0.85,3.0083333333333333,51.0,57.75,46.0,13.125,0.0,10171.0,0.08,0.14,60.0,66.0,62.0
2021-11-13,25.672777777777775,32.62277777777778,5.641666666666667,6.95,81.0,19.5,284.0,1.4,1.1333333333333333,3.1083333333333334,57.0,71.875,33.0,14.25,0.0,9558.0,0.17,0.2,65.0,59.0,66.0
2021-11-14,23.508055555555558,31.058055555555555,6.308333333333334,7.55,84.0,4.0,197.0,1.4,1.25,3.658333333333333,47.0,63.25,53.0,13.75,0.0,13702.0,0.42,0.36,77.0,70.0,83.0
2021-11-15,24.73361111111111,31.016944444444444,4.858333333333333,6.283333333333333,77.0,4.0,231.0,1.2833333333333334,0.8333333333333334,2.7416666666666667,51.0,58.875,48.0,13.125,0.0,10278.0,-0.08,0.28,60.0,64.0,57.0
2021-11-16,23.691944444444445,31.24194444444444,5.708333333333333,7.55,76.0,19.0,195.0,1.7416666666666667,1.2416666666666667,2.725,48.0,59.375,59.0,13.5,0.0,16400.0,0.13,0.22,73.0,73.0,76.0
2021-11-17,23.275,30.941666666666663,6.966666666666667,7.666666666666667,91.0,14.0,263.0,1.3833333333333333,1.6916666666666669,3.8916666666666666,49.0,54.375,53.0,13.125,0.0,16644.0,0.28,0.27,86.0,79.0,77.0
2021-11-18,21.598888888888887,31.598888888888887,5.925,10.0,59.0,16.5,266.0,1.2583333333333333,1.7,2.966666666666667,49.0,54.625,60.0,13.125,0.05,13463.0,0.1,0.31,73.0,74.0,80.0
2021-11-19,23.634444444444444,32.60111111111111,7.908333333333333,8.966666666666667,88.0,3.5,257.0,1.9333333333333331,1.7333333333333334,4.241666666666666,51.0,59.0,51.0,13.125,0.0,3091.0,0.1,0.27,84.0,81.0,69.0
2021-11-20,,,,,,,,,,,,,,,,10799.0,,,,,
2021-11-21,25.48638888888889,32.36972222222222,6.066666666666666,6.883333333333334,88.0,10.5,276.0,1.2833333333333334,1.5583333333333331,3.225,53.0,59.0,41.0,12.375,0.0,18477.0,-0.13,0.08,71.0,76.0,60.0
2021-11-22,23.63305555555556,31.383055555555558,6.733333333333333,7.75,87.0,2.5,257.0,1.8416666666666663,1.4166666666666667,3.475,52.0,58.125,54.0,12.875,0.0,15062.0,,0.07,77.0,82.0,66.0
2021-11-23,23.840555555555557,31.00722222222222,6.658333333333333,7.166666666666667,93.0,5.0,256.0,1.85,1.3916666666666666,3.4166666666666665,53.0,57.625,38.0,12.125,0.0,6577.0,0.04,0.12,81.0,79.0,82.0
2021-11-24,23.611944444444447,30.99527777777778,6.266666666666667,7.383333333333334,85.0,3.0,242.0,1.5,1.625,3.1416666666666666,53.0,57.125,48.0,12.625,0.0,15108.0,-0.23,0.05,78.0,83.0,78.0
2021-11-25,24.065,31.515,6.483333333333333,7.45,87.0,25.0,244.0,1.175,1.6666666666666667,3.6416666666666666,57.0,67.25,29.0,14.125,0.0,19051.0,0.31,0.17,75.0,64.0,66.0
2021-11-26,23.49194444444445,31.641944444444444,7.558333333333334,8.15,93.0,3.0,240.0,2.066666666666667,2.333333333333333,3.158333333333333,53.0,58.125,52.0,13.0,0.0,24736.0,-0.15,0.15,87.0,77.0,79.0
2021-11-27,23.56722222222222,31.91722222222222,6.891666666666667,8.35,83.0,10.5,210.0,1.9,1.3916666666666666,3.6,54.0,60.125,42.0,13.375,0.0,15939.0,0.11,0.18,80.0,70.0,75.0
2021-11-28,25.141666666666666,31.958333333333336,6.108333333333333,6.816666666666666,90.0,6.0,229.0,1.175,1.3583333333333334,3.575,63.0,72.875,22.0,14.125,0.0,10403.0,0.09,0.18,71.0,56.0,66.0
2021-11-29,22.500833333333333,31.35083333333333,7.358333333333333,8.85,83.0,6.5,309.0,2.066666666666667,1.6833333333333331,3.608333333333333,50.0,56.5,48.0,13.25,0.0,11887.0,-0.15,0.13,83.0,85.0,61.0
2021-11-30,23.61638888888889,30.933055555555555,6.683333333333334,7.316666666666666,91.0,12.0,284.0,1.3,1.3916666666666666,3.9916666666666663,54.0,57.25,37.0,12.875,0.0,15614.0,0.08,0.12,80.0,74.0,65.0
2021-12-01,23.60027777777778,31.850277777777777,7.0,8.25,85.0,6.0,186.0,0.9,2.05,4.05,58.0,71.375,22.0,14.0,0.0,9598.0,0.37,0.28,78.0,56.0,76.0
2021-12-02,25.100555555555555,31.33388888888889,5.566666666666666,6.233333333333333,89.0,5.0,147.0,1.9,1.3166666666666669,2.35,53.0,60.5,46.0,13.0,0.0,10506.0,-0.03,0.29,72.0,68.0,83.0
2021-12-03,24.20055555555556,31.53388888888889,6.833333333333333,7.333333333333333,93.0,3.0,271.0,1.2,1.575,4.058333333333334,66.0,73.25,21.0,15.125,0.0,13850.0,0.03,0.21,78.0,55.0,71.0
2021-12-04,,,,,,,,,,,,,,,,5660.0,,,,,
2021-12-05,22.933333333333334,28.666666666666668,4.683333333333334,5.733333333333333,82.0,40.0,146.0,1.5166666666666666,0.8833333333333333,2.283333333333333,56.0,60.125,39.0,12.625,0.0,11646.0,-0.21,,63.0,61.0,83.0
2021-12-06,24.83388888888889,31.20055555555556,5.925,6.366666666666666,93.0,6.0,117.0,1.7416666666666667,1.5666666666666669,2.6166666666666667,54.0,59.125,38.0,12.125,0.0,10489.0,-0.02,0.07,78.0,68.0,89.0
2021-12-07,23.764166666666668,31.364166666666662,7.3,7.6,96.0,2.5,156.0,2.208333333333333,2.066666666666667,3.025,55.0,58.625,36.0,12.375,0.0,8544.0,-0.08,0.06,86.0,74.0,88.0
2021-12-08,25.70083333333333,31.184166666666663,4.85,5.483333333333333,88.0,6.0,101.0,2.0,1.0416666666666667,1.8083333333333331,53.0,59.125,41.0,12.5,0.0,9353.0,-0.24,-0.03,65.0,63.0,73.0
2021-12-09,23.50722222222222,31.54055555555556,7.483333333333333,8.033333333333333,93.0,9.0,158.0,1.1666666666666667,1.675,4.641666666666667,59.0,68.125,23.0,12.0,0.0,11520.0,0.2,0.05,87.0,62.0,85.0
2021-12-10,23.37666666666667,30.89333333333333,6.95,7.516666666666667,92.0,24.5,140.0,1.125,1.9,3.925,59.0,67.0,23.0,12.375,0.0,7958.0,0.04,0.13,85.0,61.0,91.0
2021-12-11,22.754722222222224,31.238055555555555,7.916666666666667,8.483333333333333,93.0,17.0,143.0,1.25,2.525,4.141666666666667,53.0,58.125,35.0,12.75,0.0333333333333333,9389.0,0.12,0.2,93.0,77.0,86.0
2021-12-12,20.86055555555556,31.510555555555555,8.9,10.65,84.0,29.5,188.0,1.6333333333333333,2.275,4.991666666666666,53.0,58.75,38.0,12.875,0.0,9260.0,0.08,0.2,90.0,85.0,82.0
2021-12-13,23.861944444444447,31.378611111111116,6.366666666666666,7.516666666666667,85.0,18.0,196.0,1.525,1.6,3.2416666666666667,55.0,65.25,35.0,13.25,0.0,11214.0,0.16,0.25,79.0,79.0,76.0
2021-12-14,24.358888888888888,31.358888888888888,6.458333333333333,7.0,92.0,11.5,91.0,1.8916666666666664,2.441666666666667,2.125,56.0,61.375,29.0,12.625,0.0,7447.0,0.15,0.22,84.0,71.0,90.0
2021-12-15,,,,,,,,,,,,,,,,,0.07,0.16,78.0,67.0,81.0
2021-12-16,24.73472222222222,31.301388888888887,5.741666666666666,6.566666666666666,87.0,34.5,140.0,1.8416666666666663,1.4833333333333334,2.4166666666666665,57.0,63.0,39.0,11.625,0.0,13999.0,-0.26,0.02,71.0,67.0,83.0
2021-12-17,23.406388888888888,28.273055555555555,4.258333333333334,4.866666666666666,88.0,5.0,164.0,1.375,0.6166666666666667,2.2666666666666666,59.0,69.5,32.0,12.375,0.0,10876.0,0.1,0.07,62.0,57.0,71.0
2021-12-18,22.0725,32.4225,8.708333333333334,10.35,84.0,7.5,220.0,0.625,2.4166666666666665,5.666666666666667,57.0,68.25,29.0,13.0,0.0,12955.0,0.12,0.13,84.0,68.0,69.0
2021-12-19,23.253055555555555,30.453055555555554,6.508333333333334,7.2,90.0,9.5,188.0,1.6333333333333333,1.525,3.35,54.0,59.75,47.0,12.75,0.0333333333333333,9290.0,0.18,0.19,82.0,80.0,78.0
2021-12-20,21.641388888888887,30.89138888888889,7.608333333333333,9.25,82.0,4.5,211.0,2.125,1.6666666666666667,3.816666666666667,50.0,60.375,48.0,13.375,0.0,9803.0,-0.22,0.09,85.0,86.0,75.0
2021-12-21,22.86694444444445,31.58361111111111,7.483333333333333,8.716666666666667,86.0,19.0,162.0,1.55,2.3916666666666666,3.5416666666666665,52.0,59.125,42.0,13.25,0.0,11752.0,0.06,0.05,90.0,89.0,95.0
2021-12-22,23.121944444444445,31.905277777777776,7.908333333333333,8.783333333333333,90.0,7.5,193.0,1.5166666666666666,2.15,4.241666666666666,53.0,59.0,36.0,12.5,0.0,8512.0,-0.13,0.02,89.0,89.0,79.0
2021-12-23,23.78638888888889,31.56972222222222,6.766666666666667,7.783333333333333,87.0,14.0,247.0,1.5166666666666666,1.5,3.75,53.0,61.75,39.0,13.125,0.0,9256.0,-0.18,,80.0,88.0,68.0
2021-12-24,23.49944444444445,32.31611111111111,7.75,8.816666666666666,88.0,5.0,164.0,2.6666666666666665,2.1166666666666667,2.966666666666667,53.0,58.625,33.0,13.25,0.075,8764.0,0.05,0.05,88.0,92.0,89.0
2021-12-25,,,,,,,,,,,,,,,,159.0,,,,,
2021-12-26,23.927222222222223,31.627222222222223,6.733333333333333,7.7,87.0,5.5,173.0,1.4166666666666667,1.525,3.7916666666666665,56.0,63.5,38.0,13.375,0.7666666666666667,6441.0,0.18,0.18,78.0,82.0,73.0
2021-12-27,24.775277777777777,32.67527777777778,6.866666666666666,7.9,87.0,4.5,191.0,1.6083333333333334,1.7916666666666667,3.466666666666667,51.0,56.375,48.0,13.0,0.0,5781.0,-0.22,0.13,78.0,90.0,76.0
2021-12-28,23.391944444444444,31.891944444444444,7.525,8.5,89.0,15.0,201.0,1.2916666666666667,1.7583333333333333,4.475,55.0,60.375,38.0,13.125,0.0,10203.0,0.1,0.14,87.0,91.0,71.0
2021-12-29,23.50861111111111,31.891944444444444,7.05,8.383333333333333,84.0,20.0,291.0,0.675,1.5166666666666666,4.858333333333333,54.0,60.5,38.0,14.0,0.0,11816.0,0.02,0.14,73.0,83.0,57.0
2021-12-30,23.00861111111111,31.975277777777777,8.191666666666666,8.966666666666667,91.0,10.5,226.0,1.6333333333333333,2.425,4.133333333333334,53.0,58.375,41.0,13.25,0.0416666666666666,11658.0,0.08,0.18,92.0,91.0,83.0
2021-12-31,,,,,,,,,,,,,,,,9362.0,,,,,
2022-01-01,24.738055555555555,31.738055555555555,6.4,7.0,91.0,3.5,167.0,1.4,1.7666666666666666,3.2333333333333334,57.0,63.125,27.0,13.875,0.0,15011.0,0.06,0.19,77.0,78.0,74.0
2022-01-02,23.475,31.34166666666667,5.766666666666667,7.866666666666666,73.0,16.0,206.0,1.275,1.1833333333333331,3.308333333333333,55.0,61.0,35.0,13.5,0.0,11363.0,0.01,0.11,68.0,78.0,63.0
2022-01-03,24.808611111111112,31.12527777777777,5.975,6.316666666666666,95.0,4.0,142.0,2.125,1.2416666666666667,2.6083333333333334,53.0,58.0,46.0,13.0,0.125,11707.0,0.02,0.06,74.0,81.0,80.0
2022-01-04,33.88166666666667,38.19833333333334,3.825,4.316666666666666,89.0,11.5,71.0,1.5416666666666667,0.9,1.3833333333333333,57.0,60.5,37.0,13.875,0.1249999999999999,5247.0,0.01,0.03,55.0,61.0,76.0
2022-01-05,23.492222222222225,31.75888888888889,7.133333333333334,8.266666666666667,86.0,28.0,166.0,1.2333333333333334,1.9666666666666663,3.933333333333333,52.0,56.625,47.0,13.125,0.3583333333333333,5815.0,0.19,0.11,80.0,84.0,77.0
2022-01-06,23.42361111111111,31.823611111111116,7.316666666666666,8.4,87.0,4.0,203.0,1.25,1.6,4.466666666666667,54.0,60.125,49.0,13.5,0.15,3303.0,-0.03,0.09,81.0,85.0,74.0
2022-01-07,23.908055555555556,31.70805555555556,7.233333333333333,7.8,93.0,4.5,129.0,1.6916666666666669,1.95,3.591666666666667,53.0,58.5,39.0,13.125,0.0,6748.0,-0.05,0.03,84.0,89.0,78.0
2022-01-08,25.60805555555556,32.20805555555555,5.341666666666667,6.6,81.0,3.0,127.0,1.4,1.0333333333333334,2.908333333333333,54.0,58.25,41.0,13.25,0.4666666666666667,11162.0,-0.18,-0.05,64.0,76.0,78.0
2022-01-09,23.836388888888887,32.16972222222222,6.216666666666667,8.333333333333334,75.0,8.5,206.0,1.6333333333333333,1.0083333333333333,3.575,53.0,57.25,49.0,12.375,0.0,16373.0,-0.33,-0.15,69.0,80.0,70.0
2022-01-10,24.574444444444445,31.62444444444445,5.991666666666666,7.05,85.0,12.5,190.0,1.275,1.6166666666666667,3.1,53.0,60.125,46.0,12.5,0.0,4091.0,-0.12,-0.13,75.0,80.0,74.0
2022-01-11,23.26833333333333,31.485,7.483333333333333,8.216666666666667,91.0,10.0,209.0,1.6666666666666667,1.9,3.9166666666666665,53.0,57.375,46.0,12.875,0.0,5887.0,-0.29,-0.13,89.0,89.0,84.0
2022-01-12,23.92138888888889,31.50472222222222,6.683333333333334,7.583333333333333,88.0,15.5,142.0,1.1583333333333334,2.025,3.5,54.0,61.375,35.0,13.375,0.0416666666666666,14620.0,-0.09,-0.07,82.0,78.0,83.0
2022-01-13,24.433888888888887,31.53388888888889,6.4,7.1,90.0,5.0,179.0,1.8083333333333331,1.6666666666666667,2.925,53.0,57.5,42.0,12.5,0.0,6661.0,-0.28,-0.11,78.0,76.0,74.0
2022-01-14,24.65055555555556,31.983888888888888,6.525,7.333333333333333,89.0,4.0,171.0,1.9166666666666667,1.725,2.8833333333333333,51.0,58.25,41.0,12.625,0.0,9849.0,-0.02,-0.05,80.0,85.0,86.0
2022-01-15,25.009166666666665,32.27583333333334,6.808333333333334,7.266666666666667,94.0,4.0,178.0,2.4916666666666667,2.441666666666667,1.875,52.0,57.125,43.0,12.625,0.0,5729.0,-0.16,-0.04,82.0,87.0,89.0
2022-01-16,23.32472222222222,32.49138888888889,8.133333333333333,9.166666666666666,89.0,3.0,199.0,0.8833333333333333,2.3583333333333334,4.891666666666667,56.0,63.25,31.0,12.875,0.0,17703.0,0.21,0.1,83.0,83.0,74.0
2022-01-17,24.058611111111112,32.00861111111111,6.733333333333333,7.95,85.0,18.0,175.0,1.1416666666666666,1.7166666666666666,3.875,55.0,60.375,36.0,12.75,0.0,6607.0,-0.14,0.1,79.0,74.0,76.0
2022-01-18,25.392222222222223,32.47555555555556,6.083333333333333,7.083333333333333,86.0,11.0,168.0,1.9166666666666667,1.3833333333333333,2.783333333333333,51.0,57.25,52.0,12.375,0.0,7985.0,0.06,0.13,72.0,84.0,70.0
2022-01-19,26.300833333333333,31.4675,4.55,5.166666666666667,88.0,11.5,95.0,1.6083333333333334,1.0416666666666667,1.9,50.0,57.25,39.0,12.25,0.0,12257.0,-0.2,0.05,64.0,70.0,80.0
2022-01-20,25.16722222222222,31.350555555555555,5.758333333333334,6.183333333333334,93.0,5.5,144.0,1.8083333333333331,1.325,2.625,51.0,58.25,39.0,12.75,0.0,14338.0,0.06,0.09,73.0,77.0,84.0
2022-01-21,24.53388888888889,31.517222222222223,6.183333333333334,6.983333333333333,89.0,13.5,133.0,1.5,2.0416666666666665,2.6416666666666666,54.0,64.125,29.0,13.0,0.0,13256.0,0.8,0.44,79.0,68.0,78.0
2022-01-22,24.683055555555555,33.51638888888889,7.841666666666667,8.833333333333334,89.0,8.5,193.0,1.2833333333333334,2.1,4.458333333333333,59.0,69.375,21.0,13.125,0.0416666666666666,1851.0,1.58,1.08,84.0,51.0,76.0
2022-01-23,25.12638888888889,33.67638888888889,8.025,8.55,94.0,5.5,177.0,1.5,2.7333333333333334,3.7916666666666665,54.0,61.125,32.0,13.875,0.0,6620.0,0.55,1.11,87.0,74.0,95.0
2022-01-24,25.1325,31.61583333333333,5.8,6.483333333333333,89.0,5.0,116.0,1.7666666666666666,1.3333333333333333,2.7,50.0,55.375,50.0,12.5,0.0,4638.0,-0.2,0.57,72.0,79.0,77.0
2022-01-25,22.894166666666667,31.3775,6.958333333333333,8.483333333333333,82.0,4.5,153.0,1.9583333333333333,1.65,3.35,51.0,54.875,46.0,12.75,0.0,6837.0,0.18,0.21,82.0,82.0,81.0
2022-01-26,24.50888888888889,31.142222222222223,5.991666666666666,6.633333333333334,90.0,13.0,187.0,1.8916666666666664,1.5083333333333333,2.591666666666667,54.0,60.125,34.0,13.25,0.0,2738.0,0.14,0.19,79.0,80.0,82.0
2022-01-27,23.209166666666665,31.359166666666667,7.491666666666666,8.15,92.0,17.5,132.0,2.4,2.5166666666666666,2.575,54.0,57.375,39.0,12.75,0.0,2102.0,-0.08,0.16,90.0,86.0,85.0
2022-01-28,23.8675,31.500833333333333,7.175,7.633333333333334,94.0,2.5,149.0,2.05,1.6583333333333334,3.466666666666667,53.0,57.375,39.0,12.375,0.0,2287.0,-0.06,0.07,84.0,85.0,88.0
2022-01-29,25.46638888888889,31.799722222222226,5.1,6.333333333333333,81.0,43.5,140.0,0.9333333333333332,1.1833333333333331,2.9833333333333334,55.0,59.75,33.0,13.25,0.025,5277.0,,0.05,57.0,68.0,86.0
2022-01-30,25.100555555555555,32.26722222222222,6.525,7.166666666666667,91.0,4.5,140.0,1.5916666666666666,1.9166666666666667,3.0166666666666666,57.0,61.75,30.0,12.5,0.0,8375.0,-0.16,0.01,79.0,75.0,87.0
2022-01-31,23.128055555555555,31.344722222222224,7.433333333333334,8.216666666666667,90.0,3.0,184.0,1.3166666666666669,2.3583333333333334,3.758333333333333,56.0,60.5,34.0,12.875,0.0,8904.0,0.08,0.06,88.0,82.0,87.0
2022-02-01,23.43638888888889,31.31972222222222,7.158333333333333,7.883333333333334,91.0,13.5,158.0,1.7666666666666666,2.091666666666667,3.3,54.0,58.125,39.0,12.375,0.0,13147.0,-0.09,0.05,88.0,83.0,84.0
2022-02-02,23.39305555555556,31.27638888888889,7.125,7.883333333333334,90.0,2.5,115.0,2.2583333333333333,2.05,2.816666666666667,54.0,56.625,50.0,12.625,0.0,13708.0,-0.16,,86.0,88.0,84.0
2022-02-03,24.30027777777778,31.350277777777777,6.275,7.05,89.0,3.5,176.0,1.5833333333333333,1.7,2.9916666666666667,62.0,67.5,28.0,13.125,0.0,16064.0,0.1,0.04,78.0,69.0,81.0
2022-02-04,23.90222222222222,31.40222222222222,6.225,7.5,83.0,17.5,158.0,1.4916666666666667,1.6333333333333333,3.1,53.0,58.25,43.0,12.875,0.0,6673.0,0.04,0.11,78.0,76.0,72.0
2022-02-05,23.699444444444445,31.63277777777778,7.566666666666666,7.933333333333334,95.0,4.0,185.0,1.9166666666666667,2.475,3.175,51.0,56.0,47.0,12.875,0.0,12141.0,-0.13,0.07,87.0,89.0,78.0
2022-02-06,24.549722222222226,32.23305555555555,6.608333333333333,7.683333333333334,86.0,15.5,161.0,1.85,1.3333333333333333,3.425,53.0,59.625,43.0,12.875,0.0,14714.0,0.1,0.09,79.0,85.0,82.0
2022-02-07,23.948611111111116,31.431944444444444,6.883333333333334,7.483333333333333,92.0,14.0,136.0,1.4833333333333334,2.425,2.975,56.0,60.75,29.0,13.0,0.0,10494.0,-0.11,0.06,86.0,72.0,84.0
2022-02-08,24.2675,31.500833333333333,6.383333333333334,7.233333333333333,88.0,18.0,125.0,2.208333333333333,1.875,2.3,51.0,56.0,49.0,12.875,0.0,15193.0,-0.17,,80.0,80.0,79.0
2022-02-09,23.983611111111117,31.450277777777774,6.958333333333333,7.466666666666667,93.0,3.0,170.0,2.5083333333333333,1.5083333333333333,2.941666666666667,52.0,56.0,49.0,13.125,0.0,10085.0,0.11,0.04,82.0,75.0,80.0
2022-02-10,23.98305555555556,31.49972222222222,6.15,7.516666666666667,82.0,7.0,135.0,2.0166666666666666,1.3666666666666667,2.7666666666666666,52.0,55.75,49.0,12.5,0.0,13523.0,-0.2,0.03,76.0,82.0,78.0
2022-02-11,23.766666666666666,31.03333333333333,6.816666666666666,7.266666666666667,94.0,3.5,129.0,1.5333333333333334,1.775,3.5083333333333333,61.0,67.0,25.0,13.0,0.0,11566.0,0.22,0.13,84.0,73.0,84.0
2022-02-12,23.16638888888889,31.933055555555555,7.583333333333333,8.766666666666667,87.0,4.0,169.0,1.7833333333333334,1.9333333333333331,3.8666666666666663,52.0,61.625,49.0,13.125,0.0,11546.0,-0.12,0.11,85.0,81.0,74.0
2022-02-13,25.100555555555555,32.300555555555555,6.133333333333334,7.2,85.0,3.0,180.0,1.475,1.55,3.1083333333333334,52.0,59.125,48.0,13.0,0.0,7078.0,-0.09,0.08,72.0,81.0,77.0
2022-02-14,24.188055555555557,31.33805555555556,6.2,7.15,87.0,13.0,149.0,1.4833333333333334,1.525,3.191666666666667,54.0,61.75,37.0,12.5,0.0,12862.0,0.06,0.07,78.0,82.0,77.0
2022-02-15,24.000555555555557,31.91722222222222,7.25,7.916666666666667,92.0,3.0,164.0,1.1,1.8333333333333333,4.316666666666666,53.0,61.25,35.0,12.375,0.0,13314.0,0.18,0.17,83.0,78.0,84.0
2022-02-16,23.9425,31.359166666666667,7.083333333333333,7.416666666666667,96.0,4.0,184.0,2.3,1.975,2.808333333333333,53.0,57.5,45.0,12.375,0.0,11630.0,-0.11,0.14,84.0,77.0,80.0
2022-02-17,26.274722222222223,31.32472222222222,4.458333333333333,5.05,88.0,2.5,130.0,1.0666666666666669,0.8,2.591666666666667,54.0,64.5,32.0,12.5,0.0,13858.0,0.2,0.2,57.0,61.0,69.0
2022-02-18,21.85805555555556,32.57472222222222,9.191666666666666,10.716666666666669,86.0,26.0,258.0,1.675,2.5083333333333333,5.008333333333334,54.0,62.0,45.0,12.5,0.0,19689.0,-0.2,0.11,91.0,82.0,74.0
2022-02-19,23.941388888888888,31.99138888888889,7.183333333333334,8.05,89.0,4.0,153.0,1.775,2.0416666666666665,3.3666666666666667,53.0,63.125,39.0,13.0,0.0583333333333333,15790.0,0.28,0.21,81.0,78.0,72.0
2022-02-20,24.29138888888889,32.42472222222222,6.991666666666666,8.133333333333333,86.0,6.0,198.0,1.625,1.325,4.041666666666667,53.0,60.375,45.0,13.25,0.025,17216.0,0.35,0.35,77.0,80.0,73.0
2022-02-21,25.65888888888889,32.14222222222222,5.783333333333333,6.483333333333333,89.0,7.0,116.0,1.6833333333333331,1.5083333333333333,2.591666666666667,52.0,55.375,47.0,12.5,0.0583333333333333,14437.0,0.08,0.36,71.0,75.0,73.0
2022-02-22,23.125833333333333,30.72583333333333,6.2,7.6,82.0,5.0,148.0,1.4166666666666667,1.2666666666666666,3.5166666666666666,55.0,60.0,42.0,13.0,0.0,8898.0,-0.07,0.19,76.0,72.0,81.0
2022-02-23,24.75777777777778,31.374444444444443,5.841666666666667,6.616666666666666,88.0,8.0,203.0,1.5916666666666666,1.4666666666666666,2.783333333333333,53.0,63.0,40.0,13.125,0.0,13662.0,0.02,0.1,74.0,73.0,76.0
2022-02-24,23.303611111111117,30.670277777777777,6.858333333333333,7.366666666666666,93.0,12.5,146.0,1.4916666666666667,1.95,3.4166666666666665,53.0,59.25,42.0,12.75,0.0,7719.0,0.06,0.13,88.0,82.0,90.0
2022-02-25,25.59138888888889,31.35805555555556,5.166666666666667,5.766666666666667,90.0,4.5,177.0,1.175,1.0166666666666666,2.975,57.0,63.75,40.0,12.5,0.0,20499.0,0.12,0.19,65.0,64.0,78.0
2022-02-26,23.54138888888889,32.07472222222222,7.583333333333333,8.533333333333333,89.0,12.5,283.0,1.7333333333333334,1.9333333333333331,3.9166666666666665,55.0,66.375,37.0,12.625,0.0,21458.0,-0.05,0.15,87.0,74.0,75.0
2022-02-27,22.449722222222224,31.78305555555556,8.716666666666667,9.333333333333334,93.0,2.5,206.0,1.175,2.333333333333333,5.208333333333333,57.0,66.625,26.0,12.5,0.0,13679.0,0.36,0.26,91.0,72.0,81.0
2022-02-28,21.976388888888888,31.10972222222222,7.475,9.133333333333333,82.0,5.0,208.0,1.8,1.6583333333333334,4.016666666666667,52.0,61.25,33.0,12.875,0.0,3146.0,,0.25,86.0,80.0,87.0
2022-03-01,23.56722222222222,31.217222222222222,6.75,7.65,88.0,20.0,154.0,1.9083333333333332,2.0416666666666665,2.8,49.0,54.875,44.0,13.125,0.0,7490.0,-0.13,0.14,84.0,87.0,83.0
2022-03-02,24.0425,31.2925,6.425,7.25,89.0,22.0,193.0,1.7583333333333333,2.05,2.6166666666666667,52.0,58.625,42.0,13.25,0.0,5126.0,-0.11,0.02,82.0,82.0,84.0
2022-03-03,24.659166666666668,31.125833333333333,5.983333333333333,6.466666666666667,93.0,4.5,144.0,2.091666666666667,1.7333333333333334,2.158333333333333,52.0,56.625,50.0,12.625,0.0,11303.0,-0.16,-0.01,79.0,85.0,96.0
2022-03-04,23.890833333333333,31.22416666666667,6.866666666666666,7.333333333333333,94.0,6.5,124.0,2.1333333333333333,2.325,2.408333333333333,49.0,56.125,57.0,13.125,0.0,14533.0,-0.15,-0.03,85.0,86.0,87.0
2022-03-05,24.0575,31.7075,6.625,7.65,87.0,10.0,219.0,1.7416666666666667,1.5583333333333331,3.325,48.0,57.25,47.0,12.375,0.0,16007.0,-0.04,,79.0,79.0,76.0
2022-03-06,24.732222222222223,31.532222222222224,5.716666666666667,6.8,84.0,16.5,182.0,1.175,1.3416666666666666,3.2,55.0,60.125,35.0,12.625,0.0,12275.0,-0.01,0.05,71.0,71.0,72.0
2022-03-07,23.732777777777777,31.066111111111116,5.741666666666666,7.333333333333333,78.0,21.0,181.0,2.083333333333333,0.9916666666666668,2.6666666666666665,46.0,55.5,60.0,12.625,0.0,12320.0,-0.14,0.03,70.0,78.0,68.0
2022-03-08,24.83277777777778,31.16611111111111,5.775,6.333333333333333,91.0,18.0,107.0,2.1,1.3916666666666666,2.283333333333333,48.0,54.5,48.0,12.25,0.0,6418.0,-0.1,,76.0,70.0,85.0
2022-03-09,23.591666666666665,30.941666666666663,6.441666666666666,7.35,88.0,9.0,138.0,1.9833333333333332,1.6916666666666669,2.7666666666666666,49.0,54.625,47.0,13.0,0.0,13249.0,-0.17,-0.03,82.0,84.0,83.0
2022-03-10,24.883333333333333,31.48333333333333,5.941666666666666,6.6,90.0,4.5,169.0,1.2916666666666667,1.3,3.35,62.0,71.875,22.0,13.0,0.0,9496.0,0.35,0.15,73.0,64.0,77.0
2022-03-11,23.76722222222222,31.78388888888889,7.441666666666666,8.016666666666667,93.0,12.0,153.0,1.875,2.2666666666666666,3.3,52.0,55.5,40.0,12.0,0.0,10798.0,-0.05,0.18,88.0,82.0,85.0
2022-03-12,24.749444444444443,31.61611111111111,6.408333333333333,6.866666666666666,93.0,4.0,179.0,1.3916666666666666,1.4,3.6166666666666663,59.0,67.375,27.0,12.875,0.0,20739.0,,0.15,77.0,70.0,82.0
2022-03-13,23.145555555555557,32.14555555555555,7.891666666666667,9.0,88.0,8.0,228.0,1.6833333333333331,2.533333333333333,3.675,51.0,57.125,43.0,13.125,0.05,20615.0,-0.12,0.04,88.0,79.0,70.0
2022-03-14,23.900277777777777,31.38361111111111,6.308333333333334,7.483333333333333,84.0,3.5,176.0,2.475,1.575,2.2583333333333333,49.0,55.25,60.0,12.75,0.0,10688.0,-0.17,-0.01,78.0,79.0,85.0
2022-03-15,23.35027777777778,31.13361111111111,7.125,7.783333333333333,92.0,3.0,151.0,2.1166666666666667,1.5166666666666666,3.4916666666666667,50.0,56.375,57.0,12.875,0.0,9797.0,-0.01,,83.0,84.0,78.0
2022-03-16,24.050555555555555,31.100555555555555,6.275,7.05,89.0,10.0,158.0,1.6833333333333331,1.275,3.316666666666667,49.0,57.5,51.0,12.625,0.0,7474.0,-0.01,0.05,80.0,79.0,92.0
2022-03-17,24.20916666666667,31.359166666666667,6.316666666666666,7.15,88.0,4.0,136.0,1.4,1.7833333333333334,3.1333333333333333,57.0,65.875,31.0,12.625,0.0,14927.0,0.09,0.12,78.0,72.0,75.0
2022-03-18,23.27472222222222,31.59138888888889,7.0,8.316666666666666,84.0,4.0,241.0,1.2333333333333334,1.6916666666666669,4.075,53.0,60.875,42.0,13.0,0.0,5367.0,-0.01,0.12,81.0,79.0,72.0
2022-03-19,25.508055555555558,32.32472222222222,6.391666666666667,6.816666666666666,94.0,3.0,175.0,2.066666666666667,1.8583333333333332,2.466666666666667,53.0,57.375,47.0,12.5,0.0,11528.0,-0.21,0.02,78.0,83.0,89.0
2022-03-20,22.81583333333333,32.0825,8.191666666666666,9.266666666666667,88.0,3.5,233.0,1.2333333333333334,2.25,4.708333333333333,54.0,62.375,36.0,12.75,0.0,10379.0,0.32,0.14,89.0,85.0,80.0
2022-03-21,23.325,31.208333333333336,6.508333333333334,7.883333333333334,83.0,4.0,137.0,2.0,2.05,2.458333333333333,56.0,61.625,37.0,13.125,0.0,12138.0,-0.01,0.18,80.0,79.0,76.0
2022-03-22,23.641666666666666,31.075,6.275,7.433333333333334,84.0,15.5,168.0,2.283333333333333,1.725,2.2666666666666666,52.0,57.5,43.0,12.5,0.0,7717.0,-0.08,0.12,82.0,87.0,81.0
2022-03-23,24.60833333333333,30.291666666666668,5.2,5.683333333333334,91.0,3.5,108.0,1.0583333333333331,1.15,2.9916666666666667,60.0,71.5,29.0,13.0,0.0,5656.0,0.27,0.17,68.0,63.0,74.0
2022-03-24,,,,,,,,,,,,,,,,1413.0,,,,,
2022-03-25,,,,,,,,,,,,,,,,14.0,,,,,
2022-03-26,23.90833333333333,31.691666666666663,7.1,7.783333333333333,91.0,7.5,147.0,2.175,2.0416666666666665,2.8833333333333333,50.0,60.375,41.0,12.375,0.0,21092.0,0.06,0.21,83.0,87.0,74.0
2022-03-27,23.558333333333334,31.758333333333333,7.133333333333334,8.2,87.0,6.0,240.0,1.625,1.6333333333333333,3.875,56.0,64.375,34.0,13.0,0.0,14732.0,0.03,0.19,82.0,64.0,77.0
2022-03-28,24.32555555555556,30.94222222222222,5.991666666666666,6.616666666666666,91.0,4.0,122.0,1.4166666666666667,1.775,2.8,54.0,58.375,43.0,12.875,0.0,8315.0,-0.23,0.04,78.0,76.0,85.0
2022-03-29,24.1925,31.409166666666668,6.458333333333333,7.216666666666667,89.0,4.0,143.0,1.4333333333333331,2.15,2.875,55.0,65.5,32.0,13.625,0.0,16502.0,0.1,0.06,80.0,76.0,79.0
2022-03-30,24.22583333333333,31.3925,6.191666666666666,7.166666666666667,86.0,3.0,175.0,1.775,1.2,3.216666666666667,58.0,67.875,40.0,13.375,0.0,12282.0,0.15,0.16,73.0,69.0,69.0
2022-03-31,23.5425,31.125833333333333,7.0,7.583333333333333,92.0,3.0,136.0,1.9083333333333332,2.0416666666666665,3.05,56.0,63.25,31.0,12.375,0.0,6832.0,0.25,0.29,84.0,70.0,77.0
2022-04-01,24.161944444444444,32.56194444444444,7.383333333333334,8.4,88.0,14.5,173.0,1.775,2.658333333333333,2.95,55.0,59.625,35.0,12.125,0.0,15556.0,-0.07,0.21,88.0,83.0,97.0
2022-04-02,23.933611111111112,32.10027777777778,7.55,8.166666666666666,92.0,18.5,163.0,1.3666666666666667,2.7333333333333334,3.45,61.0,69.125,22.0,11.875,0.1916666666666666,13506.0,0.09,0.17,87.0,72.0,79.0
2022-04-03,24.61111111111111,32.01111111111111,6.258333333333334,7.4,85.0,5.0,179.0,0.7833333333333333,1.8,3.675,55.0,66.625,38.0,12.625,0.0,14597.0,0.02,0.14,71.0,68.0,77.0
2022-04-04,24.47583333333333,31.109166666666667,6.108333333333333,6.633333333333334,92.0,3.5,154.0,1.7666666666666666,1.4916666666666667,2.85,57.0,63.75,31.0,13.5,0.7666666666666666,14283.0,0.38,0.3,76.0,62.0,77.0
2022-04-05,27.1425,35.292500000000004,6.725,8.15,83.0,3.0,165.0,2.191666666666667,1.3916666666666666,3.1416666666666666,54.0,62.625,38.0,13.25,0.0,8774.0,0.07,0.31,72.0,73.0,86.0
2022-04-06,28.425833333333333,34.975833333333334,5.725,6.55,87.0,4.0,152.0,1.6916666666666669,1.575,2.458333333333333,53.0,59.25,39.0,12.875,0.0,13390.0,-0.14,0.18,66.0,70.0,75.0
2022-04-07,27.6425,35.325833333333335,7.158333333333333,7.683333333333334,93.0,5.5,173.0,0.425,2.2333333333333334,4.5,70.0,76.25,15.0,11.625,0.0,2198.0,0.58,0.32,70.0,48.0,77.0
2022-04-08,25.016111111111112,31.232777777777777,5.008333333333334,6.216666666666667,81.0,5.0,191.0,1.2083333333333333,1.35,2.45,53.0,65.125,35.0,13.25,0.0,4906.0,0.04,0.36,64.0,69.0,64.0
2022-04-09,23.56638888888889,31.583055555555557,6.958333333333333,8.016666666666667,87.0,3.5,134.0,2.0083333333333333,1.7416666666666667,3.208333333333333,58.0,73.125,30.0,14.0,0.0,7814.0,0.24,0.37,82.0,73.0,81.0
2022-04-15,,,,,,,,,,,,,,,,123.0,,,,,
2022-04-16,23.33305555555556,32.98305555555555,8.341666666666667,9.65,86.0,6.5,292.0,1.6833333333333331,2.058333333333333,4.6,54.0,59.125,40.0,12.75,0.0083333333333333,8950.0,-0.01,0.25,86.0,96.0,65.0
2022-04-17,24.041944444444443,31.475277777777777,6.15,7.433333333333334,83.0,2.0,198.0,1.2416666666666667,1.7333333333333334,3.175,55.0,59.25,42.0,13.0,0.0,10696.0,-0.29,0.07,74.0,75.0,70.0
2022-04-18,32.78805555555556,38.48805555555556,4.766666666666667,5.7,84.0,5.5,120.0,1.5666666666666669,1.3666666666666667,1.8333333333333333,56.0,60.5,36.0,12.875,1.575,5877.0,0.16,0.09,60.0,68.0,85.0
2022-04-19,23.133888888888887,32.08388888888889,8.1,8.95,91.0,11.0,183.0,1.65,1.7083333333333333,4.741666666666666,51.0,56.125,45.0,13.0,0.6083333333333333,5099.0,0.26,0.25,91.0,94.0,73.0
2022-04-20,23.183888888888887,32.300555555555555,6.741666666666666,9.116666666666667,74.0,2.0,146.0,1.4333333333333331,1.6833333333333331,3.625,51.0,58.25,44.0,13.5,0.0,11655.0,0.31,0.41,77.0,90.0,83.0
2022-04-21,23.100555555555555,29.78388888888889,5.766666666666667,6.683333333333334,86.0,6.5,186.0,1.3833333333333333,1.4083333333333334,2.975,53.0,61.0,31.0,13.25,0.0,9952.0,0.4,0.5,77.0,76.0,85.0
2022-04-22,23.35,31.816666666666663,8.008333333333333,8.466666666666667,95.0,4.0,186.0,1.8333333333333333,2.65,3.525,51.0,54.75,52.0,13.25,0.0,5890.0,0.09,0.43,90.0,93.0,85.0
2022-04-23,24.26972222222222,32.76972222222222,7.416666666666667,8.5,87.0,34.5,216.0,1.475,2.175,3.7666666666666666,52.0,64.5,37.0,14.0,0.0,17111.0,-0.14,0.24,78.0,92.0,75.0
2022-04-24,24.125833333333333,33.4925,8.625,9.366666666666667,92.0,11.0,249.0,1.9166666666666667,2.2333333333333334,4.475,54.0,59.75,40.0,13.5,0.0,10707.0,-0.01,0.13,90.0,88.0,81.0
2022-04-25,24.74222222222222,31.592222222222222,5.933333333333334,6.85,87.0,2.5,195.0,1.925,1.2666666666666666,2.7416666666666667,52.0,59.5,43.0,13.5,0.0,7764.0,-0.39,-0.01,71.0,87.0,73.0
2022-04-26,25.392222222222223,31.058888888888887,4.958333333333333,5.666666666666667,88.0,3.5,158.0,1.3333333333333333,1.3083333333333331,2.316666666666667,51.0,59.75,50.0,13.875,0.0166666666666666,8348.0,-0.28,-0.1,65.0,78.0,66.0
2022-04-27,23.198055555555555,31.514722222222225,7.025,8.316666666666666,84.0,3.0,269.0,1.5166666666666666,1.8,3.7083333333333335,50.0,57.5,50.0,12.875,0.025,11949.0,-0.21,-0.11,80.0,88.0,63.0
2022-04-28,24.325277777777774,31.308611111111112,6.275,6.983333333333333,90.0,17.5,153.0,1.4416666666666669,1.7916666666666667,3.0416666666666665,56.0,61.875,33.0,12.625,0.0,9526.0,-0.36,-0.13,81.0,76.0,85.0
2022-04-29,24.141111111111112,32.20777777777778,7.466666666666667,8.066666666666666,93.0,4.5,238.0,0.9416666666666668,2.2416666666666667,4.283333333333333,62.0,69.125,25.0,12.25,0.0,11740.0,0.09,,80.0,75.0,69.0
2022-04-30,23.774444444444445,30.824444444444445,6.516666666666667,7.05,92.0,9.5,139.0,1.4083333333333334,2.1083333333333334,3.0,56.0,61.875,37.0,12.875,0.0,12692.0,-0.37,-0.04,82.0,71.0,73.0
2022-05-01,20.70694444444444,32.24027777777778,10.075,11.533333333333331,87.0,11.5,290.0,1.4416666666666669,3.191666666666667,5.441666666666666,56.0,63.25,37.0,13.375,0.0,10803.0,0.18,0.07,93.0,88.0,74.0
2022-05-02,22.12388888888889,30.67388888888889,7.708333333333333,8.55,90.0,4.5,192.0,1.925,1.9,3.883333333333333,49.0,54.25,57.0,12.875,0.0,20678.0,-0.17,0.06,87.0,95.0,72.0
2022-05-03,22.82583333333333,31.259166666666665,7.433333333333334,8.433333333333334,88.0,5.5,258.0,0.9666666666666668,2.025,4.441666666666666,53.0,60.25,37.0,13.375,0.0,16538.0,-0.23,,84.0,84.0,77.0
2022-05-04,24.933888888888887,31.350555555555555,5.508333333333334,6.416666666666667,86.0,3.5,127.0,1.5083333333333333,1.4083333333333334,2.591666666666667,52.0,57.25,42.0,12.625,0.0,16731.0,-0.23,-0.09,72.0,80.0,83.0
2022-05-05,23.302777777777777,31.136111111111116,6.95,7.833333333333333,89.0,6.0,151.0,1.9083333333333332,1.8916666666666664,3.15,52.0,57.625,50.0,13.125,0.0,10948.0,-0.16,-0.08,86.0,84.0,84.0
2022-05-06,23.21638888888889,31.26638888888889,7.333333333333333,8.05,91.0,9.5,156.0,1.175,2.15,4.008333333333334,57.0,66.875,25.0,13.25,0.0,11836.0,0.1,0.04,87.0,79.0,85.0
2022-05-07,23.13583333333333,31.969166666666663,7.983333333333333,8.833333333333334,90.0,8.0,268.0,1.05,1.9166666666666667,5.016666666666667,53.0,61.375,52.0,13.375,0.0083333333333333,31451.0,,0.12,87.0,89.0,76.0
2022-05-08,23.280833333333334,31.730833333333333,7.341666666666667,8.45,87.0,3.5,176.0,2.1,1.7666666666666666,3.475,54.0,60.625,36.0,13.625,0.0,22362.0,0.01,0.13,83.0,75.0,70.0
2022-05-09,23.342777777777776,31.059444444444445,6.241666666666666,7.716666666666667,81.0,2.0,267.0,0.675,1.2333333333333334,4.333333333333333,55.0,65.25,39.0,13.75,0.0,11359.0,-0.14,0.05,67.0,69.0,61.0
2022-05-10,23.486666666666668,31.186666666666667,6.625,7.7,86.0,5.0,220.0,1.4666666666666666,1.55,3.608333333333333,51.0,58.625,46.0,13.625,0.025,9807.0,-0.22,-0.03,79.0,79.0,76.0
2022-05-11,24.599722222222223,31.433055555555555,6.125,6.833333333333333,90.0,14.5,144.0,1.85,1.7916666666666667,2.4833333333333334,50.0,57.25,49.0,12.625,0.0,9945.0,-0.36,-0.15,81.0,82.0,84.0
2022-05-12,23.966666666666665,31.25,6.158333333333333,7.283333333333333,85.0,16.0,202.0,1.9416666666666669,1.675,2.5416666666666665,52.0,58.625,42.0,13.0,0.0,10538.0,-0.23,-0.18,79.0,82.0,74.0
2022-05-13,23.477777777777774,31.477777777777774,7.533333333333333,8.0,94.0,3.5,216.0,1.85,2.716666666666667,2.966666666666667,50.0,59.375,46.0,13.0,0.0,18417.0,0.14,-0.02,86.0,82.0,75.0
2022-05-14,24.15888888888889,31.50888888888889,6.633333333333334,7.35,90.0,18.5,135.0,1.775,1.2916666666666667,3.566666666666667,58.0,63.0,31.0,12.875,0.0,10984.0,0.11,0.14,80.0,69.0,80.0
2022-05-15,22.878611111111116,30.661944444444444,7.291666666666667,7.783333333333333,94.0,3.5,212.0,1.6,1.5083333333333333,4.183333333333334,51.0,55.0,48.0,12.875,0.0,11515.0,-0.03,0.15,84.0,86.0,70.0
2022-05-16,22.994444444444447,31.39444444444445,7.0,8.4,83.0,4.0,224.0,2.075,1.4916666666666667,3.433333333333333,49.0,59.0,47.0,13.375,0.0416666666666666,11944.0,-0.29,-0.01,80.0,78.0,70.0
2022-05-17,23.975277777777777,31.45861111111111,5.933333333333334,7.483333333333333,79.0,9.5,187.0,0.8583333333333333,1.2583333333333333,3.816666666666667,55.0,63.875,40.0,12.875,0.0,11907.0,-0.04,-0.05,68.0,72.0,68.0
2022-05-18,24.72972222222222,31.01305555555556,5.541666666666667,6.283333333333333,88.0,4.5,196.0,0.8666666666666667,1.3916666666666666,3.283333333333333,51.0,57.0,54.0,13.0,0.0,8185.0,0.09,0.04,67.0,68.0,68.0
2022-05-19,23.43638888888889,31.43638888888889,6.091666666666667,8.0,76.0,2.5,165.0,1.7916666666666667,1.35,2.95,47.0,57.0,56.0,13.0,0.0,10569.0,-0.17,0.04,72.0,80.0,66.0
2022-05-20,22.979444444444443,31.279444444444444,7.308333333333334,8.3,88.0,6.0,209.0,1.6,2.0,3.7083333333333335,50.0,54.625,48.0,12.375,0.0,8867.0,-0.32,-0.1,85.0,82.0,71.0
2022-05-21,24.034166666666668,31.08416666666667,6.266666666666667,7.05,89.0,3.0,185.0,1.7083333333333333,1.7,2.8583333333333334,51.0,55.625,52.0,12.5,0.0,22778.0,-0.24,-0.19,79.0,79.0,76.0
2022-05-22,24.74361111111111,32.026944444444446,5.475,7.283333333333333,75.0,21.5,203.0,0.9666666666666668,1.275,3.2333333333333334,54.0,64.0,35.0,13.0,0.0,10775.0,-0.13,-0.13,62.0,62.0,61.0
2022-05-23,24.966666666666665,31.65,6.083333333333333,6.683333333333334,91.0,6.0,186.0,2.1416666666666666,1.2333333333333334,2.708333333333333,49.0,56.0,60.0,13.25,0.0083333333333333,13816.0,0.08,0.02,74.0,77.0,80.0
2022-05-24,24.32333333333333,31.17333333333333,6.258333333333334,6.85,91.0,8.0,153.0,1.9,1.5,2.8583333333333334,52.0,55.75,53.0,12.5,0.0,9857.0,-0.13,0.05,78.0,73.0,72.0
2022-05-25,23.483888888888888,31.08388888888889,6.683333333333334,7.6,88.0,3.5,163.0,1.6333333333333333,1.4166666666666667,3.633333333333333,51.0,55.75,54.0,12.875,0.0,13576.0,-0.17,,78.0,77.0,71.0
2022-05-26,23.1775,30.9775,6.341666666666667,7.8,81.0,2.5,212.0,1.475,1.7666666666666666,3.1,55.0,62.0,36.0,12.375,0.0,15460.0,0.15,0.06,76.0,70.0,71.0
2022-05-27,23.8675,31.500833333333333,6.591666666666667,7.633333333333334,86.0,17.5,199.0,1.8333333333333333,1.625,3.1333333333333333,52.0,58.5,62.0,12.75,0.0,10641.0,0.15,0.18,80.0,72.0,74.0
2022-05-28,24.72833333333333,31.611666666666665,5.775,6.883333333333334,84.0,2.5,158.0,1.7416666666666667,1.3583333333333334,2.675,51.0,57.875,57.0,12.75,0.0,24717.0,0.24,0.29,71.0,73.0,76.0
2022-05-29,23.408055555555556,32.32472222222222,7.475,8.916666666666666,84.0,11.0,285.0,2.1,1.8583333333333332,3.5166666666666666,49.0,57.75,54.0,12.75,0.0,17351.0,-0.2,0.15,84.0,76.0,73.0
2022-05-30,24.75,31.58333333333333,5.775,6.833333333333333,85.0,3.0,148.0,2.0166666666666666,1.325,2.433333333333333,47.0,60.0,71.0,13.625,0.0,17024.0,-0.26,-0.02,71.0,76.0,76.0
2022-05-31,23.113611111111112,31.54694444444445,6.625,8.433333333333334,79.0,24.5,194.0,1.7083333333333333,1.7916666666666667,3.125,45.0,57.25,77.0,13.375,0.0,13009.0,0.01,-0.03,78.0,73.0,75.0
2022-06-01,24.22,31.82,6.716666666666667,7.6,88.0,3.0,218.0,2.2333333333333334,1.9833333333333332,2.5,49.0,58.75,62.0,13.125,0.05,11699.0,-0.29,-0.06,79.0,83.0,70.0
2022-06-02,23.255277777777778,31.655277777777776,6.866666666666666,8.4,82.0,3.5,151.0,1.675,1.7666666666666666,3.425,49.0,56.75,58.0,13.0,0.0,15153.0,-0.17,-0.08,79.0,81.0,71.0
2022-06-03,23.40111111111111,31.334444444444443,6.916666666666667,7.933333333333334,87.0,17.0,168.0,2.775,1.6166666666666667,2.525,51.0,57.875,51.0,13.125,0.0,20428.0,-0.28,-0.15,84.0,82.0,76.0
2022-06-04,23.33222222222222,31.315555555555555,6.5,7.983333333333333,81.0,2.5,117.0,1.9166666666666667,0.9583333333333334,3.625,50.0,63.875,68.0,13.75,0.0,12891.0,-0.22,-0.15,73.0,72.0,71.0
2022-06-05,23.625833333333333,31.8925,7.808333333333334,8.266666666666667,94.0,5.0,163.0,2.35,2.458333333333333,3.0,48.0,55.625,90.0,13.25,0.0,14351.0,-0.3,-0.17,89.0,85.0,86.0
2022-06-06,23.13111111111111,31.297777777777775,7.1,8.166666666666666,87.0,2.0,164.0,2.216666666666667,1.8833333333333333,3.0,46.0,54.25,72.0,13.125,0.0333333333333333,14005.0,-0.23,-0.15,84.0,87.0,80.0
2022-06-07,22.942777777777778,31.60944444444444,6.95,8.666666666666666,80.0,2.5,259.0,1.65,1.775,3.525,48.0,58.625,62.0,13.625,0.0,19754.0,-0.07,-0.07,78.0,81.0,66.0
2022-06-08,24.766666666666666,31.83333333333333,5.8,7.066666666666666,82.0,8.0,203.0,1.8583333333333332,1.2416666666666667,2.7,48.0,60.625,66.0,13.375,0.0333333333333333,10058.0,0.03,0.04,70.0,70.0,67.0
2022-06-09,23.85027777777778,31.766944444444444,7.308333333333334,7.916666666666667,92.0,4.0,181.0,2.025,1.5916666666666666,3.691666666666667,52.0,60.25,45.0,12.75,0.0,11201.0,0.14,0.15,85.0,79.0,86.0
2022-06-10,24.64,30.99,5.641666666666667,6.35,89.0,6.0,159.0,1.3916666666666666,1.3416666666666666,2.908333333333333,55.0,62.5,46.0,12.5,0.4166666666666667,5942.0,0.05,0.18,72.0,71.0,75.0
2022-06-11,24.933888888888887,31.78388888888889,6.075,6.85,89.0,8.5,182.0,2.191666666666667,1.175,2.708333333333333,49.0,53.5,72.0,12.25,0.0,10205.0,-0.04,0.13,74.0,83.0,80.0
2022-06-12,23.284444444444446,31.41777777777778,6.975,8.133333333333333,86.0,4.0,197.0,2.45,1.8083333333333331,2.716666666666667,49.0,56.75,61.0,13.25,0.0,20802.0,-0.25,,83.0,90.0,80.0
2022-06-13,24.44972222222222,31.49972222222222,5.766666666666667,7.05,82.0,19.0,201.0,1.7083333333333333,1.3,2.7583333333333333,51.0,58.375,46.0,13.25,0.0,,-0.51,-0.21,73.0,71.0,75.0
2022-06-14,,,,,,,,,,,,,,,,15120.0,0.16,-0.09,70.0,72.0,75.0
2022-06-15,25.141666666666666,31.441666666666663,5.8,6.3,92.0,4.5,114.0,1.325,1.5416666666666667,2.933333333333333,58.0,69.25,23.0,12.0,0.0,8498.0,0.32,0.18,73.0,52.0,77.0
2022-06-16,25.00861111111111,31.99194444444444,6.433333333333334,6.983333333333333,92.0,4.0,160.0,2.033333333333333,1.5333333333333334,2.8666666666666667,60.0,71.125,28.0,12.875,0.0,15495.0,0.33,0.39,77.0,57.0,82.0
2022-06-17,26.864166666666662,32.880833333333335,5.433333333333334,6.016666666666667,90.0,18.5,113.0,1.6,1.4166666666666667,2.4166666666666665,57.0,67.25,25.0,12.625,0.0,16713.0,0.34,0.44,70.0,43.0,88.0
2022-06-18,24.825,31.325,5.891666666666667,6.5,91.0,4.5,169.0,1.5166666666666666,1.4083333333333334,2.966666666666667,51.0,59.375,41.0,12.875,0.0,14329.0,-0.03,0.31,75.0,65.0,84.0
2022-06-19,24.51861111111111,31.801944444444445,6.266666666666667,7.283333333333333,86.0,5.0,208.0,1.5083333333333333,1.8,2.958333333333333,51.0,62.0,45.0,13.75,0.0166666666666666,13502.0,0.01,0.18,76.0,70.0,71.0
2022-06-20,23.294722222222223,31.344722222222224,6.308333333333334,8.05,78.0,5.5,223.0,2.1166666666666667,0.8916666666666667,3.3,52.0,77.5,52.0,16.0,0.0583333333333333,6466.0,-0.01,0.11,71.0,65.0,67.0
2022-06-21,23.32611111111111,31.62611111111111,7.7,8.3,93.0,29.5,189.0,0.7333333333333333,3.1416666666666666,3.825,53.0,67.25,31.0,13.0,0.0166666666666666,11765.0,0.5,0.32,84.0,65.0,88.0
2022-06-22,24.98361111111111,31.53361111111111,6.191666666666666,6.55,95.0,2.5,142.0,0.8333333333333334,1.7666666666666666,3.591666666666667,59.0,73.25,26.0,13.25,0.0,9172.0,0.57,0.56,75.0,45.0,88.0
2022-06-23,23.299444444444447,30.86611111111111,6.341666666666667,7.566666666666666,84.0,5.5,281.0,2.2333333333333334,1.4666666666666666,2.6416666666666666,50.0,59.625,55.0,12.875,0.0,8111.0,-0.04,0.45,75.0,76.0,54.0
2022-06-24,24.859166666666667,31.57583333333333,6.033333333333333,6.716666666666667,90.0,10.0,207.0,2.216666666666667,1.45,2.3666666666666667,48.0,55.875,61.0,13.25,0.025,25002.0,-0.15,0.18,74.0,76.0,63.0
2022-06-25,24.89527777777778,32.17861111111111,6.65,7.283333333333333,91.0,19.0,237.0,0.825,2.191666666666667,3.633333333333333,54.0,62.375,43.0,13.625,0.0,18534.0,-0.27,-0.03,78.0,65.0,88.0
2022-06-26,23.33194444444445,31.531944444444445,7.516666666666667,8.2,92.0,2.5,313.0,1.6416666666666666,1.8916666666666664,3.983333333333333,48.0,53.375,60.0,12.625,0.0,18630.0,-0.26,-0.1,84.0,81.0,60.0
2022-06-27,23.425,31.308333333333334,6.683333333333334,7.883333333333334,85.0,3.5,325.0,1.4416666666666669,1.6583333333333334,3.583333333333333,49.0,58.375,56.0,13.75,0.0,8253.0,-0.2,-0.11,77.0,72.0,53.0
2022-06-28,23.0975,31.480833333333333,7.241666666666666,8.383333333333333,86.0,8.0,286.0,1.5583333333333331,1.7833333333333334,3.9,50.0,55.5,56.0,13.125,0.0,13507.0,-0.18,-0.08,84.0,89.0,66.0
2022-06-29,23.251666666666665,30.901666666666667,6.775,7.65,89.0,11.5,203.0,1.9666666666666663,1.875,2.933333333333333,50.0,55.0,58.0,13.25,0.0,14074.0,-0.09,-0.03,85.0,82.0,75.0
2022-06-30,23.241111111111117,31.20777777777778,6.516666666666667,7.966666666666667,82.0,4.0,232.0,1.5583333333333331,1.5166666666666666,3.441666666666667,49.0,60.75,61.0,13.375,0.0,10517.0,-0.09,0.0,77.0,83.0,67.0
2022-07-01,24.161666666666665,31.27833333333333,5.908333333333333,7.116666666666666,83.0,17.5,265.0,1.2083333333333333,1.2666666666666666,3.433333333333333,57.0,64.5,39.0,12.375,0.0,8062.0,0.22,0.14,72.0,70.0,64.0
2022-07-02,23.24944444444445,31.599444444444444,6.775,8.35,81.0,2.5,275.0,1.5333333333333334,1.45,3.7916666666666665,47.0,57.0,83.0,13.25,0.0,16176.0,-0.31,0.05,76.0,84.0,63.0
2022-07-03,25.2575,33.47416666666667,6.441666666666666,8.216666666666667,78.0,2.5,191.0,1.35,1.4666666666666666,3.625,47.0,60.5,74.0,13.875,0.0416666666666666,8622.0,0.05,0.04,71.0,82.0,84.0
2022-07-04,24.17527777777778,31.35861111111111,6.05,7.183333333333334,84.0,14.0,183.0,2.1416666666666666,1.4833333333333334,2.425,49.0,53.375,63.0,13.375,0.0,15159.0,-0.26,-0.04,78.0,83.0,80.0
2022-07-05,24.541944444444443,31.325277777777774,5.858333333333333,6.783333333333333,86.0,21.5,210.0,1.6583333333333334,1.2666666666666666,2.933333333333333,52.0,63.875,38.0,13.25,0.0,9852.0,0.03,0.01,71.0,66.0,66.0
2022-07-06,25.142777777777777,31.22611111111111,4.916666666666667,6.083333333333333,81.0,5.0,225.0,1.675,1.0,2.2416666666666667,49.0,57.875,61.0,12.875,0.0,16996.0,-0.38,-0.07,62.0,73.0,63.0
2022-07-07,25.45555555555556,31.58888888888889,5.425,6.133333333333334,88.0,2.5,154.0,1.8916666666666664,1.1333333333333333,2.4,53.0,59.125,44.0,13.5,0.0,11342.0,-0.18,-0.08,67.0,56.0,72.0
2022-07-08,23.358611111111117,31.525277777777777,7.433333333333334,8.166666666666666,91.0,18.5,231.0,1.1833333333333331,1.8,4.45,54.0,59.375,55.0,12.625,0.0,7938.0,0.03,0.0,88.0,79.0,85.0
2022-07-09,23.21527777777778,32.21527777777778,6.458333333333333,9.0,72.0,9.0,261.0,1.0583333333333331,1.2583333333333333,4.141666666666667,47.0,55.0,65.0,13.25,0.0083333333333333,12511.0,-0.3,-0.01,70.0,76.0,62.0
2022-07-10,22.878611111111116,31.261944444444445,7.525,8.383333333333333,90.0,2.5,218.0,2.275,1.9166666666666667,3.333333333333333,49.0,56.625,67.0,13.25,0.0,14065.0,-0.1,-0.02,87.0,90.0,75.0
2022-07-11,23.235833333333336,31.3525,6.416666666666667,8.116666666666667,79.0,7.0,282.0,1.45,1.375,3.591666666666667,49.0,56.625,59.0,13.375,0.0,18232.0,0.04,0.04,74.0,76.0,60.0
2022-07-12,24.724722222222223,31.10805555555556,5.683333333333334,6.383333333333334,89.0,11.0,315.0,1.0083333333333333,1.3583333333333334,3.316666666666667,54.0,64.375,54.0,13.375,0.0,17753.0,0.14,0.17,68.0,71.0,48.0
2022-07-13,24.649722222222223,31.049722222222226,5.691666666666666,6.4,89.0,21.0,196.0,1.8166666666666669,1.075,2.8,52.0,56.75,57.0,12.75,0.0,14351.0,-0.03,0.17,73.0,64.0,79.0
2022-07-14,23.252222222222223,31.285555555555558,6.966666666666667,8.033333333333333,87.0,15.0,225.0,1.625,1.7916666666666667,3.55,53.0,56.875,64.0,13.0,0.0,10377.0,0.26,0.24,86.0,78.0,80.0
2022-07-15,24.399444444444445,31.46611111111111,5.908333333333333,7.066666666666666,84.0,19.0,229.0,1.2833333333333334,1.5,3.125,54.0,62.5,40.0,13.375,0.0,11089.0,-0.46,0.04,73.0,66.0,66.0
2022-07-16,24.48638888888889,31.586388888888887,6.466666666666667,7.1,91.0,5.0,225.0,1.75,1.7166666666666666,3.0,56.0,66.125,46.0,12.875,0.0166666666666666,9491.0,0.29,0.11,77.0,74.0,68.0
2022-07-17,23.208055555555557,31.274722222222223,6.941666666666666,8.066666666666666,86.0,3.0,215.0,2.283333333333333,1.4583333333333333,3.2,47.0,56.875,68.0,13.5,0.0,17884.0,-0.08,0.11,82.0,86.0,81.0
2022-07-18,23.22833333333333,30.91166666666667,6.333333333333333,7.683333333333334,82.0,5.5,252.0,1.2416666666666667,1.3916666666666666,3.7,49.0,55.375,45.0,13.125,0.025,13147.0,0.17,0.22,74.0,73.0,63.0
2022-07-19,23.271666666666665,31.421666666666667,7.025,8.15,86.0,2.5,325.0,1.625,1.3833333333333333,4.016666666666667,45.0,52.75,63.0,12.75,0.0,15581.0,0.0,0.18,78.0,84.0,59.0
2022-07-20,25.198055555555555,30.63138888888889,4.675,5.433333333333334,86.0,12.0,239.0,0.8,0.875,3.0,48.0,53.75,66.0,12.375,0.0,11520.0,0.1,0.2,59.0,66.0,53.0
2022-07-21,21.90083333333333,28.800833333333333,6.041666666666667,6.9,88.0,2.5,178.0,1.4166666666666667,1.925,2.7,55.0,64.75,35.0,13.375,0.0,10389.0,0.26,0.28,78.0,69.0,76.0
2022-07-22,22.034166666666668,29.2675,6.183333333333334,7.233333333333333,85.0,21.5,182.0,2.3,1.1083333333333334,2.775,46.0,57.25,66.0,13.375,0.0,9959.0,0.26,0.37,77.0,68.0,76.0
2022-07-23,23.334166666666665,30.7675,5.991666666666666,7.433333333333334,81.0,9.5,218.0,1.6166666666666667,1.1666666666666667,3.208333333333333,48.0,60.625,69.0,13.375,0.0166666666666666,6284.0,0.19,0.38,73.0,81.0,64.0
2022-07-24,23.25555555555556,31.45555555555556,6.908333333333333,8.2,84.0,2.5,251.0,2.0083333333333333,1.475,3.425,47.0,56.375,67.0,13.0,0.0,7948.0,-0.01,0.27,78.0,81.0,63.0
2022-07-25,22.816666666666663,29.516666666666666,6.0,6.7,90.0,7.5,230.0,1.8583333333333332,0.6583333333333333,3.4833333333333334,48.0,72.5,54.0,15.125,0.0,14242.0,-0.26,0.08,73.0,77.0,69.0
2022-07-26,23.36277777777778,30.39611111111111,6.416666666666667,7.033333333333333,91.0,2.5,175.0,1.475,1.55,3.3916666666666666,52.0,63.75,40.0,13.75,0.0,12283.0,0.05,0.06,80.0,75.0,78.0
2022-07-27,22.08388888888889,29.95055555555556,7.091666666666667,7.866666666666666,90.0,6.5,274.0,1.575,1.6916666666666669,3.825,46.0,54.5,56.0,13.0,0.0,8988.0,0.27,0.23,84.0,79.0,70.0
2022-07-28,24.989444444444445,32.07277777777777,5.608333333333333,7.083333333333333,79.0,4.5,201.0,1.4,1.1666666666666667,3.0416666666666665,56.0,63.25,43.0,13.125,0.0,7328.0,-0.26,0.17,67.0,68.0,74.0
2022-07-29,19.584166666666665,31.250833333333333,7.458333333333333,11.666666666666666,64.0,3.5,279.0,1.525,2.2416666666666667,3.691666666666667,47.0,58.625,55.0,13.75,0.0,12503.0,0.12,0.15,75.0,86.0,41.0
2022-07-30,24.21638888888889,31.299722222222226,6.325,7.083333333333333,89.0,4.0,290.0,1.55,1.6416666666666666,3.1333333333333333,48.0,58.625,52.0,13.5,0.0,14424.0,-0.5,-0.05,75.0,85.0,55.0
2022-07-31,23.18138888888889,31.198055555555555,7.083333333333333,8.016666666666667,88.0,6.5,315.0,1.0166666666666666,1.725,4.341666666666667,55.0,69.625,30.0,13.75,0.0,8175.0,0.2,0.05,80.0,70.0,61.0
2022-08-01,23.216666666666665,31.83333333333333,7.616666666666666,8.616666666666667,88.0,3.0,327.0,1.6666666666666667,1.675,4.275,50.0,59.0,50.0,13.5,0.0,13939.0,-0.1,0.08,83.0,87.0,62.0
2022-08-02,23.95,31.83333333333333,7.033333333333333,7.883333333333334,89.0,19.5,278.0,1.1333333333333333,1.8333333333333333,4.066666666666666,51.0,58.25,44.0,13.75,0.0,10815.0,0.12,0.19,81.0,84.0,72.0
2022-08-03,23.38361111111111,32.066944444444445,7.541666666666667,8.683333333333334,87.0,7.5,321.0,1.6416666666666666,1.7583333333333333,4.141666666666667,47.0,53.0,62.0,13.0,0.0,12751.0,0.0,0.17,82.0,89.0,63.0
2022-08-04,23.66611111111111,31.71611111111111,7.341666666666667,8.05,91.0,10.5,237.0,1.5916666666666666,1.7,4.05,51.0,58.5,46.0,13.25,0.0,12897.0,0.3,0.29,85.0,87.0,75.0
2022-08-05,22.549444444444447,31.83277777777778,7.983333333333333,9.283333333333331,86.0,9.5,293.0,1.275,1.65,5.058333333333334,49.0,59.125,49.0,13.375,0.0,12230.0,0.36,0.42,89.0,81.0,76.0
2022-08-06,,,,,,,,,,,,,,,,1132.0,,,,,
2022-08-07,23.166666666666668,31.46666666666667,7.0,8.3,84.0,2.5,257.0,1.525,1.825,3.65,49.0,56.25,49.0,13.25,0.0,6770.0,0.12,0.41,80.0,91.0,62.0
2022-08-08,23.36694444444445,31.766944444444444,7.258333333333334,8.4,86.0,17.5,279.0,1.175,1.5583333333333331,4.525,47.0,53.125,68.0,13.25,0.0,12911.0,-0.12,0.24,81.0,95.0,61.0
2022-08-09,23.77777777777778,31.66111111111111,5.991666666666666,7.883333333333334,76.0,29.0,290.0,1.3583333333333334,1.1916666666666669,3.441666666666667,47.0,54.0,64.0,13.5,0.025,14968.0,-0.04,0.12,66.0,84.0,56.0
2022-08-10,23.05888888888889,31.45888888888889,7.208333333333333,8.4,86.0,8.0,247.0,2.05,1.9666666666666663,3.191666666666667,48.0,56.75,54.0,13.5,0.0,18215.0,-0.27,0.01,84.0,94.0,70.0
2022-08-11,23.149722222222223,32.08305555555555,6.975,8.933333333333334,78.0,39.5,292.0,1.0166666666666666,1.4166666666666667,4.541666666666667,49.0,59.0,47.0,13.0,0.0,12411.0,0.04,0.06,69.0,79.0,59.0
2022-08-12,23.267777777777777,32.73444444444444,7.808333333333334,9.466666666666669,82.0,3.0,402.0,0.6,2.283333333333333,4.925,49.0,57.25,54.0,13.5,0.0,13966.0,-0.09,0.08,74.0,89.0,56.0
2022-08-13,23.1575,32.1575,8.091666666666667,9.0,90.0,3.5,356.0,2.191666666666667,2.1166666666666667,3.783333333333333,48.0,53.5,69.0,13.0,0.0,10488.0,-0.09,0.09,87.0,96.0,62.0
2022-08-14,23.08611111111111,31.76944444444445,7.5,8.683333333333334,86.0,2.5,301.0,1.7416666666666667,1.5333333333333334,4.225,48.0,59.5,57.0,13.375,0.0,13454.0,0.25,0.2,82.0,88.0,67.0
2022-08-15,23.925833333333333,31.509166666666665,7.025,7.583333333333333,93.0,5.0,201.0,2.1666666666666665,2.058333333333333,2.8,51.0,58.75,41.0,12.75,0.0,14028.0,0.07,0.27,86.0,87.0,90.0
2022-08-16,22.949722222222224,31.133055555555558,6.716666666666667,8.183333333333334,82.0,69.0,292.0,1.625,1.7333333333333334,3.3583333333333334,49.0,56.875,54.0,12.625,0.0,12508.0,-0.19,0.16,71.0,84.0,65.0
2022-08-17,23.162777777777777,31.512777777777774,6.958333333333333,8.35,83.0,3.0,252.0,1.6083333333333334,1.6916666666666669,3.658333333333333,50.0,58.5,46.0,13.125,0.0,9692.0,0.04,0.11,79.0,88.0,62.0
2022-08-18,22.650277777777777,31.00027777777778,5.858333333333333,8.35,70.0,3.5,267.0,1.35,1.1583333333333334,3.35,48.0,65.25,50.0,13.75,0.0,13698.0,0.16,0.2,67.0,80.0,60.0
2022-08-19,23.454722222222223,31.60472222222222,7.125,8.15,87.0,2.5,305.0,1.2333333333333334,1.6666666666666667,4.225,49.0,60.25,41.0,12.625,0.0,9784.0,-0.08,0.2,79.0,79.0,63.0
2022-08-20,25.684166666666663,33.200833333333335,6.508333333333334,7.516666666666667,87.0,7.0,212.0,1.4666666666666666,1.8583333333333332,3.183333333333333,55.0,63.875,40.0,13.0,0.0416666666666666,9983.0,-0.03,0.13,73.0,69.0,69.0
2022-08-21,23.56055555555556,31.69388888888889,5.858333333333333,8.133333333333333,72.0,8.5,342.0,1.5833333333333333,0.925,3.35,51.0,58.625,50.0,12.5,0.0,10054.0,-0.03,0.08,65.0,77.0,44.0
2022-08-22,23.666944444444447,29.33361111111111,4.675,5.666666666666667,83.0,3.5,189.0,1.5833333333333333,1.0166666666666666,2.075,50.0,56.25,49.0,12.875,0.2333333333333333,12194.0,-0.13,0.06,64.0,70.0,63.0
2022-08-23,22.97833333333333,33.76166666666667,9.95,10.783333333333331,92.0,8.5,265.0,2.3916666666666666,3.033333333333333,4.525,54.0,61.25,37.0,13.5,0.0,7452.0,0.18,0.16,90.0,77.0,81.0
2022-08-24,25.0675,30.200833333333332,4.525,5.133333333333334,88.0,2.0,312.0,0.8416666666666667,1.0833333333333333,2.6,63.0,79.125,15.0,12.875,0.0,9321.0,0.31,0.31,58.0,51.0,53.0
2022-08-25,22.48305555555556,29.76638888888889,6.516666666666667,7.283333333333333,89.0,10.5,276.0,1.7833333333333334,1.275,3.458333333333333,52.0,61.5,67.0,13.0,0.0,9544.0,-0.13,0.24,78.0,75.0,60.0
2022-08-26,23.53333333333333,30.8,6.358333333333333,7.266666666666667,88.0,4.0,242.0,1.275,1.6333333333333333,3.45,51.0,60.875,40.0,13.375,0.0,10693.0,0.36,0.28,77.0,68.0,61.0
2022-08-27,24.08,32.56333333333333,6.958333333333333,8.483333333333333,82.0,3.0,264.0,1.1583333333333334,1.4166666666666667,4.383333333333334,53.0,61.25,40.0,13.125,0.0,10223.0,0.16,0.31,73.0,65.0,66.0
2022-08-28,33.83277777777778,38.58277777777778,4.0,4.75,84.0,2.5,205.0,1.1166666666666667,0.675,2.208333333333333,53.0,59.25,43.0,13.0,0.15,14116.0,-0.4,0.1,48.0,56.0,65.0
2022-08-29,23.769166666666667,32.23583333333333,7.133333333333334,8.466666666666667,84.0,2.5,308.0,1.4166666666666667,1.4333333333333331,4.283333333333333,50.0,58.75,47.0,13.5,0.0916666666666666,7732.0,0.1,0.03,79.0,69.0,76.0
2022-08-30,24.0625,31.729166666666668,6.325,7.666666666666667,83.0,11.0,275.0,1.4833333333333334,1.2666666666666666,3.575,50.0,61.75,51.0,13.75,0.0,8675.0,-0.2,0.0,74.0,74.0,63.0
2022-08-31,24.531944444444445,31.29861111111111,5.458333333333333,6.766666666666667,81.0,10.5,256.0,0.9,1.025,3.533333333333333,52.0,58.125,48.0,13.25,0.0,9652.0,0.36,0.21,63.0,61.0,56.0
2022-09-01,24.4,29.95,4.766666666666667,5.55,86.0,17.5,220.0,1.1916666666666669,1.1666666666666667,2.408333333333333,52.0,67.625,52.0,14.125,0.0,16600.0,-0.3,0.11,67.0,64.0,59.0
2022-09-02,23.650277777777777,34.61694444444444,8.25,10.966666666666669,75.0,4.5,220.0,1.675,2.066666666666667,4.508333333333334,51.0,60.75,50.0,13.125,0.0,11500.0,-0.12,0.02,80.0,79.0,69.0
2022-09-03,23.90138888888889,33.78472222222222,8.033333333333333,9.883333333333333,81.0,40.5,307.0,1.3083333333333331,2.058333333333333,4.666666666666667,50.0,61.5,55.0,12.5,0.0,14826.0,0.24,0.1,75.0,76.0,63.0
2022-09-04,23.183888888888887,34.18388888888889,7.758333333333334,11.0,71.0,9.5,323.0,1.1916666666666669,1.8916666666666664,4.675,47.0,58.875,51.0,13.625,0.0,10243.0,0.1,0.23,76.0,83.0,60.0
2022-09-05,23.705277777777777,32.438611111111115,7.05,8.733333333333333,81.0,68.0,274.0,1.275,1.9166666666666667,3.858333333333333,48.0,59.75,50.0,13.5,0.0,14649.0,-0.01,0.2,70.0,83.0,70.0
2022-09-06,25.03333333333333,31.48333333333333,5.425,6.45,84.0,19.5,258.0,1.1,0.8333333333333334,3.4916666666666667,48.0,54.875,48.0,13.25,0.0,6056.0,-0.08,0.1,62.0,74.0,55.0
2022-09-07,25.53333333333333,31.433333333333334,5.308333333333334,5.9,90.0,6.0,141.0,1.975,1.175,2.158333333333333,50.0,61.0,43.0,13.25,0.0,7071.0,-0.18,0.01,67.0,76.0,67.0
2022-09-08,24.78333333333333,32.56666666666666,6.691666666666666,7.783333333333333,86.0,3.0,237.0,1.9583333333333333,1.4416666666666669,3.2916666666666665,53.0,62.0,39.0,13.0,0.0,9328.0,-0.07,0.0,73.0,71.0,66.0
2022-09-09,,,,,,,,,,,,,,,,1440.0,,,,,
2022-09-10,23.135555555555555,31.76888888888889,7.375,8.633333333333333,85.0,5.5,276.0,1.5833333333333333,1.5083333333333333,4.283333333333333,49.0,58.375,50.0,13.125,0.0,13905.0,-0.07,0.02,81.0,86.0,64.0
2022-09-11,22.90138888888889,32.11805555555556,7.816666666666666,9.216666666666669,85.0,17.5,400.0,1.4083333333333334,1.6416666666666666,4.766666666666667,50.0,61.25,59.0,12.75,0.0,17768.0,-0.01,0.06,84.0,85.0,55.0
2022-09-12,23.34472222222222,31.294722222222223,6.641666666666667,7.95,84.0,2.5,259.0,1.5583333333333331,1.4083333333333334,3.675,48.0,61.375,54.0,13.125,0.0,8921.0,-0.2,0.01,75.0,74.0,62.0
2022-09-13,23.974166666666665,31.174166666666668,6.141666666666667,7.2,85.0,18.0,254.0,1.2166666666666666,1.9833333333333332,2.941666666666667,45.0,55.25,49.0,13.0,0.0,15811.0,-0.24,-0.07,77.0,87.0,63.0
2022-09-14,23.16805555555556,31.418055555555554,7.625,8.25,92.0,3.0,249.0,1.9333333333333331,1.8833333333333333,3.808333333333333,49.0,57.75,52.0,12.875,0.0,8779.0,0.08,0.0,87.0,83.0,72.0
2022-09-15,23.149444444444445,31.43277777777778,7.3,8.283333333333333,88.0,3.0,183.0,1.45,2.0083333333333333,3.841666666666667,48.0,58.875,50.0,13.25,0.0,14590.0,-0.26,-0.01,84.0,87.0,74.0
2022-09-16,23.166666666666668,31.633333333333333,7.533333333333333,8.466666666666667,89.0,3.0,376.0,1.6583333333333334,1.5,4.375,50.0,63.0,42.0,13.875,0.0,8050.0,-0.24,-0.09,81.0,81.0,50.0
2022-09-17,25.0675,31.85083333333333,5.283333333333333,6.783333333333333,78.0,26.5,230.0,1.3416666666666666,1.0416666666666667,2.9,51.0,57.625,56.0,12.75,0.0,8308.0,0.23,0.03,61.0,75.0,62.0
2022-09-18,21.391388888888887,30.191388888888888,7.975,8.8,91.0,3.0,238.0,1.8416666666666663,1.7833333333333334,4.35,50.0,57.125,51.0,13.0,0.0,19447.0,0.0,0.13,89.0,90.0,71.0
2022-09-19,22.032777777777778,29.232777777777777,5.916666666666667,7.2,82.0,20.0,218.0,1.3333333333333333,1.1833333333333331,3.4,52.0,57.375,47.0,12.75,0.0,11026.0,0.06,0.16,74.0,71.0,65.0
2022-09-20,23.494444444444447,32.044444444444444,7.908333333333333,8.55,92.0,8.5,222.0,1.2583333333333333,1.8583333333333332,4.791666666666667,52.0,57.875,45.0,12.75,0.0416666666666666,3933.0,0.19,0.19,88.0,85.0,72.0
2022-09-21,24.0575,31.5075,6.375,7.45,86.0,16.5,256.0,0.7833333333333333,1.6083333333333334,3.983333333333333,53.0,64.75,41.0,13.5,0.0,13133.0,0.39,0.35,74.0,69.0,66.0
2022-09-22,24.075,30.808333333333334,6.041666666666667,6.733333333333333,90.0,3.5,194.0,1.825,1.2833333333333334,2.933333333333333,50.0,59.75,47.0,12.875,0.0,6567.0,0.15,0.37,75.0,74.0,74.0
2022-09-23,28.116666666666667,32.96666666666667,3.783333333333333,4.85,78.0,3.0,228.0,0.4083333333333333,0.65,2.725,65.0,74.375,23.0,14.625,0.0,16481.0,0.46,0.44,38.0,46.0,43.0
2022-09-24,23.024444444444445,31.224444444444444,7.166666666666667,8.2,87.0,10.0,292.0,1.1166666666666667,1.3583333333333334,4.691666666666666,48.0,59.125,48.0,13.0,0.475,15167.0,-0.28,0.23,81.0,68.0,65.0
2022-09-25,24.775,31.85833333333333,6.491666666666666,7.083333333333333,92.0,3.5,244.0,2.1666666666666665,1.3833333333333333,2.941666666666667,48.0,56.375,58.0,12.875,0.025,8733.0,-0.25,0.0,75.0,70.0,66.0
2022-09-26,22.723611111111108,30.990277777777777,7.216666666666667,8.266666666666667,87.0,12.5,291.0,1.7,2.091666666666667,3.425,53.0,58.5,44.0,12.625,0.0333333333333333,8491.0,0.37,0.11,85.0,77.0,61.0
2022-09-27,23.229166666666664,31.64583333333333,7.733333333333333,8.416666666666666,92.0,5.0,276.0,2.208333333333333,1.8166666666666669,3.7083333333333335,49.0,58.5,39.0,12.375,0.3916666666666666,5721.0,0.15,0.28,89.0,83.0,69.0
2022-09-28,23.965555555555557,31.598888888888887,7.216666666666667,7.633333333333334,95.0,4.0,255.0,1.125,2.1083333333333334,3.983333333333333,53.0,62.875,29.0,13.5,0.0,5614.0,0.7,0.55,82.0,69.0,73.0
2022-09-29,23.6175,32.15083333333333,7.4,8.533333333333333,87.0,6.0,172.0,1.7166666666666666,2.058333333333333,3.625,52.0,58.125,44.0,12.875,0.0,12774.0,0.14,0.51,84.0,81.0,72.0
2022-09-30,23.11722222222222,32.01722222222222,7.441666666666666,8.9,84.0,5.5,183.0,1.6333333333333333,1.975,3.8333333333333335,50.0,60.0,42.0,12.625,0.0,4544.0,-0.24,0.24,83.0,84.0,70.0
2022-10-01,23.73888888888889,31.272222222222226,6.208333333333333,7.533333333333333,82.0,4.0,191.0,1.85,1.2833333333333334,3.075,51.0,63.5,41.0,12.5,0.0,21343.0,-0.05,0.05,73.0,75.0,68.0
2022-10-02,23.616666666666667,31.933333333333334,7.675,8.316666666666666,92.0,12.0,304.0,1.4666666666666666,1.9666666666666663,4.241666666666666,49.0,56.375,43.0,12.375,0.0,26817.0,-0.14,0.01,86.0,81.0,63.0
2022-10-03,23.6525,31.4525,6.2,7.8,79.0,5.0,158.0,1.5166666666666666,1.2916666666666667,3.3916666666666666,48.0,54.875,53.0,12.25,0.0,7035.0,-0.29,-0.04,75.0,73.0,88.0
2022-10-04,22.941666666666663,31.60833333333333,7.55,8.666666666666666,87.0,5.0,187.0,1.85,1.6416666666666666,4.058333333333334,46.0,57.125,59.0,13.125,0.0,4641.0,0.16,0.05,84.0,83.0,68.0
2022-10-05,22.966666666666665,31.433333333333334,7.633333333333334,8.466666666666667,90.0,4.0,139.0,2.6,1.8916666666666664,3.1416666666666666,49.0,54.125,53.0,12.5,0.0,11831.0,-0.02,0.13,91.0,89.0,92.0
2022-10-06,23.0,30.35,6.958333333333333,7.35,95.0,3.5,102.0,1.7666666666666666,1.9083333333333332,3.283333333333333,50.0,54.5,56.0,12.125,0.0,10603.0,0.01,0.16,86.0,89.0,84.0
2022-10-07,,,,,,,,,,,,,,,,22607.0,,,,,
2022-10-08,25.03361111111111,32.650277777777774,6.591666666666667,7.616666666666666,87.0,12.5,214.0,1.65,1.5666666666666669,3.375,52.0,68.0,36.0,13.25,0.0,17346.0,0.0,0.13,76.0,80.0,68.0
2022-10-09,24.306666666666665,31.906666666666663,6.05,7.6,80.0,3.5,204.0,1.7833333333333334,1.4583333333333333,2.808333333333333,47.0,55.125,66.0,12.375,0.7166666666666667,20240.0,-0.33,0.0,73.0,76.0,78.0
2022-10-10,23.06722222222222,31.183888888888887,6.85,8.116666666666667,84.0,6.0,196.0,1.8916666666666664,2.033333333333333,2.925,47.0,55.375,61.0,12.625,0.0,12232.0,-0.15,-0.06,82.0,77.0,73.0
2022-10-11,24.357222222222223,31.17388888888889,6.158333333333333,6.816666666666666,90.0,2.0,140.0,2.341666666666667,1.4166666666666667,2.4,48.0,58.875,45.0,12.5,0.0,8075.0,0.14,0.05,76.0,76.0,77.0
2022-10-12,23.90611111111111,30.30611111111111,5.408333333333333,6.4,85.0,7.5,137.0,0.9666666666666668,1.05,3.3916666666666666,50.0,61.625,50.0,13.125,0.0,10773.0,0.05,0.16,69.0,75.0,78.0
2022-10-13,23.023333333333333,31.056666666666665,7.083333333333333,8.033333333333333,88.0,12.0,174.0,1.7583333333333333,2.1083333333333334,3.216666666666667,51.0,57.875,40.0,12.625,0.0,6776.0,-0.32,0.04,86.0,72.0,73.0
2022-10-14,23.02555555555556,31.24222222222222,7.608333333333333,8.216666666666667,93.0,6.0,234.0,2.5166666666666666,1.6916666666666669,3.4,49.0,56.625,46.0,11.875,0.0,12553.0,-0.21,-0.08,89.0,87.0,79.0
2022-10-15,24.62527777777778,32.24194444444444,6.5,7.616666666666666,85.0,27.5,205.0,0.9416666666666668,1.7166666666666666,3.841666666666667,56.0,65.0,38.0,11.875,0.0,19649.0,0.22,0.05,72.0,70.0,68.0
2022-10-16,22.97472222222222,31.20805555555556,7.325,8.233333333333333,89.0,5.0,223.0,1.1,2.058333333333333,4.166666666666667,51.0,61.375,51.0,12.375,0.0,14054.0,0.24,0.25,83.0,73.0,69.0
2022-10-17,24.39527777777778,31.311944444444443,5.808333333333334,6.916666666666667,84.0,3.5,156.0,2.308333333333333,1.325,2.175,48.0,55.625,54.0,12.625,0.0,8574.0,-0.1,0.21,71.0,78.0,72.0
2022-10-18,23.760277777777777,31.560277777777777,5.875,7.8,75.0,3.5,152.0,1.6583333333333334,1.0666666666666669,3.15,49.0,57.125,59.0,12.875,0.0,7209.0,0.0,0.12,68.0,79.0,71.0
2022-10-19,24.74138888888889,31.37472222222222,5.841666666666667,6.633333333333334,88.0,15.0,158.0,1.9833333333333332,1.675,2.183333333333333,47.0,54.25,52.0,11.875,0.0,10020.0,-0.28,-0.01,79.0,81.0,88.0
2022-10-20,24.20805555555556,29.974722222222223,5.441666666666666,5.766666666666667,94.0,3.0,99.0,1.6166666666666667,1.925,1.9,62.0,75.25,18.0,12.5,0.025,11075.0,0.34,0.14,77.0,53.0,84.0
2022-10-21,24.291944444444443,29.87527777777778,5.15,5.583333333333333,92.0,5.0,143.0,1.3833333333333333,1.4,2.3666666666666667,58.0,68.875,25.0,13.125,0.0,12351.0,0.54,0.42,72.0,44.0,71.0
2022-10-22,23.02583333333333,31.8925,8.116666666666667,8.866666666666667,92.0,2.5,123.0,2.5083333333333333,2.4916666666666667,3.1166666666666667,50.0,58.875,56.0,12.625,0.0833333333333333,5560.0,-0.09,0.38,90.0,78.0,78.0
2022-10-23,23.55583333333333,32.33916666666667,8.075,8.783333333333333,92.0,5.0,209.0,1.7083333333333333,1.9166666666666667,4.45,51.0,58.625,46.0,12.625,0.0,12405.0,0.08,0.23,88.0,78.0,77.0
2022-10-24,24.521944444444443,31.68861111111111,6.3,7.166666666666667,88.0,3.0,179.0,1.9,1.7166666666666666,2.683333333333333,51.0,63.625,37.0,13.5,0.0,6194.0,-0.17,0.07,76.0,77.0,72.0
2022-10-25,24.375,28.825,4.133333333333334,4.45,93.0,2.0,101.0,1.6833333333333331,0.8583333333333333,1.5916666666666666,52.0,56.875,41.0,12.5,0.0,10514.0,-0.08,0.04,66.0,64.0,88.0
2022-10-26,23.258333333333333,30.791666666666668,6.408333333333333,7.533333333333333,85.0,5.0,176.0,1.1666666666666667,1.7583333333333333,3.4833333333333334,55.0,61.875,36.0,12.75,0.0,13958.0,0.16,0.12,79.0,68.0,82.0
2022-10-27,23.40833333333333,30.991666666666667,6.916666666666667,7.583333333333333,91.0,4.5,212.0,2.175,1.9083333333333332,2.833333333333333,49.0,55.625,53.0,12.375,0.1333333333333333,11993.0,-0.17,0.1,85.0,82.0,84.0
2022-10-28,25.14305555555556,31.55972222222222,5.816666666666666,6.416666666666667,91.0,7.0,183.0,1.5583333333333331,1.325,2.933333333333333,52.0,61.25,42.0,12.5,0.0,12305.0,0.16,0.15,73.0,73.0,78.0
2022-10-29,22.341388888888886,29.558055555555555,5.908333333333333,7.216666666666667,82.0,53.0,117.0,2.158333333333333,1.425,2.325,48.0,56.625,61.0,13.125,0.0,20672.0,0.23,0.25,73.0,70.0,93.0
2022-10-30,26.14138888888889,33.308055555555555,6.216666666666667,7.166666666666667,87.0,3.0,172.0,1.7416666666666667,1.5916666666666666,2.8833333333333333,48.0,59.125,46.0,13.25,0.0083333333333333,15804.0,-0.04,0.24,70.0,67.0,72.0
2022-10-31,25.058055555555555,33.02472222222222,7.591666666666667,7.966666666666667,95.0,10.0,241.0,1.8416666666666663,2.0166666666666666,3.733333333333333,50.0,56.625,50.0,13.25,0.425,11335.0,-0.04,0.14,85.0,78.0,85.0
2022-11-01,23.034444444444446,30.801111111111112,7.3,7.766666666666667,94.0,3.0,238.0,1.2583333333333333,2.4916666666666667,3.55,51.0,56.875,40.0,13.125,0.0,10421.0,-0.02,0.1,88.0,80.0,87.0
2022-11-02,23.971666666666664,31.238333333333333,6.466666666666667,7.266666666666667,89.0,11.0,220.0,1.7,1.7083333333333333,3.058333333333333,51.0,61.375,41.0,13.625,0.0,14152.0,-0.1,0.07,81.0,76.0,71.0
2022-11-03,24.61638888888889,31.36638888888889,4.958333333333333,6.75,73.0,43.5,225.0,1.575,0.5666666666666667,2.816666666666667,52.0,61.75,48.0,13.25,0.0,10708.0,-0.1,0.04,51.0,60.0,56.0
2022-11-04,23.0,31.266666666666666,7.375,8.266666666666667,89.0,4.5,200.0,1.3833333333333333,2.683333333333333,3.308333333333333,50.0,63.0,34.0,12.625,0.0,15367.0,0.03,0.07,87.0,73.0,77.0
2022-11-05,25.566666666666663,31.516666666666666,5.316666666666666,5.95,89.0,6.0,134.0,1.5333333333333334,1.55,2.2333333333333334,49.0,57.375,50.0,13.125,0.0,13950.0,-0.46,-0.07,72.0,68.0,87.0
2022-11-06,,,,,,,,,,,,,,,,14102.0,,,,,
2022-11-07,25.13277777777778,31.282777777777778,5.35,6.15,87.0,2.0,153.0,2.075,1.2833333333333334,1.9916666666666667,46.0,56.0,59.0,12.75,0.0,13575.0,-0.32,-0.19,67.0,73.0,70.0
2022-11-08,23.73305555555556,31.28305555555556,6.191666666666666,7.55,82.0,15.0,179.0,2.5166666666666666,1.3583333333333334,2.316666666666667,47.0,54.875,59.0,12.75,0.0,13541.0,-0.16,-0.17,78.0,81.0,81.0
2022-11-09,22.98305555555556,31.78305555555556,6.758333333333334,8.8,77.0,3.0,170.0,1.2583333333333333,1.6,3.9,54.0,64.875,31.0,12.75,0.0,16865.0,0.35,0.12,78.0,70.0,73.0
2022-11-10,24.23305555555556,31.649722222222223,6.9,7.416666666666667,93.0,3.0,178.0,1.3916666666666666,2.441666666666667,3.066666666666667,48.0,57.5,55.0,12.875,0.0,17626.0,-0.09,0.18,82.0,78.0,79.0
2022-11-11,23.949722222222224,31.399722222222223,5.983333333333333,7.45,80.0,5.5,123.0,1.175,1.4333333333333331,3.375,50.0,59.0,39.0,13.0,0.0,21458.0,-0.02,0.13,71.0,66.0,72.0
2022-11-12,22.98222222222222,32.032222222222224,7.708333333333333,9.05,85.0,5.0,177.0,1.9666666666666663,2.441666666666667,3.3,45.0,53.375,58.0,13.25,0.0333333333333333,19363.0,0.01,0.08,88.0,80.0,82.0
2022-11-13,22.93861111111111,31.42194444444445,7.575,8.483333333333333,89.0,30.0,138.0,1.7833333333333334,2.083333333333333,3.7083333333333335,50.0,59.625,38.0,13.0,0.0166666666666666,9593.0,0.25,0.2,86.0,74.0,82.0
2022-11-14,23.0,31.08333333333333,6.466666666666667,8.083333333333334,80.0,3.0,201.0,1.4666666666666666,1.325,3.675,49.0,62.875,47.0,13.75,0.0,10364.0,-0.03,0.2,76.0,78.0,69.0
2022-11-15,23.883888888888887,28.850555555555555,4.183333333333334,4.966666666666667,84.0,25.5,116.0,1.1666666666666667,1.0583333333333331,1.9583333333333333,47.0,54.625,48.0,13.0,0.0166666666666666,8882.0,-0.05,0.13,65.0,73.0,83.0
2022-11-16,24.717222222222222,30.88388888888889,5.591666666666667,6.166666666666667,91.0,3.0,101.0,2.1666666666666665,1.3833333333333333,2.0416666666666665,55.0,64.875,29.0,13.25,0.0,7830.0,0.27,0.2,73.0,61.0,76.0
2022-11-17,22.929722222222225,31.64638888888889,7.258333333333334,8.716666666666667,83.0,8.0,182.0,1.5416666666666667,2.1333333333333333,3.583333333333333,52.0,63.25,34.0,12.0,0.0,11842.0,0.41,0.38,84.0,71.0,77.0
2022-11-18,24.174722222222226,30.99138888888889,6.175,6.816666666666666,91.0,3.0,149.0,1.2583333333333333,1.8916666666666664,3.025,63.0,73.875,19.0,12.75,0.0,19723.0,1.29,0.87,77.0,27.0,70.0
2022-11-19,22.63,31.813333333333333,8.916666666666666,9.183333333333334,97.0,3.5,177.0,2.2,2.7333333333333334,3.983333333333333,58.0,69.25,28.0,12.75,0.4,15298.0,1.13,1.19,95.0,49.0,88.0
2022-11-20,22.62527777777778,32.32527777777778,8.425,9.7,87.0,5.0,135.0,1.7583333333333333,2.4,4.266666666666667,52.0,58.25,40.0,13.5,0.0,10485.0,0.27,0.97,89.0,80.0,76.0
2022-11-21,22.731111111111108,31.09777777777778,7.133333333333334,8.366666666666667,85.0,8.0,188.0,1.3833333333333333,2.45,3.3,49.0,59.125,43.0,12.625,0.0,9499.0,-0.31,0.36,86.0,87.0,83.0
2022-11-22,22.65972222222222,31.12638888888889,7.558333333333334,8.466666666666667,89.0,10.5,177.0,2.55,1.7166666666666666,3.2916666666666665,45.0,55.0,57.0,12.625,0.0,10867.0,-0.33,-0.04,89.0,84.0,75.0
2022-11-23,23.011111111111116,30.477777777777774,6.833333333333333,7.466666666666667,92.0,3.0,197.0,2.1083333333333334,2.1,2.625,46.0,54.5,51.0,12.875,0.0083333333333333,13694.0,-0.1,-0.08,85.0,86.0,86.0
2022-11-24,22.990277777777777,31.62361111111111,7.783333333333333,8.633333333333333,90.0,25.0,217.0,1.6083333333333334,2.2583333333333333,3.9166666666666665,49.0,59.25,53.0,13.0,0.0,13003.0,0.32,0.17,89.0,87.0,85.0
2022-11-25,23.011666666666667,31.145,7.066666666666666,8.133333333333333,87.0,17.5,214.0,1.6083333333333334,1.9583333333333333,3.5,49.0,57.875,56.0,12.875,0.0,5956.0,0.13,0.31,85.0,83.0,71.0
2022-11-26,22.82777777777778,31.694444444444443,7.416666666666667,8.866666666666667,84.0,11.0,280.0,1.5833333333333333,1.75,4.083333333333333,49.0,62.125,45.0,13.5,0.35,18850.0,-0.28,0.15,84.0,94.0,64.0
2022-11-27,22.83722222222222,31.90388888888889,7.741666666666666,9.066666666666666,85.0,23.5,202.0,1.0833333333333333,2.125,4.533333333333333,53.0,62.875,41.0,13.75,0.2083333333333333,12265.0,-0.27,-0.05,85.0,78.0,79.0
2022-11-28,24.016666666666666,31.78333333333333,5.941666666666666,7.766666666666667,77.0,5.5,213.0,1.1666666666666667,1.15,3.625,49.0,62.125,54.0,13.625,0.0,8993.0,-0.12,-0.07,69.0,84.0,65.0
2022-11-29,22.86583333333333,31.4825,7.891666666666667,8.616666666666667,92.0,3.5,233.0,1.6083333333333334,2.6416666666666666,3.6416666666666666,46.0,56.625,54.0,13.25,0.0,9891.0,-0.05,0.01,89.0,91.0,71.0
2022-11-30,22.98333333333333,31.33333333333333,7.758333333333334,8.35,93.0,7.5,182.0,1.225,2.158333333333333,4.375,50.0,61.375,35.0,12.625,0.0,7608.0,0.39,0.25,89.0,77.0,76.0
2022-12-01,23.9875,31.4375,6.691666666666666,7.45,90.0,10.0,175.0,1.325,1.7166666666666666,3.65,48.0,56.125,48.0,13.0,0.0,17105.0,-0.08,0.25,81.0,90.0,70.0
2022-12-02,22.966666666666665,31.5,7.45,8.533333333333333,87.0,5.5,205.0,1.6916666666666669,1.4583333333333333,4.3,49.0,63.375,37.0,13.5,0.0,21332.0,0.1,0.23,85.0,76.0,77.0
2022-12-03,24.7,32.266666666666666,6.866666666666666,7.566666666666666,91.0,14.0,176.0,1.2416666666666667,1.9833333333333332,3.6416666666666666,57.0,69.75,23.0,12.5,0.0,12208.0,-0.25,0.06,82.0,66.0,83.0
2022-12-04,22.816944444444445,31.816944444444445,8.133333333333333,9.0,90.0,4.0,184.0,2.191666666666667,2.2666666666666666,3.675,46.0,54.5,54.0,12.75,0.0,15849.0,-0.29,-0.06,91.0,91.0,83.0
2022-12-05,23.047500000000003,31.2475,6.483333333333333,8.2,79.0,4.0,135.0,2.2333333333333334,1.5666666666666669,2.683333333333333,45.0,54.875,53.0,12.875,0.0,8533.0,-0.3,-0.16,78.0,85.0,72.0
2022-12-06,23.004722222222224,30.888055555555557,7.341666666666667,7.883333333333334,93.0,4.5,146.0,2.05,2.216666666666667,3.075,49.0,55.875,45.0,12.875,0.025,9635.0,0.19,0.01,86.0,85.0,73.0
2022-12-07,23.054166666666667,31.354166666666664,7.541666666666667,8.3,91.0,6.0,224.0,1.9166666666666667,2.05,3.575,51.0,58.0,42.0,12.875,0.0,11130.0,0.06,0.16,87.0,83.0,71.0
2022-12-08,22.95833333333333,31.225,7.616666666666666,8.266666666666667,92.0,3.5,156.0,1.4666666666666666,2.216666666666667,3.933333333333333,55.0,66.0,32.0,12.75,0.0,10546.0,0.18,0.26,87.0,69.0,76.0
2022-12-09,23.408055555555556,31.37472222222222,7.091666666666667,7.966666666666667,89.0,13.5,169.0,2.0,2.0416666666666665,3.05,49.0,58.25,53.0,13.25,0.0,13941.0,0.1,0.25,87.0,84.0,80.0
2022-12-10,,,,,,,,,,,,,,,,9169.0,,,,,
2022-12-11,,,,,,,,,,,,,,,,13488.0,-0.02,0.2,94.0,93.0,84.0
2022-12-12,23.049166666666668,30.999166666666667,6.95,7.95,87.0,4.5,168.0,2.208333333333333,2.066666666666667,2.675,49.0,54.375,45.0,13.125,0.0,11489.0,0.07,0.17,86.0,93.0,93.0
2022-12-13,23.96833333333333,31.235,6.658333333333333,7.266666666666667,92.0,0.5,124.0,2.3,1.4583333333333333,2.9,45.0,57.125,48.0,13.625,0.175,12197.0,-0.09,0.12,79.0,84.0,76.0
2022-12-14,24.883055555555558,31.549722222222226,5.616666666666666,6.666666666666667,84.0,26.5,145.0,1.5583333333333331,1.675,2.3833333333333333,50.0,55.375,47.0,12.875,0.0,9711.0,-0.03,0.1,71.0,73.0,75.0
2022-12-15,23.51527777777778,31.698611111111116,7.291666666666667,8.183333333333334,89.0,11.0,169.0,1.2,2.025,4.066666666666666,53.0,60.375,38.0,13.25,0.0,13427.0,-0.21,0.01,87.0,81.0,84.0
2022-12-16,23.883888888888887,31.20055555555556,6.516666666666667,7.316666666666666,89.0,3.5,213.0,1.525,1.6416666666666666,3.35,56.0,64.875,27.0,12.25,0.0,11354.0,0.08,0.07,79.0,62.0,72.0
2022-12-17,24.24833333333333,30.965,6.0,6.716666666666667,89.0,6.5,211.0,1.6416666666666666,1.6583333333333334,2.7,52.0,62.0,46.0,12.625,0.0,9640.0,0.06,0.14,78.0,75.0,76.0
2022-12-18,21.881666666666668,31.781666666666663,8.441666666666666,9.9,85.0,2.5,233.0,1.3666666666666667,2.566666666666667,4.508333333333334,52.0,62.75,36.0,13.5,0.0,7217.0,0.17,0.22,90.0,83.0,81.0
2022-12-19,22.70861111111111,29.85861111111111,5.783333333333333,7.15,81.0,4.5,144.0,1.5666666666666669,1.4,2.816666666666667,51.0,59.25,36.0,13.25,0.0,16830.0,0.09,0.21,73.0,77.0,70.0
2022-12-20,24.30555555555556,30.80555555555556,6.041666666666667,6.5,93.0,3.0,118.0,1.7,1.4666666666666666,2.875,52.0,66.0,33.0,13.75,0.0416666666666666,6259.0,0.49,0.36,79.0,68.0,89.0
2022-12-21,23.30027777777778,31.61694444444445,7.458333333333333,8.316666666666666,90.0,3.0,230.0,2.3833333333333333,1.4,3.675,52.0,58.75,44.0,13.25,0.0,8358.0,0.14,0.37,82.0,79.0,68.0
2022-12-22,21.230555555555554,30.497222222222224,8.183333333333334,9.266666666666667,88.0,5.0,206.0,1.6333333333333333,2.15,4.4,51.0,60.25,40.0,13.5,0.0,9765.0,0.21,0.34,90.0,81.0,71.0
2022-12-23,24.49361111111111,32.176944444444445,7.108333333333333,7.683333333333334,93.0,3.0,194.0,2.025,1.7166666666666666,3.3666666666666667,49.0,57.625,42.0,12.625,0.0,10183.0,0.29,0.34,84.0,87.0,90.0
2022-12-24,23.98305555555556,32.31638888888889,7.15,8.333333333333334,86.0,5.0,194.0,1.3333333333333333,1.8666666666666667,3.95,52.0,58.0,44.0,12.625,0.625,6552.0,0.12,0.32,81.0,81.0,74.0
2022-12-25,23.944444444444446,31.694444444444443,6.783333333333333,7.75,88.0,25.5,207.0,0.4916666666666666,1.7,4.591666666666667,52.0,63.375,28.0,13.125,0.2083333333333333,6867.0,0.38,0.39,72.0,74.0,68.0
2022-12-26,25.976111111111116,33.842777777777776,6.583333333333333,7.866666666666666,84.0,4.5,207.0,1.1,1.7583333333333333,3.725,48.0,58.875,45.0,13.75,0.1916666666666666,3588.0,0.04,0.33,70.0,83.0,69.0
2022-12-27,24.08861111111111,31.68861111111111,6.875,7.6,90.0,3.5,180.0,1.2916666666666667,1.8583333333333332,3.725,50.0,62.125,38.0,14.25,0.025,17580.0,-0.25,0.13,79.0,83.0,69.0
2022-12-28,23.754444444444445,31.621111111111112,6.633333333333334,7.866666666666666,84.0,29.0,184.0,1.15,1.8166666666666669,3.6666666666666665,54.0,63.125,38.0,14.25,0.0333333333333333,15257.0,0.31,0.17,78.0,63.0,82.0
2022-12-29,23.87305555555556,31.67305555555556,6.316666666666666,7.8,81.0,12.5,205.0,1.525,1.0666666666666669,3.725,52.0,65.25,39.0,14.125,0.0,11659.0,0.1,0.25,74.0,71.0,69.0
2022-12-30,22.83305555555556,31.21638888888889,7.225,8.383333333333333,86.0,4.5,214.0,1.9083333333333332,1.5333333333333334,3.783333333333333,54.0,64.25,34.0,13.5,0.0,6017.0,0.3,0.37,82.0,71.0,71.0
2022-12-31,23.749722222222225,31.099722222222223,6.741666666666666,7.35,92.0,17.5,128.0,1.5583333333333331,2.175,3.0083333333333333,51.0,60.75,35.0,13.25,0.0916666666666666,12083.0,0.13,0.34,85.0,74.0,87.0
2023-01-01,25.389722222222225,32.55638888888889,5.783333333333333,7.166666666666667,81.0,14.5,210.0,2.083333333333333,1.15,2.55,52.0,63.25,48.0,13.375,0.0,11741.0,-0.05,0.25,68.0,68.0,71.0
2023-01-02,,,,,,,,,,,,,,,,4285.0,,,,,
2023-01-03,24.61777777777778,31.301111111111112,5.716666666666667,6.683333333333334,86.0,8.0,127.0,1.45,1.2916666666666667,2.975,50.0,57.5,46.0,12.875,0.0,9225.0,-0.13,0.11,72.0,78.0,72.0
2023-01-04,,,,,,,,,,,,,,,2.2833333333333337,9306.0,,,,,
2023-01-05,,,,,,,,,,,,,,,0.1416666666666666,7508.0,,,,,
2023-01-06,26.40055555555556,31.517222222222223,4.191666666666666,5.116666666666666,82.0,26.0,144.0,1.125,0.775,2.2916666666666665,47.0,56.625,52.0,13.25,0.0083333333333333,16864.0,0.4,0.41,57.0,57.0,90.0
2023-01-07,24.524166666666662,33.990833333333335,7.875,9.466666666666669,83.0,18.5,259.0,1.4833333333333334,2.566666666666667,3.825,50.0,57.0,42.0,13.375,0.0,13471.0,-0.23,0.25,82.0,70.0,70.0
2023-01-08,23.000833333333333,33.034166666666664,9.325,10.033333333333331,93.0,4.5,332.0,1.65,2.683333333333333,4.991666666666666,48.0,55.875,51.0,13.375,0.0,11384.0,-0.1,0.1,89.0,89.0,70.0
2023-01-09,23.02083333333333,31.3375,6.416666666666667,8.316666666666666,77.0,4.0,235.0,0.875,1.45,4.091666666666667,49.0,58.625,41.0,13.375,0.025,8421.0,-0.1,0.03,72.0,83.0,66.0
2023-01-10,25.700277777777774,31.850277777777777,5.416666666666667,6.15,88.0,3.0,152.0,1.65,0.95,2.816666666666667,47.0,57.75,52.0,13.25,0.075,11196.0,-0.15,0.03,68.0,75.0,87.0
2023-01-11,22.96972222222222,30.919722222222223,6.416666666666667,7.95,81.0,3.5,213.0,1.2416666666666667,2.0166666666666666,3.158333333333333,49.0,57.0,44.0,13.0,0.0,11684.0,-0.12,0.01,78.0,79.0,71.0
2023-01-12,23.47111111111111,31.371111111111112,6.625,7.9,84.0,3.5,192.0,1.2166666666666666,2.183333333333333,3.225,51.0,57.25,49.0,12.75,0.0,13373.0,0.03,0.07,79.0,75.0,75.0
2023-01-13,23.05027777777778,31.816944444444445,7.275,8.766666666666667,83.0,17.0,232.0,1.4916666666666667,1.6583333333333334,4.125,50.0,59.0,46.0,13.375,0.0166666666666666,13217.0,-0.25,0.02,85.0,82.0,74.0
2023-01-14,22.441111111111116,29.59111111111111,6.766666666666667,7.15,95.0,3.5,134.0,1.8416666666666663,2.033333333333333,2.8916666666666666,58.0,63.875,26.0,13.25,0.0333333333333333,12944.0,0.26,0.15,84.0,71.0,78.0
2023-01-15,24.28305555555556,30.71638888888889,5.933333333333334,6.433333333333334,92.0,4.5,191.0,1.675,1.4083333333333334,2.85,55.0,62.375,36.0,13.125,0.125,8905.0,0.13,0.25,75.0,64.0,68.0
2023-01-16,23.93305555555556,30.61638888888889,6.091666666666667,6.683333333333334,91.0,4.0,122.0,0.7666666666666667,2.05,3.275,64.0,70.75,22.0,11.875,0.0083333333333333,6572.0,0.34,0.39,76.0,58.0,78.0
2023-01-17,22.144166666666667,30.7775,8.341666666666667,8.633333333333333,97.0,3.5,162.0,2.0,2.558333333333333,3.783333333333333,52.0,60.0,34.0,13.375,0.0,5904.0,0.1,0.36,93.0,77.0,84.0
2023-01-18,22.88361111111111,30.816944444444445,7.291666666666667,7.933333333333334,92.0,5.5,142.0,2.716666666666667,1.9333333333333331,2.6416666666666666,53.0,62.5,43.0,13.375,0.0,6753.0,0.03,0.28,87.0,76.0,78.0
2023-01-19,25.034166666666668,30.83416666666667,5.191666666666666,5.8,90.0,5.5,140.0,1.9333333333333331,1.1333333333333333,2.125,56.0,65.75,28.0,12.75,0.0,5361.0,0.19,0.27,68.0,65.0,68.0
2023-01-20,23.63305555555556,30.91638888888889,6.833333333333333,7.283333333333333,94.0,3.0,194.0,1.9083333333333332,1.8333333333333333,3.091666666666667,52.0,62.625,41.0,13.125,0.0,7790.0,-0.11,0.2,83.0,71.0,72.0
2023-01-21,29.3525,35.219166666666666,5.183333333333334,5.866666666666666,88.0,4.0,158.0,1.1833333333333331,1.0083333333333333,2.9916666666666667,60.0,75.375,26.0,15.125,0.0,11266.0,0.2,0.24,58.0,48.0,65.0
2023-01-22,24.111944444444443,32.64527777777778,6.983333333333333,8.533333333333333,82.0,16.0,200.0,1.65,1.775,3.558333333333333,52.0,62.625,41.0,14.0,0.95,11953.0,-0.09,0.19,80.0,78.0,76.0
2023-01-23,25.14333333333333,31.526666666666667,5.191666666666666,6.383333333333334,81.0,3.0,116.0,1.8916666666666664,1.325,1.975,52.0,60.0,31.0,13.625,0.0,8220.0,-0.43,0.0,68.0,61.0,77.0
2023-01-24,23.675,31.625,6.558333333333334,7.95,82.0,2.5,253.0,1.3333333333333333,1.4166666666666667,3.808333333333333,53.0,69.0,33.0,13.875,0.0,9620.0,0.34,0.11,76.0,69.0,71.0
2023-01-25,27.341944444444444,31.558611111111112,3.7,4.216666666666667,88.0,3.0,55.0,1.675,0.9583333333333334,1.0666666666666669,53.0,58.5,39.0,12.625,0.4416666666666666,11361.0,-0.11,0.17,58.0,52.0,94.0
2023-01-26,23.01805555555556,31.234722222222224,7.6,8.216666666666667,92.0,3.0,252.0,1.4916666666666667,2.4166666666666665,3.691666666666667,55.0,59.875,34.0,12.5,0.0,7682.0,0.03,0.2,87.0,73.0,72.0
2023-01-27,22.9175,31.6175,7.183333333333334,8.7,83.0,6.0,236.0,2.1083333333333334,1.7833333333333334,3.2916666666666665,52.0,59.0,43.0,12.75,0.0,14458.0,0.05,0.17,84.0,78.0,71.0
2023-01-28,23.91638888888889,32.183055555555555,7.258333333333334,8.266666666666667,88.0,5.0,268.0,1.975,1.4333333333333331,3.85,51.0,57.5,42.0,13.0,0.0,15580.0,-0.24,0.09,79.0,72.0,65.0
2023-01-29,24.272777777777776,32.53944444444444,7.441666666666666,8.266666666666667,90.0,4.0,224.0,1.0166666666666666,2.4,4.025,58.0,70.375,23.0,12.75,0.0,11769.0,0.14,0.13,82.0,67.0,80.0
2023-01-30,,,,,,,,,,,,,,,,4973.0,,,,,
2023-01-31,24.052222222222223,31.135555555555555,6.275,7.083333333333333,89.0,8.0,128.0,1.45,1.3083333333333331,3.5166666666666666,50.0,62.625,44.0,13.125,0.0,8057.0,0.1,0.28,79.0,73.0,86.0
2023-02-01,23.35888888888889,31.225555555555555,7.025,7.866666666666666,89.0,2.5,191.0,1.0666666666666669,1.825,4.133333333333334,52.0,61.125,39.0,13.375,0.0,11476.0,-0.04,0.2,80.0,80.0,71.0
2023-02-02,22.96305555555556,31.06305555555556,7.008333333333334,8.1,87.0,7.5,178.0,1.6833333333333331,1.9916666666666667,3.333333333333333,51.0,57.0,43.0,13.0,0.0,12004.0,-0.1,0.13,84.0,81.0,76.0
2023-02-03,23.04694444444445,31.18027777777778,7.666666666666667,8.133333333333333,94.0,4.0,167.0,1.975,2.0416666666666665,3.65,51.0,58.625,40.0,12.875,0.0,14143.0,-0.04,0.08,90.0,84.0,89.0
2023-02-04,22.641944444444444,31.15861111111111,7.416666666666667,8.516666666666667,87.0,17.0,216.0,1.425,2.191666666666667,3.8,52.0,60.75,41.0,12.75,0.0,15415.0,-0.14,0.02,89.0,80.0,81.0
2023-02-05,23.50888888888889,32.12555555555556,7.008333333333334,8.616666666666667,81.0,21.0,200.0,1.0583333333333331,2.05,3.9,48.0,56.625,52.0,13.0,0.0,16521.0,-0.15,0.0,79.0,88.0,72.0
2023-02-06,23.292222222222225,30.99222222222222,6.833333333333333,7.7,89.0,5.5,309.0,1.0666666666666669,1.725,4.041666666666667,44.0,54.625,60.0,12.75,0.0,12552.0,-0.33,-0.07,79.0,87.0,60.0
2023-02-07,23.114722222222223,31.264722222222225,7.125,8.15,87.0,17.0,281.0,1.4916666666666667,0.8166666666666667,4.816666666666666,48.0,57.875,50.0,13.0,0.0,15876.0,-0.01,-0.03,80.0,88.0,72.0
2023-02-08,23.88305555555556,30.99972222222222,6.408333333333333,7.116666666666666,90.0,3.0,138.0,2.2666666666666666,1.6,2.5416666666666665,49.0,57.0,43.0,12.875,0.0,12803.0,-0.25,-0.06,80.0,77.0,83.0
2023-02-09,25.1,31.066666666666663,5.058333333333334,5.966666666666667,85.0,17.5,138.0,1.3583333333333334,1.2,2.5,51.0,64.875,37.0,12.375,0.025,12196.0,0.1,0.02,67.0,65.0,69.0
2023-02-10,24.466944444444444,31.05027777777778,5.7,6.583333333333333,87.0,4.5,137.0,2.1083333333333334,1.5583333333333331,2.033333333333333,47.0,54.875,52.0,12.0,0.0,10470.0,-0.38,-0.07,76.0,72.0,92.0
2023-02-11,24.28388888888889,28.017222222222223,3.4833333333333334,3.733333333333333,93.0,3.5,103.0,1.1666666666666667,0.7583333333333333,1.5583333333333331,51.0,57.5,39.0,12.125,0.0,19004.0,0.02,-0.04,61.0,64.0,85.0
2023-02-12,23.084166666666665,32.2675,8.333333333333334,9.183333333333334,91.0,3.5,159.0,1.75,2.441666666666667,4.141666666666667,53.0,59.25,40.0,12.5,0.0,8694.0,0.46,0.19,88.0,75.0,74.0
2023-02-13,23.316111111111116,31.68277777777778,7.483333333333333,8.366666666666667,89.0,12.0,224.0,1.2833333333333334,2.025,4.175,49.0,56.75,43.0,12.5,0.0,19327.0,0.07,0.3,86.0,84.0,68.0
2023-02-14,,,,,,,,,,,,,,,0.0083333333333333,12090.0,,,,,
2023-02-15,22.98555555555556,30.035555555555558,5.508333333333334,7.05,78.0,12.0,101.0,1.0583333333333331,0.9583333333333334,3.4916666666666667,51.0,68.125,33.0,14.25,0.0,11274.0,0.03,0.13,70.0,75.0,75.0
2023-02-16,23.08944444444444,32.63944444444444,8.316666666666666,9.55,87.0,3.5,230.0,1.1,2.1166666666666667,5.1,52.0,60.0,41.0,12.75,0.0,14084.0,0.45,0.34,84.0,78.0,69.0
2023-02-17,22.60888888888889,31.75888888888889,7.916666666666667,9.15,87.0,8.0,288.0,1.0416666666666667,2.35,4.525,52.0,63.5,34.0,13.25,0.0,13117.0,0.08,0.32,87.0,85.0,71.0
2023-02-18,23.444444444444446,31.62777777777778,7.316666666666666,8.183333333333334,89.0,3.0,225.0,2.183333333333333,1.9083333333333332,3.225,47.0,55.625,44.0,12.875,0.0,13972.0,-0.15,0.17,86.0,91.0,82.0
2023-02-19,22.968055555555555,31.584722222222226,7.566666666666666,8.616666666666667,88.0,3.5,217.0,1.9,1.7333333333333334,3.933333333333333,50.0,57.375,47.0,12.875,0.0083333333333333,19324.0,-0.33,-0.05,85.0,90.0,73.0
2023-02-20,22.925833333333333,31.82583333333333,7.291666666666667,8.9,82.0,6.0,203.0,1.7583333333333333,1.8333333333333333,3.7,48.0,58.875,58.0,13.25,0.0,7925.0,-0.28,-0.14,82.0,81.0,71.0
2023-02-21,22.941944444444445,31.42527777777778,7.891666666666667,8.483333333333333,93.0,11.5,265.0,1.3083333333333331,2.2666666666666666,4.316666666666666,50.0,60.25,44.0,12.875,0.025,10934.0,0.25,0.06,91.0,82.0,79.0
2023-02-22,23.22694444444444,31.360277777777775,7.391666666666667,8.133333333333333,91.0,3.5,193.0,2.675,1.925,2.7916666666666665,49.0,53.625,51.0,12.5,0.0,7978.0,0.01,0.17,86.0,91.0,74.0
2023-02-23,24.77555555555556,31.15888888888889,5.391666666666667,6.383333333333334,84.0,3.5,181.0,1.8,1.0416666666666667,2.55,49.0,57.125,39.0,13.0,0.0,7971.0,0.02,0.16,67.0,80.0,71.0
2023-02-24,22.649166666666662,31.41583333333333,8.2,8.766666666666667,94.0,9.0,181.0,1.8,2.4166666666666665,3.983333333333333,51.0,59.625,43.0,12.75,0.0,8614.0,-0.26,0.0,93.0,91.0,78.0
2023-02-25,22.981666666666666,31.731666666666666,7.391666666666667,8.75,84.0,15.0,237.0,1.3583333333333334,1.6833333333333331,4.35,49.0,55.25,53.0,12.625,0.0,13562.0,-0.09,-0.04,87.0,92.0,77.0
2023-02-26,23.799166666666668,31.3325,6.583333333333333,7.533333333333333,87.0,12.5,199.0,1.7916666666666667,1.725,3.066666666666667,49.0,59.875,56.0,13.25,0.0,5832.0,-0.39,-0.16,82.0,84.0,74.0
2023-02-27,24.26638888888889,31.21638888888889,6.166666666666667,6.95,89.0,17.0,251.0,1.3916666666666666,1.6916666666666669,3.083333333333333,47.0,56.25,53.0,12.75,0.0,11556.0,-0.37,-0.25,79.0,89.0,68.0
2023-02-28,23.054722222222225,31.60472222222222,7.55,8.55,88.0,19.0,222.0,2.25,2.0416666666666665,3.2583333333333333,48.0,55.625,50.0,12.875,0.0,12411.0,0.03,-0.15,89.0,89.0,83.0
2023-03-01,24.85,31.1,5.891666666666667,6.25,94.0,2.5,110.0,1.2416666666666667,1.4333333333333331,3.216666666666667,57.0,66.25,28.0,11.75,0.0,13698.0,0.06,0.02,75.0,73.0,81.0
2023-03-02,23.376944444444444,31.393611111111117,7.516666666666667,8.016666666666667,94.0,7.5,235.0,1.875,2.533333333333333,3.1083333333333334,53.0,69.375,19.0,12.5,0.0,9238.0,0.0,0.09,89.0,79.0,82.0
2023-03-03,24.023055555555555,31.15638888888889,6.133333333333334,7.133333333333334,86.0,3.5,170.0,1.15,1.25,3.733333333333333,49.0,56.375,54.0,12.875,0.0,7204.0,0.05,0.09,72.0,77.0,70.0
2023-03-04,24.878888888888888,31.76222222222222,6.466666666666667,6.883333333333334,94.0,5.5,205.0,1.8416666666666663,1.2833333333333334,3.341666666666667,46.0,55.375,43.0,12.5,0.0,14104.0,0.05,0.1,77.0,81.0,80.0
2023-03-05,22.39,32.02333333333333,8.708333333333334,9.633333333333333,90.0,2.5,268.0,1.45,1.9166666666666667,5.341666666666667,47.0,54.375,54.0,12.375,0.0,13583.0,-0.03,0.08,90.0,92.0,76.0
2023-03-06,23.25861111111111,31.275277777777777,6.766666666666667,8.016666666666667,84.0,17.0,158.0,0.8,1.6833333333333331,4.283333333333333,49.0,56.625,42.0,13.125,0.0,11566.0,0.17,0.13,78.0,74.0,70.0
2023-03-07,22.81388888888889,31.01388888888889,7.241666666666666,8.2,88.0,29.0,211.0,2.225,1.5,3.5166666666666666,49.0,54.25,51.0,12.625,0.0,12549.0,-0.01,0.13,82.0,85.0,72.0
2023-03-08,24.73333333333333,31.7,5.941666666666666,6.966666666666667,85.0,4.0,161.0,1.7166666666666666,1.175,3.05,51.0,59.875,41.0,13.0,0.0,10753.0,0.29,0.22,71.0,74.0,80.0
2023-03-09,24.55444444444445,31.43777777777778,6.1,6.883333333333334,89.0,7.0,171.0,1.3416666666666666,1.6333333333333333,3.125,46.0,56.75,58.0,12.625,0.0,12777.0,-0.03,0.18,77.0,78.0,77.0
2023-03-10,22.316944444444445,31.08361111111111,7.658333333333333,8.766666666666667,87.0,20.0,189.0,1.7166666666666666,2.025,3.9166666666666665,49.0,58.5,50.0,12.75,0.0,18969.0,0.12,0.17,88.0,82.0,71.0
2023-03-11,24.092222222222222,31.825555555555557,7.0,7.733333333333333,91.0,4.0,222.0,1.3,1.8166666666666669,3.883333333333333,55.0,65.375,37.0,13.875,0.0,2561.0,-0.16,0.05,82.0,71.0,78.0
2023-03-12,22.908055555555556,31.274722222222223,7.941666666666666,8.366666666666667,95.0,4.0,207.0,1.9416666666666669,2.125,3.875,48.0,55.875,50.0,13.5,0.0,15167.0,-0.21,-0.04,91.0,93.0,79.0
2023-03-13,23.098333333333333,31.431666666666665,7.333333333333333,8.333333333333334,88.0,18.5,290.0,1.4833333333333334,1.9,3.95,49.0,56.25,51.0,13.125,0.0,9620.0,0.07,-0.01,85.0,89.0,64.0
2023-03-14,22.999722222222225,31.316388888888888,6.866666666666666,8.316666666666666,83.0,11.5,245.0,2.675,0.7833333333333333,3.408333333333333,47.0,57.0,58.0,13.5,0.0,10745.0,-0.01,0.05,77.0,85.0,64.0
2023-03-15,24.33277777777778,31.16611111111111,5.366666666666666,6.833333333333333,79.0,18.5,189.0,1.0166666666666666,1.2333333333333334,3.1166666666666667,53.0,66.625,28.0,13.125,0.0,13552.0,0.19,0.16,67.0,66.0,68.0
2023-03-16,23.975,31.525,5.816666666666666,7.55,77.0,6.0,172.0,1.675,1.35,2.7916666666666665,47.0,58.875,61.0,13.5,0.0999999999999999,11876.0,-0.29,0.03,72.0,79.0,72.0
2023-03-17,22.985277777777775,31.268611111111117,7.541666666666667,8.283333333333333,91.0,15.5,196.0,1.3916666666666666,1.9583333333333333,4.191666666666666,49.0,57.75,48.0,13.0,0.0,12657.0,0.03,0.01,89.0,86.0,72.0
2023-03-18,22.93583333333333,31.8525,8.058333333333334,8.916666666666666,90.0,12.5,227.0,1.9666666666666663,1.9416666666666669,4.15,48.0,54.125,52.0,12.875,0.0,9312.0,0.19,0.1,91.0,86.0,77.0
2023-03-19,23.03638888888889,32.45305555555555,7.791666666666667,9.416666666666666,83.0,3.0,248.0,2.2,1.8916666666666664,3.7,45.0,55.5,59.0,13.125,0.0,15907.0,-0.13,0.1,83.0,92.0,69.0
2023-03-20,24.284444444444443,31.317777777777778,5.616666666666666,7.033333333333333,80.0,10.0,162.0,1.5916666666666666,0.925,3.1,47.0,64.125,50.0,14.125,0.0,15482.0,-0.32,-0.07,69.0,73.0,72.0
2023-03-21,24.36638888888889,31.399722222222223,6.008333333333334,7.033333333333333,85.0,27.0,150.0,1.7916666666666667,1.575,2.6416666666666666,49.0,57.375,42.0,12.875,0.0,6503.0,0.05,-0.06,74.0,79.0,80.0
2023-03-22,23.0,28.816666666666663,5.333333333333333,5.816666666666666,92.0,3.0,131.0,0.9583333333333334,1.8583333333333332,2.5166666666666666,54.0,63.0,34.0,13.25,0.0,14340.0,0.37,0.17,75.0,64.0,87.0
2023-03-23,25.63361111111111,32.48361111111111,6.358333333333333,6.85,93.0,5.5,131.0,0.9666666666666668,2.075,3.316666666666667,57.0,67.5,29.0,13.5,0.0,12818.0,0.23,0.32,75.0,59.0,86.0
2023-03-24,23.891388888888887,30.924722222222226,6.45,7.033333333333333,92.0,16.0,252.0,1.625,1.5166666666666666,3.308333333333333,43.0,55.5,54.0,13.0,0.0,3905.0,-0.21,0.16,82.0,78.0,74.0
2023-03-25,24.45861111111111,31.62527777777778,6.483333333333333,7.166666666666667,90.0,5.0,195.0,1.8833333333333333,1.5666666666666669,3.033333333333333,44.0,56.625,51.0,12.75,0.0,19422.0,-0.22,-0.04,77.0,83.0,71.0
2023-03-26,24.447777777777777,32.614444444444445,6.666666666666667,8.166666666666666,82.0,55.5,142.0,2.125,2.283333333333333,2.2583333333333333,52.0,58.5,37.0,13.125,0.0,11706.0,-0.02,-0.06,71.0,67.0,83.0
2023-03-27,24.49277777777778,31.142777777777777,5.3,6.65,80.0,18.5,117.0,2.1333333333333333,1.4083333333333334,1.7583333333333333,50.0,57.125,42.0,12.625,0.0,7816.0,-0.23,-0.05,74.0,75.0,92.0
2023-03-28,24.79222222222222,31.592222222222222,5.766666666666667,6.8,85.0,29.0,164.0,1.4916666666666667,1.75,2.525,48.0,56.875,50.0,13.0,0.0,11156.0,-0.05,-0.02,71.0,74.0,72.0
2023-03-29,24.309166666666663,31.7925,6.966666666666667,7.483333333333333,93.0,4.0,233.0,1.45,1.9083333333333332,3.608333333333333,51.0,56.75,42.0,12.5,0.0,8395.0,-0.27,-0.08,81.0,77.0,70.0
2023-03-30,23.22472222222222,30.724722222222223,6.525,7.5,87.0,11.5,141.0,1.625,1.5916666666666666,3.308333333333333,50.0,57.125,43.0,12.875,0.0,7893.0,-0.02,-0.02,82.0,84.0,76.0
2023-03-31,25.034166666666668,32.1675,6.133333333333334,7.133333333333334,86.0,6.0,216.0,1.825,1.1083333333333334,3.2,48.0,59.75,46.0,13.0,0.0,3452.0,-0.08,0.01,69.0,80.0,62.0
2023-04-01,25.175833333333333,32.259166666666665,5.958333333333333,7.083333333333333,84.0,22.0,218.0,1.5916666666666666,1.4,2.966666666666667,45.0,54.875,54.0,12.625,0.0,19708.0,-0.28,-0.04,73.0,83.0,83.0
2023-04-02,24.316388888888888,29.16638888888889,4.166666666666667,4.85,86.0,6.0,151.0,1.7416666666666667,0.45,1.975,49.0,56.375,48.0,12.75,0.0,11567.0,-0.4,-0.19,61.0,61.0,66.0
2023-04-03,21.908055555555556,32.091388888888886,9.458333333333334,10.183333333333334,93.0,3.0,214.0,2.2416666666666667,2.683333333333333,4.533333333333333,48.0,55.125,48.0,12.75,0.0,10039.0,0.09,-0.09,92.0,90.0,73.0
2023-04-04,24.551388888888887,31.918055555555554,6.583333333333333,7.366666666666666,89.0,8.0,153.0,1.5666666666666669,1.65,3.3666666666666667,53.0,60.625,34.0,13.0,0.0,17421.0,0.16,0.1,79.0,81.0,72.0
2023-04-05,22.925,31.15833333333333,7.183333333333334,8.233333333333333,87.0,2.5,160.0,1.35,2.066666666666667,3.7666666666666666,54.0,65.25,29.0,12.75,0.0,11018.0,0.51,0.37,84.0,63.0,77.0
2023-04-06,24.809166666666663,33.2425,6.875,8.433333333333334,82.0,9.0,183.0,1.325,1.775,3.775,49.0,57.75,48.0,13.5,0.5833333333333334,12278.0,0.23,0.42,81.0,87.0,71.0
2023-04-07,22.6075,33.62416666666667,7.991666666666666,11.016666666666667,73.0,4.0,248.0,1.575,2.083333333333333,4.333333333333333,53.0,65.875,29.0,14.375,0.0333333333333333,8535.0,1.07,0.73,81.0,57.0,70.0
2023-04-08,23.81222222222222,33.995555555555555,8.375,10.183333333333334,82.0,10.0,221.0,2.1666666666666665,2.191666666666667,4.016666666666667,47.0,55.25,56.0,13.5,0.0333333333333333,11329.0,0.01,0.59,85.0,92.0,77.0
2023-04-09,23.024444444444445,31.441111111111116,6.9,8.416666666666666,82.0,10.5,166.0,1.4916666666666667,1.4666666666666666,3.941666666666667,44.0,58.25,49.0,13.875,0.025,18464.0,0.14,0.39,81.0,89.0,73.0
2023-04-10,22.74638888888889,31.796388888888888,7.475,9.05,83.0,7.5,202.0,1.5083333333333333,1.875,4.091666666666667,47.0,60.5,46.0,14.625,0.0,12425.0,0.08,0.21,84.0,83.0,70.0
2023-04-11,24.466666666666665,30.316666666666663,4.675,5.85,80.0,12.0,176.0,1.1583333333333334,0.9416666666666668,2.575,47.0,64.125,42.0,14.125,0.0,12213.0,0.12,0.21,64.0,78.0,69.0
2023-04-12,21.35305555555556,30.55305555555556,7.791666666666667,9.2,85.0,5.5,214.0,2.425,2.0083333333333333,3.3583333333333334,47.0,61.625,57.0,14.375,0.0083333333333333,12447.0,-0.72,-0.12,89.0,90.0,79.0
2023-04-13,23.46611111111111,30.732777777777777,6.35,7.266666666666667,87.0,6.5,174.0,2.2916666666666665,1.6666666666666667,2.3916666666666666,56.0,67.0,30.0,13.375,0.0,9160.0,0.13,-0.12,81.0,77.0,85.0
2023-04-14,22.875833333333333,31.3425,7.708333333333333,8.466666666666667,91.0,3.5,127.0,1.4416666666666669,2.558333333333333,3.7083333333333335,49.0,56.0,51.0,13.5,0.0,15496.0,0.13,0.03,90.0,88.0,86.0
2023-04-15,24.383055555555558,32.48305555555555,7.725,8.1,95.0,4.5,288.0,1.8583333333333332,1.7,4.166666666666667,52.0,63.625,43.0,13.125,0.0,7469.0,0.1,0.19,86.0,82.0,88.0
2023-04-16,22.75027777777778,31.38361111111111,7.641666666666667,8.633333333333333,89.0,5.0,171.0,1.0416666666666667,2.583333333333333,4.016666666666667,47.0,60.0,36.0,13.375,0.0,3849.0,-0.28,0.04,86.0,82.0,75.0
2023-04-17,24.616666666666667,31.0,6.033333333333333,6.383333333333334,95.0,4.0,184.0,1.575,1.3833333333333333,3.075,49.0,66.125,48.0,15.0,0.0,10653.0,-0.08,-0.01,77.0,85.0,83.0
2023-04-18,,,,,,,,,,,,,,,4.425,12317.0,0.5,0.23,55.0,71.0,85.0
2023-04-19,23.21638888888889,32.49972222222222,8.316666666666666,9.283333333333331,90.0,8.5,181.0,2.4166666666666665,1.875,4.025,46.0,53.125,55.0,13.25,0.1833333333333333,5201.0,-0.1,0.26,90.0,81.0,75.0
2023-04-20,24.56277777777778,31.529444444444444,5.866666666666666,6.966666666666667,84.0,5.5,107.0,1.75,1.6083333333333334,2.5083333333333333,47.0,53.0,59.0,12.875,0.2333333333333333,9832.0,-0.47,0.0,74.0,86.0,85.0
2023-04-21,23.575,31.725,7.566666666666666,8.15,93.0,4.0,215.0,2.058333333333333,1.8,3.7083333333333335,47.0,55.375,51.0,12.875,0.0,11490.0,-0.11,-0.13,87.0,89.0,81.0
2023-04-22,25.191666666666663,32.65833333333333,7.025,7.466666666666667,94.0,4.0,175.0,1.7166666666666666,2.091666666666667,3.216666666666667,51.0,63.125,29.0,13.875,0.0,17724.0,-0.07,-0.05,79.0,70.0,72.0
2023-04-23,23.999722222222225,31.66638888888889,6.758333333333334,7.666666666666667,88.0,3.0,191.0,2.433333333333333,1.4083333333333334,2.9166666666666665,47.0,54.125,57.0,13.375,0.0,12435.0,-0.2,-0.02,79.0,83.0,76.0
2023-04-24,22.854444444444447,31.43777777777778,7.783333333333333,8.583333333333334,91.0,2.5,167.0,1.9583333333333333,2.216666666666667,3.608333333333333,47.0,52.625,52.0,12.875,0.0,9667.0,-0.04,-0.01,88.0,93.0,77.0
2023-04-25,23.966944444444444,31.23361111111111,6.116666666666666,7.266666666666667,84.0,14.5,205.0,1.0583333333333331,1.0916666666666666,3.966666666666667,50.0,58.375,44.0,13.5,0.0,19201.0,0.16,0.1,73.0,78.0,67.0
2023-04-26,22.854722222222225,31.371388888888887,7.458333333333333,8.516666666666667,88.0,3.5,227.0,1.75,1.8333333333333333,3.875,52.0,62.375,38.0,13.625,0.0,12503.0,0.22,0.25,87.0,73.0,80.0
2023-04-27,24.550555555555555,31.70055555555556,5.525,7.15,77.0,9.5,186.0,1.7916666666666667,1.3833333333333333,2.35,46.0,56.625,56.0,12.875,0.0,9292.0,-0.31,0.1,69.0,77.0,76.0
2023-04-28,,,,,,,,,,,,,,,,11019.0,,,,,
2023-04-29,23.676944444444445,31.66027777777778,6.85,7.983333333333333,86.0,24.0,207.0,2.091666666666667,2.0,2.7583333333333333,48.0,54.125,63.0,13.0,0.3,21116.0,-0.02,0.01,86.0,86.0,90.0
2023-04-30,23.15888888888889,31.175555555555555,7.175,8.016666666666667,90.0,11.0,214.0,2.658333333333333,1.6,2.9166666666666665,49.0,57.75,50.0,13.625,0.0416666666666666,13612.0,-0.28,-0.08,86.0,78.0,71.0
2023-05-01,23.100555555555555,31.75055555555556,7.675,8.65,89.0,6.0,216.0,2.575,2.208333333333333,2.8916666666666666,47.0,54.75,50.0,13.375,0.0,13687.0,-0.19,-0.1,89.0,91.0,78.0
2023-05-02,22.949722222222224,31.19972222222222,7.125,8.25,86.0,12.5,197.0,1.8583333333333332,1.8,3.466666666666667,44.0,51.0,64.0,12.375,0.0,12437.0,-0.31,-0.17,86.0,92.0,80.0
2023-05-03,24.45833333333333,30.941666666666663,5.283333333333333,6.483333333333333,81.0,4.0,187.0,2.0083333333333333,0.9083333333333332,2.3666666666666667,47.0,56.625,54.0,13.125,0.0,16877.0,-0.07,-0.11,65.0,75.0,68.0
2023-05-04,23.191666666666663,31.191666666666663,7.483333333333333,8.0,94.0,14.5,213.0,1.95,1.7916666666666667,3.7416666666666663,54.0,63.875,33.0,13.625,0.0,11405.0,0.17,0.05,90.0,72.0,84.0
2023-05-05,24.07472222222222,31.441388888888888,6.541666666666667,7.366666666666666,89.0,3.0,115.0,2.65,1.6416666666666666,2.25,46.0,54.25,57.0,13.0,0.0,25458.0,-0.27,0.03,80.0,81.0,79.0
2023-05-06,23.941666666666663,32.45833333333333,6.416666666666667,8.516666666666667,75.0,46.5,213.0,1.9416666666666669,1.7833333333333334,2.691666666666667,47.0,56.0,52.0,12.875,0.075,8220.0,0.16,0.1,67.0,76.0,71.0
2023-05-07,22.576944444444443,31.94361111111111,7.7,9.366666666666667,82.0,7.5,232.0,2.0416666666666665,1.5916666666666666,4.066666666666666,46.0,60.25,54.0,13.5,0.0,12978.0,0.04,0.14,85.0,91.0,72.0
2023-05-08,23.46722222222222,31.550555555555555,6.8,8.083333333333334,84.0,7.0,205.0,2.6416666666666666,1.5416666666666667,2.6166666666666667,43.0,55.5,62.0,13.375,0.0,14148.0,-0.24,0.07,81.0,87.0,75.0
2023-05-09,22.70888888888889,31.175555555555555,7.108333333333333,8.466666666666667,84.0,13.5,179.0,1.9333333333333331,1.6083333333333334,3.566666666666667,45.0,58.375,60.0,13.375,0.0,13153.0,-0.41,-0.11,86.0,92.0,80.0
2023-05-10,22.822777777777777,31.05611111111111,7.283333333333333,8.233333333333333,88.0,20.5,218.0,1.7166666666666666,1.6666666666666667,3.9,50.0,61.125,43.0,13.125,0.0,12934.0,0.33,0.05,86.0,78.0,73.0
2023-05-11,23.05138888888889,31.26805555555556,6.883333333333334,8.216666666666667,84.0,6.0,218.0,1.025,1.8666666666666667,3.9916666666666663,50.0,65.875,42.0,14.125,0.0,12204.0,-0.14,0.13,79.0,75.0,68.0
2023-05-12,22.979166666666664,31.229166666666668,7.316666666666666,8.25,89.0,9.5,207.0,2.5083333333333333,2.15,2.658333333333333,47.0,54.625,57.0,12.875,0.0083333333333333,10039.0,-0.15,0.1,89.0,85.0,87.0
2023-05-13,22.890833333333333,31.6075,8.075,8.716666666666667,93.0,3.0,261.0,1.6583333333333334,1.825,4.591666666666667,47.0,55.125,54.0,13.0,0.0,22096.0,-0.05,0.04,90.0,93.0,76.0
2023-05-14,23.676944444444445,31.860277777777775,7.425,8.183333333333334,91.0,16.0,196.0,1.1833333333333331,2.075,4.166666666666667,51.0,57.5,42.0,13.75,0.0333333333333333,17839.0,0.12,0.15,86.0,73.0,75.0
2023-05-15,22.784166666666668,31.034166666666668,6.466666666666667,8.25,78.0,3.0,202.0,1.7833333333333334,1.0416666666666667,3.6416666666666666,46.0,53.75,61.0,12.75,0.0,16522.0,0.06,0.22,74.0,84.0,72.0
2023-05-16,24.001944444444444,30.835277777777776,5.683333333333334,6.833333333333333,83.0,9.0,142.0,1.5916666666666666,0.9916666666666668,3.1,46.0,59.5,65.0,13.75,0.125,15751.0,-0.04,0.17,72.0,77.0,79.0
2023-05-17,22.68305555555556,30.63305555555556,6.325,7.95,80.0,15.0,175.0,1.6166666666666667,1.4083333333333334,3.3,48.0,56.75,48.0,13.5,0.0,19612.0,-0.02,0.1,80.0,77.0,74.0
2023-05-18,24.399722222222223,31.399722222222223,6.008333333333334,7.0,86.0,3.0,211.0,2.125,1.3,2.583333333333333,48.0,60.25,63.0,13.5,0.0,17227.0,-0.19,0.03,73.0,72.0,72.0
2023-05-19,24.516944444444444,30.933611111111112,6.05,6.416666666666667,94.0,4.5,151.0,1.8833333333333333,1.4083333333333334,2.7583333333333333,53.0,66.0,36.0,13.125,0.0,13175.0,0.2,0.14,78.0,72.0,88.0
2023-05-20,24.58361111111111,32.250277777777775,6.258333333333334,7.666666666666667,82.0,3.5,179.0,2.341666666666667,1.6666666666666667,2.25,46.0,55.375,62.0,13.25,0.0,20483.0,0.1,0.24,74.0,76.0,71.0
2023-05-21,22.93722222222222,31.68722222222222,7.4,8.75,85.0,8.0,159.0,2.3,1.7583333333333333,3.341666666666667,47.0,57.125,63.0,13.5,0.0,11892.0,0.1,0.26,86.0,80.0,72.0
2023-05-22,23.462777777777777,31.36277777777778,6.708333333333333,7.9,85.0,8.0,229.0,2.158333333333333,1.2833333333333334,3.2666666666666666,45.0,59.125,64.0,13.75,0.0,14700.0,-0.01,0.16,78.0,87.0,68.0
2023-05-23,23.733611111111117,31.266944444444444,6.216666666666667,7.533333333333333,83.0,0.5,181.0,1.4666666666666666,1.4166666666666667,3.333333333333333,46.0,57.875,55.0,13.125,0.0166666666666666,12160.0,-0.14,0.05,75.0,84.0,81.0
2023-05-24,23.050555555555555,31.28388888888889,6.608333333333333,8.233333333333333,80.0,4.5,184.0,1.8416666666666663,1.4416666666666669,3.325,47.0,53.875,64.0,12.875,0.0,14683.0,0.01,0.05,78.0,79.0,75.0
2023-05-25,23.6175,31.1175,6.575,7.5,88.0,4.0,117.0,2.2916666666666665,1.8333333333333333,2.45,48.0,59.5,61.0,13.75,0.0,13355.0,-0.33,-0.02,81.0,78.0,76.0
2023-05-26,24.13277777777778,30.93277777777778,6.475,6.8,95.0,6.5,153.0,2.083333333333333,1.175,3.216666666666667,48.0,54.75,64.0,12.75,0.0,11502.0,-0.03,-0.02,80.0,72.0,85.0
2023-05-27,23.425,31.575,7.4,8.15,91.0,11.0,207.0,1.7416666666666667,2.1083333333333334,3.55,47.0,54.75,57.0,13.25,0.0,13499.0,-0.4,-0.11,89.0,86.0,84.0
2023-05-28,22.05777777777778,31.441111111111116,8.55,9.383333333333333,91.0,14.5,219.0,2.1166666666666667,2.3916666666666666,4.041666666666667,47.0,58.25,70.0,13.25,0.0,22286.0,0.19,0.02,95.0,93.0,81.0
2023-05-29,22.825277777777774,31.49194444444444,6.991666666666666,8.666666666666666,81.0,4.0,240.0,1.2416666666666667,1.4916666666666667,4.258333333333334,47.0,62.125,50.0,13.625,0.0,17624.0,-0.35,-0.04,80.0,80.0,72.0
2023-05-30,24.28638888888889,31.869722222222222,6.675,7.583333333333333,88.0,14.0,190.0,2.0,1.5833333333333333,3.091666666666667,50.0,59.5,48.0,12.75,0.0,17716.0,0.62,0.23,82.0,75.0,86.0
2023-05-31,23.559722222222224,32.00972222222222,7.583333333333333,8.45,90.0,6.0,269.0,1.775,1.7833333333333334,4.025,47.0,60.75,52.0,13.5,0.0,18179.0,0.19,0.35,84.0,77.0,67.0
2023-06-01,24.690277777777776,29.87361111111111,4.733333333333333,5.183333333333334,91.0,5.0,185.0,1.4916666666666667,1.0583333333333331,2.183333333333333,54.0,65.5,40.0,12.875,0.0,9936.0,0.38,0.45,68.0,59.0,72.0
2023-06-02,22.892777777777777,31.79277777777778,8.208333333333334,8.9,92.0,3.0,228.0,2.0166666666666666,2.4,3.7916666666666665,46.0,57.875,62.0,13.375,0.0,16129.0,-0.19,0.24,91.0,92.0,83.0
2023-06-03,23.04638888888889,31.76305555555556,7.741666666666666,8.716666666666667,89.0,13.0,255.0,2.3666666666666667,1.9,3.475,48.0,60.375,50.0,13.75,0.0,15304.0,-0.56,-0.08,89.0,87.0,69.0
2023-06-04,22.75333333333333,31.65333333333333,7.891666666666667,8.9,89.0,7.5,169.0,2.333333333333333,2.1333333333333333,3.425,49.0,59.375,50.0,13.5,0.0416666666666666,19565.0,-0.3,-0.23,90.0,88.0,77.0
2023-06-05,22.828333333333333,30.328333333333333,6.191666666666666,7.5,83.0,9.5,196.0,2.1333333333333333,1.2166666666666666,2.841666666666667,48.0,55.375,54.0,12.75,0.0,10847.0,-0.13,-0.15,78.0,75.0,79.0
2023-06-06,23.683333333333334,29.616666666666667,4.975,5.933333333333334,84.0,3.5,135.0,2.316666666666667,1.25,1.4083333333333334,50.0,59.125,47.0,13.375,0.0,11126.0,0.01,0.01,69.0,69.0,72.0
2023-06-07,25.166944444444443,31.316944444444445,5.7,6.15,93.0,3.0,163.0,1.9,1.075,2.725,53.0,63.875,39.0,12.625,0.0,14740.0,0.2,0.18,69.0,63.0,66.0
2023-06-08,25.40055555555556,31.38388888888889,5.191666666666666,5.983333333333333,87.0,19.5,175.0,0.575,1.0916666666666666,3.525,63.0,75.125,20.0,13.0,0.0,,0.2,0.29,62.0,53.0,74.0
2023-06-09,,,,,,,,,,,,,,,,15458.0,0.11,0.3,73.0,67.0,68.0
2023-06-10,24.43694444444445,32.43694444444444,6.808333333333334,8.0,85.0,6.5,226.0,2.5083333333333333,1.5416666666666667,2.7583333333333333,49.0,67.25,36.0,12.875,0.0,16434.0,-0.28,0.11,79.0,74.0,80.0
2023-06-11,22.5575,31.924166666666668,8.408333333333333,9.366666666666667,90.0,11.0,279.0,2.725,2.691666666666667,2.9916666666666667,49.0,56.625,56.0,13.0,0.6333333333333333,25590.0,0.05,0.06,93.0,73.0,81.0
2023-06-12,22.891666666666666,31.325,7.775,8.433333333333334,92.0,3.5,125.0,2.2416666666666667,2.6333333333333333,2.9,55.0,61.0,37.0,13.125,0.0083333333333333,7881.0,0.37,0.25,90.0,62.0,83.0
2023-06-13,23.091666666666665,30.925,6.641666666666667,7.833333333333333,85.0,8.0,211.0,1.8583333333333332,2.1166666666666667,2.6666666666666665,46.0,57.25,53.0,12.875,0.0,2270.0,-0.02,0.29,84.0,80.0,80.0
2023-06-14,22.697222222222223,31.247222222222224,7.65,8.55,89.0,3.5,219.0,2.158333333333333,1.7583333333333333,3.733333333333333,49.0,59.125,47.0,13.125,0.0,7858.0,-0.22,0.12,88.0,86.0,78.0
2023-06-15,23.13361111111111,31.23361111111111,7.141666666666667,8.1,88.0,3.5,161.0,2.175,1.7416666666666667,3.225,48.0,58.125,47.0,12.875,0.0,12971.0,-0.25,-0.05,85.0,88.0,83.0
2023-06-16,24.78305555555556,31.98305555555556,6.35,7.2,88.0,4.5,156.0,1.0583333333333331,1.7583333333333333,3.533333333333333,56.0,66.875,34.0,13.0,0.1833333333333333,15891.0,0.17,0.06,74.0,70.0,74.0
2023-06-17,23.416666666666668,31.73333333333333,7.85,8.316666666666666,94.0,4.5,180.0,2.1,2.65,3.1,56.0,63.375,36.0,12.5,0.0,13126.0,0.13,0.2,89.0,76.0,79.0
2023-06-18,25.11694444444445,32.30027777777778,5.766666666666667,7.183333333333334,80.0,3.0,142.0,2.208333333333333,1.0333333333333334,2.525,46.0,52.375,53.0,12.125,0.0,15290.0,-0.3,0.1,68.0,80.0,79.0
2023-06-19,23.366111111111117,31.352222222222224,7.141666666666667,7.986111111111111,89.0,17.5,175.0,0.7916666666666666,1.2916666666666667,5.058333333333334,49.0,58.5,47.0,13.0,0.0,11078.0,-0.1,-0.07,80.0,84.0,80.0
2023-06-20,24.649722222222223,31.36638888888889,6.191666666666666,6.716666666666667,92.0,15.0,144.0,1.6416666666666666,1.0333333333333334,3.5166666666666666,50.0,62.75,52.0,13.75,0.0,18830.0,0.25,0.05,79.0,80.0,92.0
2023-06-21,23.78333333333333,31.433333333333334,6.808333333333334,7.65,89.0,4.5,119.0,1.5916666666666666,1.3833333333333333,3.8333333333333335,53.0,59.625,38.0,13.25,0.0,18400.0,0.08,0.17,82.0,74.0,87.0
2023-06-22,22.750555555555557,31.33388888888889,7.716666666666667,8.583333333333334,90.0,25.0,142.0,1.6833333333333331,1.0916666666666666,4.941666666666666,47.0,67.25,45.0,14.125,0.0,8728.0,0.01,0.14,87.0,81.0,95.0
2023-06-23,22.85888888888889,31.290277777777774,7.391666666666667,8.43138888888889,88.0,28.0,184.0,0.9333333333333332,2.05,4.408333333333333,52.0,58.5,40.0,13.875,0.0,15959.0,0.22,0.16,81.0,78.0,69.0
2023-06-24,23.524444444444445,32.12444444444444,6.883333333333334,8.6,80.0,46.0,189.0,1.4666666666666666,1.075,4.341666666666667,56.0,64.125,32.0,14.375,0.0,10940.0,0.39,0.3,72.0,65.0,88.0
2023-06-25,24.54138888888889,32.00666666666667,6.633333333333334,7.465277777777778,89.0,3.5,275.0,1.0416666666666667,0.575,5.016666666666667,49.0,65.25,52.0,14.0,0.0,20260.0,-0.01,0.25,70.0,80.0,72.0
2023-06-26,23.58333333333333,31.414722222222224,6.15,7.831388888888889,79.0,47.0,248.0,0.7333333333333333,0.6833333333333333,4.733333333333333,50.0,64.875,55.0,13.875,0.0,14932.0,-0.24,0.04,58.0,69.0,60.0
2023-06-27,22.96722222222222,30.733888888888888,6.766666666666667,7.766666666666667,87.0,25.5,199.0,0.6416666666666667,1.2,4.925,47.0,56.5,56.0,13.125,0.0,9648.0,-0.02,-0.04,74.0,80.0,75.0
2023-06-28,23.884166666666665,31.699444444444445,7.133333333333334,7.815277777777778,91.0,18.0,160.0,1.0916666666666666,1.3,4.741666666666666,48.0,54.625,60.0,12.5,0.0,7007.0,-0.02,0.0,82.0,87.0,86.0
2023-06-29,23.88305555555556,31.03305555555556,5.916666666666667,7.15,83.0,20.5,178.0,0.8916666666666667,0.475,4.55,49.0,66.125,42.0,14.5,0.0,10837.0,0.0,0.04,67.0,79.0,76.0
2023-06-30,24.383055555555558,31.76638888888889,6.866666666666666,7.383333333333334,93.0,7.5,150.0,1.0,0.8333333333333334,5.033333333333333,55.0,71.5,36.0,13.5,0.0,4751.0,0.59,0.28,76.0,65.0,84.0
2023-07-01,,,,,,,,,,,,,,,,12353.0,,,,,
2023-07-02,24.60861111111111,33.47527777777778,7.725,8.866666666666667,87.0,7.0,170.0,0.7833333333333333,0.9666666666666668,5.975,53.0,63.75,37.0,13.5,0.0,7540.0,0.36,0.52,74.0,72.0,74.0
2023-07-03,21.10888888888889,28.125555555555557,6.116666666666666,7.016666666666667,87.0,14.5,175.0,1.0666666666666669,0.8166666666666667,4.233333333333333,49.0,55.75,46.0,13.5,0.0,6592.0,-0.04,0.23,75.0,78.0,73.0
2023-07-04,25.84138888888889,31.39138888888889,4.358333333333333,5.55,79.0,22.5,140.0,0.8,0.6083333333333333,2.95,48.0,57.5,49.0,13.125,0.0,9646.0,-0.33,-0.01,50.0,67.0,48.0
2023-07-05,22.87472222222222,31.476944444444445,7.416666666666667,8.602222222222222,86.0,16.0,166.0,1.075,1.4083333333333334,4.933333333333334,48.0,56.125,48.0,13.25,0.0,17397.0,0.06,-0.05,83.0,82.0,66.0
2023-07-06,24.700277777777774,31.55027777777778,5.958333333333333,6.85,87.0,3.5,95.0,0.9416666666666668,0.9583333333333334,4.058333333333334,55.0,62.125,28.0,13.25,0.0,13986.0,0.03,0.02,69.0,52.0,77.0
2023-07-07,23.716944444444444,31.48444444444445,7.258333333333334,7.7675,93.0,7.0,129.0,1.0333333333333334,1.3666666666666667,4.858333333333333,51.0,59.875,39.0,13.25,0.0,8291.0,0.25,0.18,82.0,72.0,82.0
2023-07-08,24.067222222222224,31.66722222222222,6.458333333333333,7.6,85.0,3.5,162.0,0.9166666666666666,1.4916666666666667,4.05,51.0,56.0,41.0,12.75,0.0,15427.0,-0.31,0.05,76.0,72.0,85.0
2023-07-09,22.766111111111112,32.013888888888886,7.833333333333333,9.247777777777776,85.0,52.0,190.0,1.2166666666666666,1.7833333333333334,4.833333333333333,49.0,56.875,52.0,12.875,0.0,17509.0,-0.05,-0.03,80.0,76.0,78.0
2023-07-10,23.58305555555556,31.349722222222223,7.058333333333334,7.766666666666667,91.0,4.0,198.0,0.8833333333333333,1.1666666666666667,5.008333333333334,49.0,57.5,44.0,12.125,0.0,11510.0,0.03,-0.01,78.0,69.0,80.0
2023-07-11,23.732777777777777,31.40888888888889,6.9,7.676111111111111,90.0,5.0,213.0,1.0833333333333333,1.5333333333333334,4.283333333333333,45.0,56.25,62.0,13.125,0.0,13594.0,-0.1,0.01,81.0,82.0,81.0
2023-07-12,24.98305555555556,31.51638888888889,5.708333333333333,6.533333333333333,87.0,4.5,192.0,0.9083333333333332,1.1416666666666666,3.658333333333333,52.0,62.0,37.0,13.625,0.0,9383.0,-0.28,-0.08,68.0,67.0,76.0
2023-07-13,24.683333333333334,31.366666666666667,5.9,6.683333333333334,88.0,15.5,107.0,0.9416666666666668,0.8916666666666667,4.066666666666666,48.0,58.125,50.0,13.5,0.0,15180.0,-0.11,-0.11,73.0,79.0,90.0
2023-07-14,24.141944444444444,31.08277777777778,6.575,6.940833333333333,95.0,8.0,140.0,1.5166666666666666,1.6,3.458333333333333,52.0,64.25,41.0,13.875,0.0,14166.0,0.13,0.0,84.0,80.0,97.0
2023-07-15,22.25888888888889,31.336111111111112,7.716666666666667,9.077222222222222,85.0,7.5,167.0,0.7416666666666667,1.8,5.175,49.0,58.0,57.0,13.375,0.0,10147.0,0.02,0.08,83.0,84.0,72.0
2023-07-16,22.4925,31.78527777777778,7.816666666666666,9.292777777777776,84.0,27.5,260.0,0.6,1.5166666666666666,5.7,44.0,59.75,71.0,13.5,0.0,10300.0,-0.05,0.06,79.0,86.0,69.0
2023-07-17,23.37472222222222,31.100555555555555,6.516666666666667,7.725833333333333,84.0,38.0,184.0,1.0583333333333331,1.325,4.133333333333334,49.0,54.25,50.0,13.25,0.0,8682.0,-0.11,0.0,72.0,82.0,75.0
2023-07-18,22.941388888888888,30.5875,6.775,7.646111111111111,89.0,18.0,137.0,1.15,1.15,4.475,45.0,57.5,56.0,13.5,0.0,6727.0,-0.24,-0.09,84.0,86.0,95.0
2023-07-19,24.683333333333334,31.829166666666666,6.358333333333333,7.145833333333333,89.0,8.5,128.0,0.9583333333333334,0.7083333333333334,4.691666666666666,50.0,62.625,54.0,13.875,0.0,12037.0,0.11,-0.03,72.0,79.0,86.0
2023-07-20,,,,,,,,,,,,,,,,1682.0,,,,,
2023-07-21,22.90888888888889,31.825555555555557,7.45,8.916666666666666,84.0,23.5,166.0,1.4,1.45,4.6,46.0,57.125,65.0,13.625,0.0,16020.0,0.06,0.14,86.0,86.0,90.0
2023-07-22,,,,,,,,,,,,,,,,12952.0,,,,,
2023-07-23,22.941111111111116,31.1175,6.966666666666667,8.176388888888889,85.0,18.5,258.0,1.325,1.05,4.591666666666667,48.0,56.875,51.0,13.0,0.0,17221.0,-0.01,0.06,76.0,89.0,40.0
2023-07-24,22.99138888888889,31.41,7.808333333333334,8.418611111111112,93.0,3.0,269.0,1.4083333333333334,1.2,5.2,46.0,58.5,49.0,13.5,0.0,11554.0,0.11,0.09,86.0,81.0,81.0
2023-07-25,23.741666666666667,31.282222222222224,6.358333333333333,7.540555555555556,84.0,36.0,142.0,0.475,1.4083333333333334,4.475,48.0,54.25,53.0,12.75,0.0,10667.0,-0.31,-0.03,69.0,84.0,85.0
2023-07-26,23.025277777777777,30.40861111111111,5.633333333333334,7.383333333333334,76.0,72.5,175.0,0.2333333333333333,0.7833333333333333,4.616666666666666,47.0,53.875,53.0,12.875,0.0,7448.0,-0.12,-0.1,52.0,77.0,67.0
2023-07-27,24.442222222222224,32.1075,7.15,7.665277777777778,93.0,2.5,176.0,1.4,1.1916666666666669,4.558333333333334,53.0,64.125,34.0,13.625,0.0333333333333333,18767.0,0.07,-0.04,81.0,80.0,93.0
2023-07-28,25.20805555555556,31.10805555555556,5.133333333333334,5.9,87.0,5.5,170.0,0.7916666666666666,0.9416666666666668,3.4,49.0,59.0,52.0,13.25,0.0,9781.0,-0.24,-0.05,62.0,73.0,68.0
2023-07-29,21.97472222222222,29.65805555555556,7.275,7.683333333333334,95.0,3.0,200.0,1.075,1.3083333333333331,4.891666666666667,48.0,63.75,50.0,13.625,0.1083333333333333,6644.0,-0.18,-0.11,84.0,88.0,87.0
2023-07-30,21.525,30.546388888888888,8.15,9.02138888888889,90.0,14.0,132.0,1.2083333333333333,1.9583333333333333,4.983333333333333,51.0,58.75,41.0,12.875,0.0,10670.0,0.42,0.07,92.0,79.0,73.0
2023-07-31,22.291111111111118,31.22583333333333,7.966666666666667,8.934722222222222,89.0,28.5,205.0,1.1833333333333331,1.375,5.408333333333333,44.0,55.25,65.0,13.25,0.1916666666666666,6449.0,-0.11,0.12,87.0,90.0,82.0
2023-08-01,22.925,30.675,6.941666666666666,7.75,90.0,18.5,172.0,1.0583333333333331,1.5333333333333334,4.35,48.0,63.875,49.0,13.75,0.0,9068.0,0.08,0.1,83.0,81.0,74.0
2023-08-02,22.591666666666665,32.49972222222222,8.441666666666666,9.908055555555556,85.0,8.5,145.0,1.1416666666666666,1.8,5.5,47.0,53.375,51.0,12.75,0.0,12156.0,-0.06,0.01,92.0,93.0,90.0
2023-08-03,22.20861111111111,31.391944444444444,7.858333333333333,9.183333333333334,86.0,31.0,154.0,0.7083333333333334,0.9,6.25,46.0,55.625,54.0,12.75,0.0,10670.0,-0.2,-0.06,78.0,84.0,74.0
2023-08-04,22.383888888888887,30.56722222222222,6.916666666666667,8.183333333333334,85.0,34.0,214.0,0.6583333333333333,1.1166666666666667,5.141666666666667,48.0,55.0,49.0,12.25,0.0,10632.0,-0.05,-0.08,72.0,86.0,74.0
2023-08-05,23.48305555555556,31.133055555555558,6.583333333333333,7.65,86.0,32.0,114.0,1.125,2.033333333333333,3.425,50.0,63.0,40.0,13.125,0.0,12958.0,0.02,-0.02,77.0,85.0,74.0
2023-08-06,23.1075,32.274166666666666,7.016666666666667,9.166666666666666,77.0,18.0,152.0,1.2083333333333333,1.2333333333333334,4.575,57.0,64.375,31.0,12.875,0.0,11184.0,0.22,0.1,78.0,76.0,68.0
2023-08-07,24.62444444444445,32.70777777777778,6.975,8.083333333333334,86.0,29.5,165.0,0.6083333333333333,1.1416666666666666,5.225,49.0,56.875,45.0,13.125,0.075,4567.0,-0.07,0.09,70.0,83.0,80.0
2023-08-08,25.849722222222223,31.583055555555557,4.883333333333334,5.733333333333333,85.0,23.0,109.0,0.8833333333333333,0.875,3.125,47.0,55.875,55.0,13.125,0.3333333333333333,10072.0,-0.1,0.0,59.0,73.0,67.0
2023-08-09,22.4,31.133333333333333,8.033333333333333,8.733333333333333,92.0,3.0,230.0,1.2333333333333334,1.6166666666666667,5.183333333333334,48.0,59.875,44.0,13.5,0.0,6287.0,0.09,0.01,88.0,82.0,72.0
2023-08-10,23.766944444444444,31.25027777777778,6.583333333333333,7.483333333333333,88.0,3.0,138.0,1.1083333333333334,1.425,4.05,52.0,59.875,39.0,12.875,0.0,5517.0,0.11,0.08,77.0,76.0,75.0
2023-08-11,23.533611111111117,31.28361111111111,6.733333333333333,7.75,87.0,10.0,217.0,0.7833333333333333,1.25,4.7,48.0,58.875,48.0,13.625,0.0,7229.0,-0.25,-0.01,75.0,83.0,71.0
2023-08-12,23.600555555555555,32.68,8.266666666666667,9.079444444444444,91.0,5.0,217.0,1.5833333333333333,1.5166666666666666,5.166666666666667,54.0,66.25,34.0,13.75,0.0,12034.0,0.19,0.02,89.0,79.0,88.0
2023-08-13,22.83277777777778,32.099444444444444,6.966666666666667,9.266666666666667,75.0,104.0,161.0,0.725,0.9083333333333332,5.333333333333333,52.0,65.5,36.0,12.875,0.0,10844.0,0.11,0.09,62.0,62.0,80.0
2023-08-14,24.03305555555556,32.54972222222222,7.266666666666667,8.516666666666667,85.0,5.0,211.0,0.9,1.3333333333333333,5.033333333333333,46.0,53.0,60.0,13.125,0.0,13996.0,-0.12,0.06,79.0,88.0,87.0
2023-08-15,23.691666666666663,31.241666666666667,6.433333333333334,7.55,85.0,16.5,151.0,1.0166666666666666,0.95,4.466666666666667,50.0,59.75,52.0,13.25,0.0,10202.0,0.22,0.09,76.0,79.0,82.0
2023-08-16,23.441944444444445,31.841944444444444,7.541666666666667,8.4,90.0,11.0,163.0,1.275,1.8166666666666669,4.45,48.0,57.5,51.0,13.5,0.0,10432.0,-0.24,0.0,87.0,90.0,79.0
2023-08-17,24.441944444444445,32.341944444444444,7.216666666666667,7.9,91.0,24.5,170.0,1.4416666666666669,0.65,5.125,48.0,58.875,55.0,13.375,0.0,11135.0,-0.08,0.0,77.0,86.0,90.0
2023-08-18,,,,,,,,,,,,,,,,10798.0,,,,,
2023-08-19,24.608888888888888,32.69222222222222,7.325,8.083333333333334,91.0,12.0,185.0,0.8333333333333334,0.7416666666666667,5.75,46.0,63.75,70.0,13.875,0.0,11291.0,-0.05,-0.09,76.0,87.0,81.0
2023-08-20,25.76638888888889,33.53305555555556,6.375,7.766666666666667,82.0,3.0,247.0,0.3416666666666667,0.7416666666666667,5.291666666666667,64.0,74.875,15.0,13.75,0.0,8601.0,0.41,0.21,57.0,52.0,67.0
2023-08-21,24.98305555555556,32.39972222222222,6.708333333333333,7.416666666666667,90.0,3.0,216.0,1.2666666666666666,1.3416666666666666,4.1,49.0,55.5,47.0,13.25,0.0,7939.0,0.1,0.11,75.0,83.0,72.0
2023-08-22,24.15,31.766666666666666,7.016666666666667,7.616666666666666,92.0,9.0,241.0,1.3833333333333333,1.5583333333333331,4.075,46.0,59.375,51.0,13.625,0.0,15462.0,-0.2,0.02,84.0,78.0,85.0
2023-08-23,,,,,,,,,,,,,,,,5081.0,,,,,
2023-08-28,,,,,,,,,,,,,,,,15.0,,,,,
2023-08-29,22.608611111111117,31.81083333333333,8.45,9.202222222222222,92.0,17.5,288.0,1.6333333333333333,1.4166666666666667,5.4,50.0,60.875,49.0,13.5,0.0,7933.0,0.11,,90.0,77.0,75.0
2023-08-30,,,,,,,,,,,,,,,,5376.0,,,,,
2023-08-31,23.52472222222222,31.3975,6.841666666666667,7.872777777777777,87.0,22.5,175.0,0.95,0.875,5.016666666666667,52.0,57.5,37.0,12.75,0.0,6492.0,0.19,0.21,78.0,78.0,93.0
2023-09-01,24.85861111111111,32.08,6.175,7.221388888888889,86.0,7.0,70.0,0.3583333333333333,0.775,5.041666666666667,65.0,78.5,16.0,11.875,0.0,11699.0,0.49,0.34,64.0,53.0,78.0
2023-09-02,23.274444444444445,32.15888888888889,7.841666666666667,8.884444444444444,88.0,28.0,225.0,1.15,1.0,5.691666666666666,50.0,60.375,48.0,12.75,0.0,20806.0,-0.08,0.06,82.0,82.0,85.0
2023-09-03,22.62472222222222,31.590555555555557,8.166666666666666,8.965833333333334,91.0,12.5,202.0,1.1083333333333334,1.35,5.708333333333333,51.0,61.0,45.0,13.375,0.0,14869.0,-0.22,0.12,90.0,77.0,83.0
2023-09-04,22.791666666666668,31.12388888888889,6.941666666666666,8.332222222222223,83.0,6.0,201.0,1.025,0.9083333333333332,5.008333333333334,51.0,60.0,42.0,13.375,0.0,9077.0,-0.17,0.14,77.0,75.0,76.0
2023-09-05,22.891388888888887,31.04833333333333,7.066666666666666,8.156944444444445,87.0,23.5,224.0,0.6833333333333333,1.325,5.058333333333334,51.0,60.75,43.0,13.5,0.0,13508.0,0.26,0.06,78.0,76.0,81.0
2023-09-06,24.32472222222222,31.37472222222222,6.291666666666667,7.05,89.0,8.0,187.0,1.1333333333333333,0.9916666666666668,4.166666666666667,53.0,67.5,33.0,14.0,0.0,13778.0,-0.08,-0.11,73.0,68.0,73.0
2023-09-07,23.775,31.208333333333336,6.375,7.433333333333334,86.0,15.0,254.0,0.55,1.2083333333333333,4.616666666666666,51.0,67.0,57.0,14.25,0.0,11948.0,-0.07,-0.01,72.0,76.0,75.0
2023-09-08,22.691944444444445,31.17194444444445,7.541666666666667,8.48,89.0,29.5,247.0,0.7916666666666666,1.275,5.475,48.0,52.625,56.0,12.25,0.05,11088.0,-0.33,-0.01,81.0,87.0,81.0
2023-09-09,24.775277777777777,29.72583333333333,4.225,4.950555555555556,85.0,5.0,131.0,0.6416666666666667,0.6,2.9833333333333334,48.0,56.75,54.0,13.0,0.0,10489.0,-0.38,-0.16,58.0,68.0,83.0
2023-09-10,,,,,,,,,,,,,,,,17336.0,0.17,0.0,85.0,73.0,89.0
2023-09-11,23.341388888888886,31.441388888888888,7.041666666666667,8.1,87.0,3.0,146.0,0.725,1.325,4.991666666666666,54.0,69.875,25.0,13.0,0.0,8242.0,0.7,0.1,76.0,53.0,78.0
2023-09-12,24.941666666666663,30.725,4.766666666666667,5.783333333333333,82.0,8.5,103.0,0.9083333333333332,0.9666666666666668,2.8916666666666666,46.0,53.25,58.0,13.25,0.1416666666666666,8995.0,-0.77,-0.53,62.0,78.0,67.0
2023-09-13,21.87527777777778,30.2925,7.808333333333334,8.417222222222222,93.0,8.0,183.0,1.3583333333333334,1.3833333333333333,5.066666666666666,49.0,64.375,43.0,13.375,0.0,10498.0,0.13,0.35,89.0,79.0,81.0
2023-09-14,22.392222222222223,31.110277777777775,7.158333333333333,8.718055555555555,82.0,34.5,243.0,1.1083333333333334,1.3833333333333333,4.666666666666667,49.0,58.25,43.0,13.125,0.0,8995.0,-0.12,0.1,79.0,80.0,83.0
2023-09-15,28.059166666666663,33.41888888888889,4.933333333333334,5.359722222222223,92.0,5.5,80.0,0.5083333333333333,1.0333333333333334,3.3916666666666666,57.0,68.875,31.0,14.625,0.0,5444.0,0.29,-0.13,57.0,57.0,82.0
2023-09-16,24.674444444444443,32.324444444444445,5.625,7.65,74.0,101.5,151.0,0.5666666666666667,1.175,3.883333333333333,47.0,56.125,53.0,13.375,0.225,5270.0,-0.11,0.01,52.0,74.0,83.0
2023-09-17,,,,,,,,,,,,,,,,182.0,,,,,
2023-09-18,23.4,30.28333333333333,5.533333333333333,6.883333333333334,80.0,49.0,153.0,0.6166666666666667,1.0666666666666669,3.85,48.0,55.75,51.0,13.25,0.0,8392.0,0.22,0.2,61.0,68.0,83.0
2023-09-19,24.61722222222222,31.600555555555555,6.4,6.983333333333333,92.0,11.5,154.0,1.2166666666666666,1.35,3.8333333333333335,56.0,69.625,28.0,13.375,0.0,4994.0,0.68,0.32,77.0,50.0,70.0
2023-09-20,23.81722222222222,32.02972222222222,7.575,8.2125,92.0,13.0,176.0,1.3333333333333333,1.2583333333333333,4.983333333333333,54.0,63.125,34.0,12.875,0.0,7669.0,0.15,0.22,84.0,74.0,74.0
2023-09-21,23.21583333333333,31.16583333333333,6.691666666666666,7.95,84.0,7.5,198.0,0.525,1.4416666666666669,4.725,48.0,55.0,55.0,13.375,0.0166666666666666,13038.0,-0.04,0.24,75.0,81.0,85.0
2023-09-22,,,,,,,,,,,,,,,,12415.0,,,,,
2023-09-23,22.70833333333333,31.375,7.475,8.666666666666666,86.0,39.5,174.0,0.825,1.55,5.1,49.0,59.75,48.0,13.375,0.0,15860.0,-0.08,0.06,79.0,76.0,86.0
2023-09-24,,,,,,,,,,,,,,,,11196.0,,,,,
2023-09-25,22.808611111111112,31.10833333333333,7.541666666666667,8.299722222222222,91.0,6.5,206.0,0.5583333333333333,1.0833333333333333,5.9,47.0,59.5,62.0,13.5,0.0,10421.0,-0.29,-0.14,79.0,90.0,75.0
2023-09-26,22.742222222222225,31.08888888888889,7.225,8.346666666666666,87.0,7.0,233.0,0.7583333333333333,1.0583333333333331,5.408333333333333,47.0,60.5,53.0,13.625,0.0,11281.0,-0.25,-0.11,78.0,77.0,76.0
2023-09-27,22.62472222222222,31.40805555555556,7.408333333333333,8.783333333333333,84.0,38.0,212.0,0.7166666666666667,1.2916666666666667,5.4,50.0,60.5,53.0,13.75,0.0,8013.0,-0.41,-0.3,77.0,86.0,86.0
2023-09-28,,,,,,,,,,,,,,,,12503.0,,,,,
2023-09-29,,,,,,,,,,,,,,,,7177.0,,,,,
2023-09-30,25.041944444444443,31.15861111111111,5.433333333333334,6.116666666666666,89.0,14.0,89.0,0.4583333333333333,1.075,3.9,56.0,65.125,35.0,12.625,0.225,20196.0,-0.08,-0.2,65.0,72.0,75.0
2023-10-01,,,,,,,,,,,,,,,,14487.0,,,,,
2023-10-02,22.625,31.11638888888889,7.391666666666667,8.491388888888888,87.0,26.5,193.0,1.2333333333333334,0.9666666666666668,5.191666666666666,52.0,62.625,38.0,13.25,0.0,9769.0,0.07,0.07,81.0,74.0,74.0
2023-10-03,24.24194444444445,31.500833333333333,5.166666666666667,7.258888888888888,71.0,106.0,152.0,0.2666666666666666,0.9416666666666668,3.9583333333333335,51.0,60.25,41.0,13.5,0.0,13172.0,0.08,0.04,46.0,71.0,76.0
2023-10-04,26.16722222222222,31.600555555555555,4.558333333333334,5.433333333333334,84.0,9.5,131.0,0.9,0.85,2.808333333333333,54.0,61.875,51.0,12.875,0.0,12877.0,0.29,0.27,59.0,58.0,77.0
2023-10-05,23.717777777777776,31.266944444444444,6.6,7.549166666666666,87.0,27.5,134.0,1.55,1.9666666666666663,3.083333333333333,47.0,55.25,51.0,12.875,0.0,12935.0,-0.09,0.04,81.0,84.0,87.0
2023-10-06,23.649722222222223,30.98305555555556,6.608333333333333,7.333333333333333,90.0,30.0,142.0,0.925,1.5666666666666669,4.116666666666666,48.0,56.875,51.0,13.0,0.0,19207.0,0.04,0.14,76.0,80.0,73.0
2023-10-07,24.183333333333334,31.916666666666668,6.766666666666667,7.733333333333333,88.0,6.5,167.0,0.9666666666666668,1.4333333333333331,4.366666666666666,47.0,55.625,48.0,12.75,0.0,15965.0,-0.03,0.11,74.0,75.0,62.0
2023-10-08,24.35,32.03333333333333,6.883333333333334,7.683333333333334,90.0,8.5,217.0,1.1916666666666669,1.3,4.391666666666667,49.0,56.75,45.0,12.875,0.0,13270.0,0.03,0.01,79.0,81.0,77.0
2023-10-09,22.61722222222222,31.15333333333333,7.641666666666667,8.536111111111111,90.0,20.5,166.0,1.2,1.6833333333333331,4.758333333333334,52.0,58.5,36.0,13.375,0.0,11573.0,0.37,0.18,90.0,83.0,89.0
2023-10-10,22.81722222222222,31.040277777777774,6.716666666666667,8.223055555555556,82.0,11.5,175.0,0.225,0.975,5.516666666666667,47.0,59.75,58.0,13.625,0.0,10701.0,-0.22,-0.05,71.0,79.0,89.0
2023-10-11,,,,,,,,,,,,,,,,9430.0,,,,,
2023-10-12,23.849166666666665,31.45583333333333,6.591666666666667,7.606666666666666,87.0,22.5,181.0,1.1583333333333334,1.2833333333333334,4.15,46.0,51.125,62.0,12.25,0.0,12610.0,-0.36,0.0,81.0,84.0,96.0
2023-10-13,24.00027777777778,31.33361111111111,6.316666666666666,7.333333333333333,86.0,9.0,158.0,1.1166666666666667,1.0916666666666666,4.108333333333333,49.0,55.5,52.0,12.875,0.0,14939.0,-0.21,-0.16,77.0,81.0,92.0
2023-10-14,24.95055555555556,32.08388888888889,4.666666666666667,7.133333333333334,65.0,12.5,144.0,0.4,0.9666666666666668,3.3,59.0,68.125,27.0,12.75,0.0,21079.0,0.02,-0.03,52.0,58.0,73.0
2023-10-15,24.300555555555555,32.448055555555555,7.425,8.1475,91.0,10.5,176.0,1.1083333333333334,1.8833333333333333,4.433333333333334,46.0,52.625,66.0,12.5,0.0,14902.0,-0.34,-0.28,84.0,88.0,81.0
2023-10-16,23.099722222222223,31.495,7.308333333333334,8.395277777777778,87.0,23.0,180.0,1.4583333333333333,1.8333333333333333,4.016666666666667,47.0,53.375,51.0,12.5,0.0,12199.0,0.1,0.0,87.0,84.0,87.0
2023-10-17,22.666666666666668,31.25333333333333,7.7,8.586666666666666,90.0,14.0,257.0,0.825,1.4333333333333331,5.441666666666666,47.0,54.0,54.0,12.75,0.0,10240.0,0.04,0.0,86.0,90.0,79.0
2023-10-18,23.11694444444445,31.418055555555554,6.983333333333333,8.301111111111112,84.0,32.5,172.0,0.95,1.4416666666666669,4.591666666666667,46.0,51.875,63.0,12.875,0.0,9958.0,0.05,-0.05,78.0,85.0,90.0
2023-10-19,22.83361111111111,31.22,7.358333333333333,8.386388888888888,88.0,33.0,195.0,1.1083333333333334,1.325,4.925,55.0,62.875,29.0,13.375,0.0,8973.0,0.19,0.16,80.0,76.0,73.0
2023-10-20,24.100555555555555,31.344444444444445,6.616666666666666,7.243888888888889,91.0,4.0,168.0,1.3833333333333333,0.7166666666666667,4.516666666666667,47.0,64.5,61.0,14.125,0.0,12797.0,0.07,0.08,76.0,84.0,86.0
2023-10-21,24.932777777777776,32.71222222222222,6.783333333333333,7.779444444444445,87.0,12.0,160.0,0.7416666666666667,1.3833333333333333,4.658333333333333,49.0,55.625,54.0,12.375,0.0,11935.0,0.03,0.1,75.0,83.0,86.0
2023-10-22,24.36638888888889,29.91638888888889,4.95,5.55,89.0,9.5,196.0,0.825,0.8416666666666667,3.283333333333333,47.0,54.125,58.0,12.875,0.0,14124.0,-0.05,0.1,64.0,78.0,62.0
2023-10-23,22.58333333333333,32.81666666666666,9.133333333333333,10.233333333333333,89.0,6.5,276.0,0.45,1.8,6.883333333333334,50.0,56.75,61.0,12.625,0.0,21949.0,0.11,0.11,82.0,89.0,69.0
2023-10-24,21.750555555555557,31.90277777777778,8.983333333333333,10.152222222222225,88.0,3.0,226.0,0.8,1.7583333333333333,6.425,48.0,55.375,58.0,13.125,0.0,16558.0,0.27,0.14,87.0,83.0,73.0
2023-10-25,22.516944444444444,31.79694444444445,8.008333333333333,9.28,86.0,14.5,143.0,0.7083333333333334,1.15,6.15,47.0,53.375,53.0,13.125,0.0,14661.0,0.11,0.08,84.0,90.0,76.0
2023-10-26,23.33388888888889,31.53388888888889,5.75,8.2,70.0,18.0,189.0,0.7,0.7666666666666667,4.283333333333333,45.0,57.625,60.0,13.75,0.1666666666666666,10079.0,-0.05,0.11,63.0,84.0,58.0
2023-10-27,22.68305555555556,32.28305555555556,8.683333333333334,9.6,90.0,7.5,212.0,1.1083333333333334,1.8333333333333333,5.741666666666666,46.0,56.75,60.0,13.375,0.0,15935.0,0.17,0.23,91.0,94.0,81.0
2023-10-28,24.849722222222223,31.401666666666667,5.933333333333334,6.551944444444445,91.0,3.0,119.0,0.9833333333333332,1.175,3.775,49.0,55.375,64.0,13.0,0.0,15120.0,0.44,0.24,70.0,78.0,74.0
2023-10-29,23.716944444444444,31.23361111111111,7.55,8.516666666666667,89.0,5.0,275.0,0.4916666666666666,1.3,5.758333333333334,55.0,68.875,39.0,12.625,0.0,12911.0,0.13,0.1,75.0,80.0,65.0
2023-10-30,22.883888888888887,31.2775,6.366666666666666,8.393611111111111,76.0,10.0,118.0,0.8916666666666667,0.8,4.675,48.0,59.0,51.0,12.875,0.0,16115.0,-0.05,0.22,71.0,87.0,74.0
2023-10-31,22.36583333333333,31.06111111111111,7.533333333333333,8.695277777777777,87.0,36.5,150.0,1.2583333333333333,1.3333333333333333,4.941666666666666,51.0,58.25,45.0,12.875,0.0,6865.0,-0.08,0.2,81.0,85.0,73.0
2023-11-01,22.232777777777777,30.836388888888887,7.425,8.60361111111111,86.0,20.0,237.0,1.05,1.4583333333333333,4.916666666666667,48.0,57.125,56.0,13.5,0.0,10289.0,-0.12,0.02,85.0,93.0,78.0
2023-11-02,22.56638888888889,31.024444444444445,7.175,8.458055555555555,85.0,24.0,137.0,1.3,1.8166666666666669,4.058333333333334,50.0,57.25,45.0,12.5,0.0,10073.0,0.27,0.1,86.0,86.0,88.0
2023-11-03,22.36694444444445,31.280555555555555,7.675,8.913611111111111,86.0,25.5,216.0,0.9,1.3416666666666666,5.433333333333334,47.0,56.875,49.0,12.875,0.0,3249.0,-0.19,-0.08,83.0,90.0,84.0
2023-11-04,21.966666666666665,31.036666666666665,7.383333333333334,9.07,81.0,19.5,227.0,0.5583333333333333,1.4083333333333334,5.416666666666667,46.0,56.0,61.0,13.25,0.0,19479.0,-0.05,0.02,81.0,90.0,91.0
2023-11-05,22.266944444444444,31.89388888888889,8.066666666666666,9.626944444444444,84.0,49.5,195.0,0.55,1.425,6.091666666666667,49.0,55.625,49.0,12.625,0.675,7605.0,-0.14,0.05,77.0,79.0,73.0
2023-11-06,22.75027777777778,31.073611111111116,7.283333333333333,8.323333333333334,88.0,25.0,284.0,1.1166666666666667,0.7666666666666667,5.4,46.0,61.75,57.0,13.375,0.05,12855.0,-0.07,-0.07,78.0,89.0,67.0
2023-11-07,22.850555555555555,31.28388888888889,6.683333333333334,8.433333333333334,79.0,18.5,197.0,0.7583333333333333,0.7083333333333334,5.216666666666667,47.0,57.25,58.0,13.25,0.0,14591.0,-0.23,-0.1,71.0,86.0,74.0
2023-11-08,23.08388888888889,31.022222222222226,6.733333333333333,7.938333333333333,85.0,38.5,199.0,1.125,1.7166666666666666,3.8916666666666666,46.0,51.0,71.0,12.875,0.0,17141.0,-0.17,-0.08,79.0,90.0,88.0
2023-11-09,23.99944444444445,31.016111111111112,6.008333333333334,7.016666666666667,86.0,6.5,271.0,0.5333333333333333,1.175,4.3,51.0,62.875,35.0,13.0,0.0,11204.0,0.28,0.07,68.0,77.0,67.0
2023-11-10,23.53305555555556,30.939166666666665,6.6,7.406111111111111,89.0,25.0,251.0,1.2916666666666667,1.625,3.683333333333333,45.0,52.625,63.0,12.625,0.0,7550.0,0.2,0.0,81.0,89.0,77.0
2023-11-11,,,,,,,,,,,,,,,,13619.0,,,,,
2023-11-12,24.7,32.03333333333333,6.333333333333333,7.333333333333333,86.0,3.0,157.0,0.8166666666666667,1.0833333333333333,4.433333333333334,50.0,56.0,37.0,13.0,0.0,13205.0,0.14,0.24,71.0,77.0,89.0
2023-11-13,24.03333333333333,31.516666666666666,6.216666666666667,7.483333333333333,83.0,49.5,182.0,0.9,0.725,4.591666666666667,49.0,59.875,49.0,13.0,0.0,11757.0,-0.11,0.1,65.0,81.0,92.0
2023-11-14,22.733611111111117,31.100277777777777,7.383333333333334,8.366666666666667,88.0,24.5,121.0,1.1,1.6416666666666666,4.641666666666667,47.0,55.625,55.0,13.0,0.0,16844.0,0.16,0.21,86.0,91.0,85.0
2023-11-15,24.183888888888887,31.733888888888888,6.816666666666666,7.55,90.0,8.5,176.0,1.1416666666666666,1.5666666666666669,4.108333333333333,55.0,65.875,32.0,14.125,0.0,12117.0,0.48,0.26,80.0,65.0,77.0
2023-11-16,24.884166666666665,31.52083333333333,5.95,6.636666666666667,90.0,30.0,104.0,0.8083333333333333,1.275,3.8666666666666663,47.0,56.0,50.0,12.875,0.0,10738.0,0.26,0.13,71.0,81.0,97.0
2023-11-17,24.099444444444444,31.749444444444443,6.158333333333333,7.65,81.0,3.5,192.0,0.7166666666666667,0.925,4.516666666666667,46.0,54.625,69.0,13.0,0.0,4973.0,0.12,0.25,63.0,81.0,45.0
2023-11-18,24.36638888888889,32.08972222222222,6.725,7.723333333333334,87.0,21.0,177.0,1.1833333333333331,1.4333333333333331,4.108333333333333,48.0,57.0,52.0,13.125,0.0,7654.0,-0.11,0.24,79.0,84.0,82.0
2023-11-19,23.15,31.11722222222222,6.875,7.967222222222222,86.0,10.5,205.0,1.125,1.2333333333333334,4.516666666666667,46.0,57.5,60.0,12.875,0.0,10042.0,-0.11,0.13,80.0,89.0,78.0
2023-11-20,24.91611111111111,31.29111111111111,5.825,6.375,91.0,7.0,206.0,0.6916666666666667,1.1416666666666666,3.9916666666666663,44.0,53.25,66.0,12.5,0.0,11262.0,-0.41,-0.09,69.0,80.0,80.0
2023-11-21,24.016666666666666,31.239166666666662,6.508333333333334,7.2225,90.0,10.5,103.0,1.125,1.3666666666666667,4.016666666666667,47.0,54.0,50.0,12.625,0.0,14106.0,-0.11,-0.06,79.0,82.0,81.0
2023-11-22,23.591666666666665,31.509722222222223,7.175,7.918055555555555,91.0,4.5,197.0,1.1083333333333334,1.5833333333333333,4.483333333333333,51.0,57.75,38.0,12.75,0.0,11584.0,0.0,-0.08,82.0,80.0,77.0
2023-11-23,22.725,30.81583333333333,6.933333333333334,8.090833333333334,86.0,43.5,204.0,0.925,1.2666666666666666,4.741666666666666,54.0,61.25,37.0,12.875,0.0,14743.0,0.09,-0.11,74.0,74.0,82.0
2023-11-24,24.29222222222222,31.43777777777778,5.758333333333334,7.145555555555555,81.0,18.5,127.0,0.6,0.5833333333333334,4.575,50.0,57.0,56.0,12.5,0.0,9078.0,-0.02,-0.01,64.0,72.0,77.0
2023-11-25,23.642222222222223,32.15833333333333,7.491666666666666,8.516111111111112,88.0,29.0,200.0,0.8333333333333334,1.1083333333333334,5.55,51.0,61.375,51.0,12.875,0.0,11659.0,0.41,0.22,77.0,69.0,81.0
2023-11-26,22.75777777777778,31.546666666666667,7.45,8.78888888888889,85.0,49.5,181.0,1.0833333333333333,1.2666666666666666,5.1,52.0,62.25,36.0,13.125,0.4083333333333333,28047.0,0.45,0.25,77.0,65.0,68.0
2023-11-27,23.191388888888888,31.00805555555556,6.258333333333334,7.816666666666666,80.0,30.0,161.0,1.0166666666666666,0.4333333333333333,4.808333333333334,48.0,61.25,50.0,13.75,0.0,16466.0,0.06,0.15,70.0,74.0,90.0
2023-11-28,24.808611111111112,31.325277777777774,5.758333333333334,6.516666666666667,88.0,7.0,149.0,1.2666666666666666,0.7166666666666667,3.775,53.0,63.125,35.0,12.75,0.0,9452.0,0.4,0.46,71.0,62.0,84.0
2023-11-29,23.916944444444447,30.738611111111112,6.3,6.821666666666666,92.0,5.0,193.0,0.8,2.058333333333333,3.441666666666667,46.0,51.375,72.0,12.5,0.0,15474.0,0.1,0.28,76.0,82.0,74.0
2023-11-30,25.016944444444444,30.83361111111111,4.975,5.816666666666666,86.0,6.0,139.0,0.7333333333333333,0.7,3.5416666666666665,48.0,54.5,54.0,13.0,0.0,10263.0,-0.15,0.1,63.0,67.0,95.0
2023-12-01,24.36638888888889,31.49972222222222,5.85,7.133333333333334,82.0,33.5,209.0,1.1166666666666667,0.7,4.033333333333333,51.0,61.0,40.0,12.375,0.0,3853.0,0.22,0.32,65.0,71.0,79.0
2023-12-02,23.466666666666665,32.08722222222222,7.491666666666666,8.620555555555555,87.0,31.0,196.0,0.9666666666666668,1.1333333333333333,5.391666666666667,46.0,53.5,48.0,12.625,0.2,6120.0,0.28,0.17,77.0,82.0,81.0
2023-12-03,23.034166666666668,31.950833333333332,7.525,8.916666666666666,84.0,14.5,214.0,1.3666666666666667,1.4833333333333334,4.675,49.0,60.875,49.0,13.875,0.0,21750.0,0.16,0.1,87.0,86.0,80.0
2023-12-04,24.70083333333333,31.300833333333333,5.841666666666667,6.6,89.0,8.0,160.0,0.7666666666666667,1.1,3.975,47.0,51.875,53.0,12.375,0.0,16543.0,-0.01,0.2,71.0,79.0,88.0
2023-12-05,,,,,,,,,,,,,,,,,-0.15,0.14,61.0,75.0,83.0
2023-12-06,,,,,,,,,,,,,,,,12191.0,0.34,0.25,82.0,78.0,88.0
2023-12-07,24.183888888888887,31.217222222222222,6.083333333333333,7.033333333333333,86.0,7.0,135.0,0.7583333333333333,0.7833333333333333,4.541666666666667,46.0,53.375,69.0,12.375,0.0,8290.0,-0.12,-0.01,71.0,80.0,86.0
2023-12-08,23.815555555555555,31.1775,6.666666666666667,7.361944444444444,91.0,28.5,214.0,1.325,1.7833333333333334,3.558333333333333,48.0,53.125,61.0,12.25,0.35,12077.0,0.21,0.14,80.0,85.0,76.0
2023-12-09,24.70083333333333,32.0175,6.325,7.316666666666666,86.0,32.5,234.0,0.8583333333333333,1.25,4.216666666666667,48.0,55.75,48.0,12.25,0.175,9125.0,-0.04,0.15,67.0,80.0,68.0
2023-12-10,23.384166666666665,31.999444444444443,6.95,8.615277777777777,81.0,34.5,207.0,0.725,1.275,4.95,47.0,56.625,56.0,12.625,0.0,14537.0,0.12,0.09,71.0,86.0,73.0
2023-12-11,24.08305555555556,31.06305555555556,6.091666666666667,6.98,87.0,12.5,204.0,1.6583333333333334,1.4833333333333334,2.95,45.0,51.375,52.0,12.5,0.0,6683.0,-0.18,0.06,76.0,85.0,65.0
2023-12-12,22.849722222222223,31.4225,7.533333333333333,8.572777777777778,88.0,43.5,188.0,1.2166666666666666,1.9,4.416666666666667,46.0,51.5,62.0,12.375,0.125,14087.0,-0.03,0.04,82.0,91.0,87.0
2023-12-13,23.616666666666667,30.516666666666666,5.85,6.9,85.0,28.0,169.0,1.1916666666666669,1.1333333333333333,3.525,49.0,59.75,40.0,13.5,0.0,7340.0,0.35,0.2,73.0,78.0,84.0
2023-12-14,23.85027777777778,31.350277777777777,5.733333333333333,7.5,76.0,12.0,206.0,0.775,0.7666666666666667,4.191666666666666,51.0,56.625,59.0,12.25,0.0,9565.0,0.25,0.07,65.0,78.0,60.0
2023-12-15,22.949722222222224,31.44972222222222,7.683333333333334,8.5,90.0,29.0,158.0,1.0166666666666666,1.3166666666666669,5.35,47.0,54.875,51.0,12.25,0.0,10542.0,0.2,0.19,84.0,92.0,88.0
2023-12-16,26.049722222222226,33.433055555555555,6.225,7.383333333333334,84.0,3.0,195.0,0.775,0.6083333333333333,4.841666666666667,44.0,55.25,74.0,12.25,0.0,14489.0,-0.12,0.2,56.0,77.0,43.0
2023-12-17,23.58361111111111,32.49972222222222,7.025,8.91611111111111,79.0,60.5,260.0,0.8083333333333333,1.4916666666666667,4.725,44.0,53.875,65.0,12.25,0.0,12646.0,-0.19,0.12,67.0,83.0,73.0
2023-12-18,22.4,32.68333333333334,9.425,10.283333333333331,92.0,9.5,233.0,1.5,1.1666666666666667,6.758333333333334,47.0,58.375,53.0,12.125,0.0,14572.0,0.29,0.22,89.0,86.0,77.0
2023-12-19,24.216666666666665,32.11666666666667,7.133333333333334,7.9,90.0,18.0,256.0,1.3583333333333334,1.3916666666666666,4.383333333333334,50.0,61.5,58.0,13.125,0.0,11689.0,0.2,0.05,81.0,86.0,72.0
2023-12-20,22.70888888888889,32.20388888888889,7.683333333333334,9.495,81.0,88.5,206.0,0.7583333333333333,1.2583333333333333,5.666666666666667,48.0,56.375,48.0,12.75,0.0,16000.0,-0.06,0.02,71.0,87.0,88.0
2023-12-21,23.9575,31.36083333333333,6.15,7.403333333333333,83.0,29.5,161.0,1.025,1.175,3.95,48.0,55.875,43.0,12.5,0.0,12607.0,-0.14,0.15,70.0,76.0,77.0
2023-12-22,23.691388888888888,31.611944444444443,5.758333333333334,7.920555555555556,73.0,101.0,141.0,0.825,0.7583333333333333,4.175,49.0,55.5,62.0,12.75,0.4333333333333333,16476.0,-0.14,0.07,55.0,79.0,79.0
2023-12-23,24.150277777777777,32.30027777777778,7.333333333333333,8.15,90.0,21.0,122.0,1.1083333333333334,1.5083333333333333,4.716666666666667,50.0,56.5,45.0,12.375,0.0,5138.0,0.21,0.08,83.0,81.0,88.0
2023-12-24,24.87527777777778,32.99194444444444,7.025,8.116666666666667,87.0,49.0,186.0,1.0416666666666667,1.175,4.808333333333334,47.0,54.25,59.0,12.625,0.0083333333333333,13092.0,-0.01,-0.02,68.0,85.0,83.0
2023-12-25,25.57583333333333,32.475833333333334,6.016666666666667,6.9,87.0,26.0,101.0,0.925,1.025,4.066666666666666,49.0,54.5,59.0,12.75,0.0,13540.0,-0.07,0.01,68.0,79.0,89.0
2023-12-26,20.708055555555557,26.524722222222223,5.116666666666666,5.816666666666666,88.0,11.0,174.0,1.0416666666666667,0.9416666666666668,3.1333333333333333,49.0,55.25,48.0,12.5,0.0,4170.0,-0.15,0.07,67.0,76.0,65.0
2023-12-27,22.491111111111117,30.683611111111112,7.183333333333334,8.1925,88.0,6.0,210.0,1.2,0.9583333333333334,5.025,50.0,58.375,46.0,12.875,0.0,12018.0,0.29,0.15,82.0,85.0,84.0
2023-12-28,,,,,,,,,,,,,,,,172.0,,,,,
2023-12-29,22.875833333333333,31.407777777777778,7.033333333333333,8.531944444444445,82.0,57.5,144.0,1.125,1.5583333333333331,4.35,51.0,58.5,39.0,12.75,0.1833333333333333,10740.0,-0.07,0.02,73.0,75.0,77.0
2023-12-30,24.62444444444445,31.29111111111111,5.716666666666667,6.666666666666667,86.0,8.0,96.0,0.675,0.9583333333333334,4.083333333333333,60.0,67.625,24.0,12.5,0.0,11100.0,0.19,0.31,67.0,60.0,80.0
2023-12-31,,,,,,,,,,,,,,,,6180.0,,,,,
2024-01-01,22.641388888888887,31.60833333333333,7.9,8.966944444444444,88.0,21.0,141.0,1.0416666666666667,0.85,6.008333333333334,50.0,60.0,52.0,13.375,0.5166666666666667,8512.0,0.37,0.22,83.0,73.0,77.0
2024-01-02,23.40888888888889,31.73027777777778,7.116666666666666,8.321388888888889,86.0,15.5,211.0,1.0916666666666666,0.85,5.175,52.0,58.375,41.0,13.625,0.5166666666666666,7003.0,0.15,0.25,80.0,76.0,82.0
2024-01-03,,,,,,,,,,,,,,,0.2416666666666666,395.0,,,,,
2024-01-04,22.349722222222223,32.30222222222223,9.183333333333334,9.9525,92.0,10.5,245.0,1.5916666666666666,1.5083333333333333,6.083333333333333,48.0,58.875,41.0,12.875,0.0,9146.0,-0.04,0.23,94.0,77.0,92.0
2024-01-05,28.191388888888888,32.54138888888889,3.75,4.35,86.0,23.5,98.0,1.1,0.3166666666666666,2.333333333333333,49.0,54.75,58.0,12.875,0.025,7004.0,0.05,0.19,52.0,64.0,94.0
2024-01-06,25.95861111111111,33.474444444444444,6.566666666666666,7.515833333333333,87.0,6.5,155.0,1.275,1.3916666666666666,3.9,50.0,56.5,42.0,12.75,0.0,8646.0,0.03,0.12,74.0,78.0,86.0
2024-01-07,24.72,32.78388888888889,7.158333333333333,8.063888888888888,89.0,25.5,233.0,0.925,1.3083333333333331,4.925,48.0,55.75,50.0,13.125,0.0,21274.0,0.0,0.06,75.0,84.0,80.0
2024-01-08,24.4175,36.3475,8.45,11.93,71.0,3.0,233.0,1.8416666666666663,0.8833333333333333,5.725,56.0,73.0,34.0,14.75,0.0,3914.0,0.5,0.29,74.0,62.0,77.0
2024-01-09,24.134166666666665,31.344166666666663,6.091666666666667,7.21,84.0,38.0,185.0,0.7666666666666667,0.65,4.675,50.0,65.375,40.0,14.0,0.0,7228.0,0.06,0.1,62.0,67.0,76.0
2024-01-10,22.683611111111112,31.81861111111111,6.458333333333333,9.135,71.0,82.0,221.0,0.7,1.075,4.683333333333334,46.0,56.75,58.0,13.625,0.0,10353.0,-0.06,0.15,59.0,76.0,67.0
2024-01-11,24.350555555555555,31.78388888888889,6.616666666666666,7.433333333333334,89.0,21.0,193.0,1.5833333333333333,0.95,4.083333333333333,48.0,59.5,45.0,13.25,0.0,5741.0,0.16,0.34,78.0,76.0,89.0
2024-01-12,24.134166666666665,31.849444444444444,6.583333333333333,7.715277777777778,85.0,19.5,119.0,1.0583333333333331,1.075,4.45,49.0,57.375,45.0,12.875,0.0,9098.0,-0.37,-0.05,78.0,82.0,94.0
2024-01-13,24.48305555555556,32.933055555555555,7.566666666666666,8.45,90.0,12.0,247.0,1.4833333333333334,1.1166666666666667,4.966666666666667,48.0,57.25,48.0,12.75,0.0,12910.0,0.04,0.09,82.0,79.0,84.0
2024-01-14,24.433333333333334,33.74944444444444,6.608333333333333,9.31611111111111,71.0,6.0,235.0,0.7666666666666667,0.7833333333333333,5.058333333333334,49.0,56.75,49.0,13.25,0.275,8949.0,-0.02,0.05,62.0,74.0,79.0
2024-01-15,23.699444444444445,31.409444444444446,6.533333333333333,7.71,85.0,12.5,241.0,1.375,1.25,3.908333333333333,49.0,62.0,60.0,13.125,0.0,9672.0,-0.11,-0.11,78.0,86.0,66.0
2024-01-16,23.291666666666668,31.52083333333333,7.466666666666667,8.229166666666666,91.0,10.5,183.0,1.075,1.5416666666666667,4.85,48.0,57.75,49.0,13.25,0.0,11934.0,-0.04,0.06,87.0,87.0,86.0
2024-01-17,23.141111111111112,31.67527777777778,7.116666666666666,8.534166666666666,83.0,45.5,219.0,0.825,1.1083333333333334,5.183333333333334,53.0,61.0,32.0,12.625,0.0,13099.0,0.24,0.13,71.0,68.0,81.0
2024-01-18,23.43611111111111,31.535555555555558,7.283333333333333,8.099444444444444,90.0,4.0,202.0,0.825,1.2583333333333333,5.2,51.0,58.25,47.0,12.625,0.0,11118.0,-0.14,-0.03,80.0,78.0,84.0
2024-01-19,24.49972222222222,31.316388888888888,6.15,6.816666666666666,90.0,3.5,110.0,1.1583333333333334,1.1166666666666667,3.875,55.0,63.875,29.0,13.0,0.1166666666666666,9579.0,0.28,0.21,74.0,64.0,86.0
2024-01-20,23.2,32.833333333333336,7.616666666666666,9.633333333333333,79.0,42.0,142.0,1.3833333333333333,1.2666666666666666,4.966666666666667,49.0,55.75,44.0,12.75,0.2416666666666666,11932.0,-0.25,0.03,77.0,81.0,85.0
2024-01-21,23.016944444444444,31.06,7.175,8.043055555555556,89.0,24.0,133.0,0.9583333333333334,0.8583333333333333,5.358333333333333,53.0,60.375,37.0,13.125,0.0,20986.0,0.28,0.17,78.0,72.0,80.0
2024-01-22,23.683888888888887,31.63583333333333,7.0,7.951944444444444,88.0,17.5,220.0,0.7666666666666667,0.7083333333333334,5.525,47.0,56.375,58.0,13.0,0.0,8908.0,0.09,0.16,76.0,77.0,88.0
2024-01-23,24.40083333333333,31.484166666666667,6.066666666666666,7.083333333333333,86.0,19.5,152.0,0.8416666666666667,1.0166666666666666,4.208333333333333,49.0,54.875,44.0,12.625,0.0,9456.0,0.06,0.05,71.0,76.0,78.0
2024-01-24,,,,,,,,,,,,,,,,6633.0,,,,,
2024-01-25,22.733888888888888,31.286944444444444,7.75,8.553055555555556,91.0,36.5,176.0,1.3333333333333333,1.0666666666666669,5.35,45.0,60.75,57.0,13.375,0.0,10824.0,-0.01,0.1,84.0,83.0,94.0
2024-01-26,23.325,31.104166666666664,7.083333333333333,7.779166666666667,91.0,12.0,182.0,1.2833333333333334,1.5916666666666666,4.208333333333333,49.0,59.25,43.0,13.125,0.0,10491.0,0.01,0.11,86.0,86.0,80.0
2024-01-27,24.99111111111111,31.907777777777778,5.916666666666667,6.916666666666667,86.0,10.0,144.0,1.0416666666666667,1.0,3.875,46.0,55.875,45.0,12.625,0.0,8499.0,0.03,0.12,69.0,81.0,73.0
2024-01-28,21.68277777777778,31.186666666666667,8.65,9.50388888888889,91.0,15.0,206.0,0.8083333333333333,1.8166666666666669,6.025,49.0,55.0,45.0,12.375,0.65,20268.0,-0.22,-0.02,93.0,90.0,88.0
2024-01-29,22.916944444444447,31.55027777777778,7.316666666666666,8.633333333333333,85.0,42.0,292.0,0.3166666666666666,0.8666666666666667,6.133333333333334,48.0,54.75,59.0,12.5,0.0,11515.0,0.02,0.07,66.0,81.0,68.0
2024-01-30,23.941944444444445,31.558611111111112,6.716666666666667,7.616666666666666,88.0,20.5,153.0,1.675,1.4583333333333333,3.583333333333333,47.0,54.25,51.0,13.375,0.0,15445.0,-0.1,-0.01,81.0,89.0,80.0
2024-01-31,24.108888888888888,31.40888888888889,6.491666666666666,7.3,89.0,25.5,149.0,1.0833333333333333,1.2,4.208333333333333,52.0,59.875,35.0,13.5,0.0,18675.0,0.04,-0.01,76.0,79.0,85.0
2024-02-01,,,,,,,,,,,,,,,,14166.0,,,,,
2024-02-02,23.808333333333334,31.308333333333334,6.741666666666666,7.5,90.0,5.5,156.0,1.3333333333333333,1.6083333333333334,3.8,48.0,57.125,44.0,12.875,0.0,9303.0,-0.19,-0.05,83.0,82.0,84.0
2024-02-03,22.925,31.308333333333334,7.875,8.383333333333333,94.0,5.0,160.0,1.3333333333333333,1.5416666666666667,5.0,47.0,54.375,51.0,12.875,0.0,12432.0,0.15,0.15,91.0,90.0,92.0
2024-02-04,22.425,32.09166666666667,8.808333333333334,9.666666666666666,91.0,3.5,215.0,1.0833333333333333,2.066666666666667,5.658333333333333,48.0,52.5,54.0,12.75,0.0,9534.0,-0.07,-0.03,90.0,90.0,80.0
2024-02-05,22.892222222222223,31.50888888888889,7.616666666666666,8.616666666666667,88.0,3.0,206.0,1.2166666666666666,1.6083333333333334,4.791666666666667,48.0,55.75,52.0,13.25,0.0,10080.0,-0.13,-0.05,85.0,87.0,77.0
2024-02-06,23.049444444444447,31.535833333333333,7.591666666666667,8.48638888888889,89.0,11.5,190.0,1.325,1.55,4.716666666666667,49.0,54.75,43.0,12.75,0.0,10039.0,0.0,0.08,89.0,89.0,86.0
2024-02-07,24.516111111111112,31.36611111111111,5.541666666666667,6.85,81.0,35.5,84.0,0.6833333333333333,0.9833333333333332,3.875,54.0,65.375,29.0,12.875,0.0,9548.0,0.17,0.05,59.0,62.0,68.0
2024-02-08,23.349444444444444,30.685,6.366666666666666,7.335555555555556,87.0,8.0,184.0,0.775,1.2833333333333334,4.308333333333334,51.0,60.25,31.0,12.375,0.0,2706.0,-0.02,-0.01,77.0,74.0,89.0
2024-02-09,23.741666666666667,31.525,6.808333333333334,7.783333333333333,87.0,10.5,191.0,0.8416666666666667,1.5083333333333333,4.458333333333333,45.0,54.625,51.0,12.5,0.0,10328.0,-0.26,-0.02,80.0,89.0,89.0
2024-02-10,,,,,,,,,,,,,,,2.1666666666666665,14844.0,,,,,
2024-02-11,,,,,,,,,,,,,,,,178.0,,,,,
2024-02-12,22.879722222222224,31.225,7.683333333333334,8.345277777777778,92.0,8.5,232.0,1.225,1.8166666666666669,4.641666666666667,54.0,61.125,35.0,13.875,0.0,12712.0,0.34,0.02,91.0,70.0,87.0
2024-02-13,22.88277777777778,33.86055555555556,7.816666666666666,10.977777777777778,71.0,42.5,205.0,0.2666666666666666,0.3916666666666666,7.158333333333333,65.0,79.875,17.0,15.125,0.0,7836.0,2.0,0.94,58.0,21.0,60.0
2024-02-14,21.98333333333333,31.058055555555555,7.208333333333333,9.074722222222222,79.0,2.5,283.0,0.3916666666666666,1.2666666666666666,5.55,49.0,56.125,60.0,13.5,0.475,14276.0,0.3,0.38,74.0,81.0,63.0
2024-02-15,23.6,31.133333333333333,6.708333333333333,7.533333333333333,89.0,19.5,192.0,1.2583333333333333,0.7916666666666666,4.658333333333333,51.0,57.625,52.0,13.375,0.25,13467.0,0.32,0.71,79.0,69.0,86.0
2024-02-16,,,,,,,,,,,,,,,,11544.0,,,,,
2024-02-17,22.349722222222223,28.66638888888889,4.425,6.316666666666666,70.0,101.5,101.0,0.3333333333333333,0.5,3.591666666666667,53.0,61.875,39.0,12.75,0.0,5826.0,0.25,0.32,45.0,61.0,76.0
2024-02-18,,,,,,,,,,,,,,,,7092.0,,,,,
2024-02-19,22.883888888888887,30.717222222222222,6.416666666666667,7.833333333333333,82.0,37.0,143.0,0.975,1.2916666666666667,4.15,46.0,57.125,53.0,12.875,0.0,10002.0,-0.32,-0.05,73.0,77.0,82.0
2024-02-20,23.01722222222222,31.093055555555555,7.075,8.075833333333334,88.0,5.0,287.0,0.95,1.0833333333333333,5.041666666666667,50.0,57.375,47.0,12.5,0.0083333333333333,14493.0,-0.42,-0.03,78.0,77.0,73.0
2024-02-21,23.11638888888889,31.12222222222222,7.283333333333333,8.005833333333333,91.0,4.5,232.0,0.8833333333333333,1.475,4.925,52.0,60.375,37.0,13.125,0.0,12141.0,-0.08,-0.1,82.0,77.0,81.0
2024-02-22,22.908055555555556,31.024722222222223,7.291666666666667,8.116666666666667,90.0,6.5,206.0,1.05,1.425,4.816666666666666,50.0,55.5,55.0,12.0,0.0,12589.0,0.04,-0.15,84.0,82.0,81.0
2024-02-23,23.974444444444444,30.941111111111116,6.241666666666666,6.966666666666667,90.0,22.0,193.0,0.6,0.7666666666666667,4.875,54.0,69.25,27.0,13.125,0.0,5431.0,-0.17,-0.21,71.0,66.0,90.0
2024-02-24,24.95833333333333,31.825277777777774,5.916666666666667,6.866944444444444,86.0,18.0,280.0,0.3916666666666666,0.9083333333333332,4.616666666666666,51.0,60.5,40.0,13.0,0.0,17982.0,-0.02,0.0,63.0,73.0,66.0
2024-02-25,21.60805555555556,31.641944444444444,9.3,10.033888888888889,93.0,2.5,165.0,1.875,1.1583333333333334,6.266666666666667,50.0,63.125,40.0,13.25,0.0,23532.0,-0.04,0.0,91.0,79.0,88.0
2024-02-26,23.17555555555556,31.45888888888889,6.616666666666666,8.283333333333333,80.0,28.5,194.0,0.9583333333333334,1.5,4.158333333333333,56.0,65.375,24.0,13.625,0.0,10058.0,0.01,-0.03,74.0,58.0,65.0
2024-02-27,23.99194444444445,31.391944444444444,6.775,7.4,92.0,4.5,135.0,1.15,0.9416666666666668,4.683333333333334,58.0,67.875,18.0,13.0,0.0,11375.0,0.05,0.03,78.0,58.0,87.0
2024-02-28,23.10833333333333,31.156111111111112,7.091666666666667,8.047777777777778,88.0,26.5,237.0,1.5833333333333333,1.1583333333333334,4.35,48.0,62.75,40.0,13.5,0.0,10883.0,0.03,0.02,81.0,82.0,77.0
2024-02-29,23.35833333333333,31.175,6.383333333333334,7.816666666666666,82.0,21.0,161.0,1.0666666666666669,1.2333333333333334,4.083333333333333,50.0,57.5,43.0,12.75,0.0,11517.0,-0.16,-0.02,78.0,74.0,90.0
2024-03-01,25.00888888888889,31.575555555555557,5.583333333333333,6.566666666666666,85.0,15.0,127.0,0.8833333333333333,0.8583333333333333,3.841666666666667,57.0,64.25,32.0,13.0,0.0,7991.0,0.05,0.07,70.0,59.0,91.0
2024-03-02,,,,,,,,,,,,,,,,2123.0,,,,,
2024-03-03,22.641388888888887,31.55972222222222,8.066666666666666,8.918333333333333,90.0,18.0,161.0,1.2,1.425,5.441666666666666,48.0,54.25,48.0,13.0,0.025,10289.0,0.05,0.0,91.0,85.0,86.0
2024-03-04,22.650277777777777,30.209444444444443,6.925,7.559166666666667,92.0,5.5,214.0,1.4833333333333334,1.3916666666666666,4.05,48.0,61.625,44.0,13.625,0.0,8134.0,0.1,0.11,84.0,75.0,82.0
2024-03-05,23.449722222222224,31.24972222222222,6.933333333333334,7.8,89.0,16.5,153.0,1.2416666666666667,0.9416666666666668,4.75,49.0,62.375,52.0,14.25,0.0,19232.0,-0.03,0.04,82.0,82.0,81.0
2024-03-06,24.383333333333333,31.86472222222222,6.608333333333333,7.481388888888889,88.0,4.0,252.0,1.0333333333333334,1.5416666666666667,4.033333333333333,55.0,70.0,33.0,13.0,0.0,11582.0,0.18,0.14,74.0,61.0,64.0
2024-03-07,,,,,,,,,,,,,,,,10067.0,,,,,
2024-03-08,27.36638888888889,31.03305555555556,3.2333333333333334,3.6666666666666665,88.0,20.5,57.0,0.875,0.9083333333333332,1.45,48.0,53.0,50.0,13.25,0.0,8195.0,-0.36,-0.08,53.0,61.0,86.0
2024-03-09,23.558333333333334,31.155,6.908333333333333,7.596666666666667,91.0,10.0,160.0,1.2583333333333333,2.0,3.65,51.0,57.875,40.0,13.125,0.0,10658.0,0.15,0.2,86.0,75.0,83.0
2024-03-10,20.025,29.925,6.866666666666666,9.9,69.0,18.0,212.0,1.5,1.175,4.191666666666666,53.0,65.25,32.0,13.0,0.0,15386.0,0.33,0.14,74.0,66.0,49.0
2024-03-11,23.04083333333333,31.511111111111116,7.316666666666666,8.470277777777778,86.0,8.5,202.0,1.2666666666666666,1.4333333333333331,4.616666666666666,48.0,56.625,48.0,12.625,0.0,16748.0,-0.2,-0.16,86.0,83.0,87.0
2024-03-12,23.399166666666662,31.07611111111111,6.933333333333334,7.676944444444445,90.0,8.5,192.0,1.1833333333333331,1.5666666666666669,4.183333333333334,48.0,55.5,48.0,13.375,0.0,13059.0,-0.17,0.08,84.0,79.0,81.0
2024-03-13,25.850277777777777,31.53361111111111,4.725,5.683333333333334,83.0,34.5,129.0,0.5583333333333333,0.5166666666666667,3.65,44.0,60.25,64.0,13.375,0.0,12832.0,-0.01,0.11,51.0,65.0,78.0
2024-03-14,23.942222222222224,31.45888888888889,6.716666666666667,7.516666666666667,89.0,4.0,225.0,0.8666666666666667,1.325,4.525,46.0,53.25,60.0,12.375,0.0,14165.0,-0.08,-0.12,77.0,80.0,86.0
2024-03-15,23.534166666666668,31.249444444444443,6.916666666666667,7.715277777777778,90.0,11.5,184.0,1.1083333333333334,1.3333333333333333,4.475,51.0,57.125,43.0,13.25,0.0,8427.0,0.06,-0.01,83.0,75.0,86.0
2024-03-16,23.41611111111111,27.182777777777776,3.3,3.7666666666666666,88.0,3.0,89.0,0.4083333333333333,0.4166666666666667,2.475,56.0,63.5,32.0,13.375,0.0,18937.0,-0.07,-0.01,50.0,54.0,72.0
2024-03-17,23.149166666666662,31.8375,7.375,8.688333333333333,85.0,23.0,192.0,1.275,1.675,4.425,47.0,54.5,53.0,13.5,0.0,11124.0,0.0,0.0,85.0,81.0,78.0
2024-03-18,23.99138888888889,31.239166666666662,6.266666666666667,7.247777777777777,86.0,13.0,227.0,0.7,0.85,4.716666666666667,44.0,56.375,59.0,13.25,0.0333333333333333,5555.0,-0.23,-0.06,71.0,78.0,72.0
2024-03-19,22.58305555555556,31.301944444444445,7.883333333333334,8.71888888888889,90.0,4.5,182.0,1.1833333333333331,1.25,5.45,53.0,62.125,31.0,13.125,0.0,12904.0,0.39,0.15,86.0,70.0,76.0
2024-03-20,,,,,,,,,,,,,,,,10465.0,,,,,
2024-03-21,22.641944444444444,29.795277777777777,6.125,7.153333333333333,86.0,7.5,141.0,1.6166666666666667,1.0916666666666666,3.4166666666666665,45.0,51.125,71.0,12.25,0.0,14001.0,-0.11,-0.03,77.0,84.0,81.0
2024-03-22,,,,,,,,,,,,,,,,17986.0,,,,,
2024-03-23,23.74194444444445,31.808611111111112,6.866666666666666,8.066666666666666,85.0,34.5,118.0,0.8833333333333333,1.0166666666666666,4.966666666666667,51.0,63.75,44.0,12.0,0.0,8492.0,0.02,0.01,70.0,68.0,75.0
2024-03-24,23.75888888888889,31.19222222222222,5.583333333333333,7.433333333333334,75.0,12.0,187.0,0.725,0.8,4.058333333333334,46.0,58.5,43.0,13.0,0.0,10964.0,0.04,-0.01,61.0,75.0,53.0
2024-03-25,22.70083333333333,30.83416666666667,7.383333333333334,8.133333333333333,91.0,12.0,138.0,1.175,1.45,4.758333333333334,52.0,58.5,36.0,12.625,0.0,7871.0,0.04,0.05,87.0,81.0,78.0
2024-03-26,23.78305555555556,29.031388888888888,4.616666666666666,5.248333333333333,88.0,3.5,93.0,1.3083333333333331,0.6583333333333333,2.65,53.0,67.75,41.0,13.875,0.0,12104.0,0.09,0.06,67.0,62.0,92.0
2024-03-27,25.86638888888889,31.71638888888889,5.058333333333334,5.85,86.0,3.0,116.0,0.9916666666666668,0.3666666666666666,3.7,59.0,71.75,22.0,13.25,0.0,8894.0,0.3,0.15,62.0,54.0,95.0
2024-03-28,25.71666666666667,29.676666666666662,3.4166666666666665,3.96,86.0,6.5,58.0,0.25,0.5,2.6666666666666665,65.0,73.25,20.0,12.875,0.0,2860.0,0.21,0.13,59.0,66.0,57.0
2024-03-29,23.725,32.391666666666666,6.8,8.666666666666666,78.0,14.0,223.0,0.775,1.375,4.65,46.0,55.75,55.0,13.0,0.0,13652.0,-0.11,0.07,74.0,78.0,61.0
2024-03-30,24.558611111111112,32.48138888888889,6.875,7.922777777777778,87.0,10.5,265.0,0.8166666666666667,1.5416666666666667,4.516666666666667,46.0,55.75,52.0,13.0,0.2833333333333333,13320.0,-0.27,0.07,79.0,76.0,84.0
2024-03-31,24.308611111111112,32.0125,6.175,6.703888888888889,92.0,5.0,150.0,1.05,1.225,3.9,48.0,54.5,47.0,12.75,0.3916666666666666,11512.0,0.19,0.15,76.0,76.0,89.0
2024-04-01,23.71638888888889,32.94972222222222,6.983333333333333,9.233333333333333,76.0,16.0,205.0,0.45,2.033333333333333,4.5,53.0,60.125,33.0,13.5,0.7083333333333334,12084.0,0.55,0.14,79.0,68.0,82.0
2024-04-02,24.75,32.159444444444446,6.016666666666667,7.4094444444444445,81.0,32.5,161.0,0.6833333333333333,1.0666666666666669,4.266666666666667,57.0,66.375,32.0,13.75,0.0,12847.0,0.56,0.17,62.0,56.0,73.0
2024-04-03,22.45833333333333,31.74972222222222,8.65,9.29138888888889,93.0,3.0,229.0,1.2583333333333333,1.575,5.816666666666666,48.0,54.625,55.0,13.25,0.0,15716.0,-0.01,0.2,92.0,87.0,89.0
2024-04-04,24.008055555555558,32.02055555555556,7.308333333333334,8.0125,91.0,5.0,218.0,1.1916666666666669,1.1416666666666666,4.975,51.0,58.75,41.0,13.0,0.0,12162.0,0.03,0.36,82.0,69.0,92.0
2024-04-05,23.241111111111117,31.74194444444444,7.55,8.500833333333333,89.0,4.5,212.0,0.5583333333333333,1.1416666666666666,5.85,47.0,53.375,61.0,12.75,0.0,6250.0,-0.08,0.22,78.0,83.0,80.0
2024-04-06,24.433333333333334,31.49972222222222,6.3,7.066388888888889,89.0,4.5,170.0,1.0583333333333331,1.275,3.966666666666667,49.0,54.5,50.0,12.875,0.2666666666666666,7523.0,-0.29,-0.07,76.0,82.0,90.0
2024-04-07,22.416666666666668,31.74222222222222,8.108333333333333,9.325555555555557,87.0,4.0,287.0,1.0833333333333333,2.025,5.0,48.0,55.75,61.0,13.0,0.0083333333333333,23715.0,0.12,0.07,88.0,93.0,73.0
2024-04-08,22.566666666666663,31.34722222222222,7.366666666666666,8.780555555555555,84.0,28.5,232.0,1.0083333333333333,1.0583333333333331,5.3,52.0,61.625,42.0,13.375,0.0,10448.0,0.06,-0.03,78.0,73.0,79.0
2024-04-09,23.091944444444444,31.76972222222222,7.041666666666667,8.677777777777777,81.0,22.0,260.0,0.9666666666666668,1.1916666666666669,4.883333333333334,46.0,57.25,58.0,12.75,0.0,1318.0,0.03,-0.03,75.0,91.0,58.0
2024-04-10,23.00027777777778,30.119722222222222,5.975,7.1194444444444445,84.0,45.5,169.0,0.875,0.8333333333333334,4.266666666666667,48.0,57.625,47.0,13.375,0.0,3790.0,-0.03,0.08,66.0,81.0,81.0
2024-04-11,23.723888888888887,31.085833333333333,6.4,7.361944444444444,87.0,11.5,207.0,1.1416666666666666,1.3,3.9583333333333335,46.0,53.75,57.0,12.25,0.0,18294.0,-0.16,0.0,78.0,90.0,75.0
2024-04-12,,,,,,,,,,,,,,,,11159.0,,,,,
2024-04-13,23.849444444444444,32.03277777777778,7.383333333333334,8.183333333333334,90.0,10.0,282.0,0.7833333333333333,1.1416666666666666,5.458333333333333,46.0,56.75,64.0,12.625,0.0,15209.0,-0.17,-0.07,79.0,90.0,79.0
2024-04-14,24.60805555555556,31.808055555555555,6.625,7.2,92.0,4.0,218.0,1.125,1.2833333333333334,4.216666666666667,45.0,55.625,52.0,12.625,0.0,19423.0,-0.31,-0.19,78.0,88.0,88.0
2024-04-15,24.424722222222226,31.106388888888887,5.441666666666666,6.681666666666667,81.0,20.0,190.0,1.2083333333333333,1.1333333333333333,3.1,51.0,57.375,40.0,12.625,0.0,13328.0,0.1,0.05,69.0,74.0,69.0
2024-04-16,24.641666666666666,31.732222222222223,5.9,7.090555555555556,83.0,6.0,193.0,0.8833333333333333,0.5833333333333334,4.433333333333334,49.0,57.25,46.0,11.625,0.0,17041.0,-0.23,-0.19,65.0,79.0,74.0
2024-04-17,24.025277777777777,31.596944444444446,6.033333333333333,7.571666666666666,80.0,52.0,186.0,0.3666666666666666,0.775,4.891666666666667,48.0,56.5,42.0,12.25,0.0,14217.0,-0.12,-0.12,57.0,72.0,79.0
2024-04-18,22.99194444444445,31.49194444444444,6.516666666666667,8.5,77.0,58.0,268.0,0.7166666666666667,0.7083333333333334,5.091666666666667,46.0,57.0,56.0,12.375,0.0,14158.0,-0.27,-0.08,60.0,79.0,58.0
2024-04-19,,,,,,,,,,,,,,,,14435.0,,,,,
2024-04-20,23.925833333333333,32.325833333333335,7.475,8.4,89.0,11.0,219.0,0.7333333333333333,0.9916666666666668,5.75,52.0,62.75,47.0,12.75,0.0,17910.0,0.24,0.01,76.0,75.0,69.0
2024-04-21,24.125833333333333,31.505277777777778,6.583333333333333,7.379444444444444,89.0,27.5,107.0,0.9083333333333332,1.4166666666666667,4.258333333333334,48.0,55.625,52.0,12.625,0.5,8230.0,-0.02,-0.1,74.0,81.0,79.0
2024-04-22,24.259166666666665,31.474444444444444,6.733333333333333,7.215277777777778,93.0,4.0,140.0,0.8666666666666667,1.1666666666666667,4.7,49.0,57.5,54.0,12.625,0.0,11578.0,-0.04,0.1,77.0,78.0,90.0
2024-04-23,23.80777777777778,31.379166666666663,6.283333333333333,7.571388888888888,83.0,33.5,138.0,0.4166666666666667,0.7,5.166666666666667,49.0,58.125,58.0,12.875,0.0,15948.0,0.32,0.24,63.0,69.0,82.0
2024-04-24,23.78333333333333,31.366666666666667,6.891666666666667,7.583333333333333,91.0,3.0,231.0,0.775,1.35,4.766666666666667,48.0,54.5,60.0,12.375,0.0,16110.0,-0.06,0.0,76.0,84.0,76.0
2024-04-25,24.73333333333333,31.28333333333333,5.658333333333333,6.55,86.0,5.0,137.0,0.6583333333333333,0.4,4.6,53.0,65.75,30.0,13.125,0.0,11454.0,0.14,0.13,62.0,64.0,72.0
2024-04-26,24.98361111111111,31.950277777777774,5.616666666666666,6.966666666666667,81.0,47.5,98.0,0.4916666666666666,0.8583333333333333,4.266666666666667,55.0,64.125,36.0,12.0,0.0,9558.0,0.17,0.21,52.0,65.0,66.0
2024-04-27,24.716944444444444,31.966944444444444,5.566666666666666,7.25,77.0,31.0,196.0,0.2916666666666667,1.0083333333333333,4.266666666666667,48.0,55.75,56.0,12.75,0.0,21827.0,-0.06,0.0,56.0,76.0,66.0
2024-04-28,23.83305555555556,31.566666666666663,6.691666666666666,7.733611111111111,87.0,9.0,208.0,1.2333333333333334,1.4916666666666667,3.966666666666667,44.0,55.125,51.0,13.0,0.0,24958.0,-0.3,,83.0,84.0,89.0
2024-04-29,24.28305555555556,31.390833333333333,5.991666666666666,7.107777777777778,84.0,21.0,138.0,0.925,1.175,3.8916666666666666,46.0,53.0,55.0,12.5,0.0,12558.0,-0.29,-0.03,73.0,78.0,88.0
2024-04-30,24.308055555555555,31.25805555555556,6.35,6.95,91.0,7.5,175.0,0.9833333333333332,1.375,3.9916666666666663,47.0,55.25,49.0,12.875,0.0,8635.0,0.01,-0.03,76.0,80.0,81.0
2024-05-01,24.142222222222223,31.376944444444444,6.683333333333334,7.2347222222222225,92.0,10.5,257.0,0.9333333333333332,1.2833333333333334,4.466666666666667,45.0,56.5,57.0,12.875,0.0,17531.0,-0.11,-0.16,78.0,84.0,82.0
2024-05-02,23.28333333333333,31.35,7.025,8.066666666666666,87.0,21.0,174.0,1.2416666666666667,1.3666666666666667,4.416666666666667,48.0,54.25,52.0,12.25,0.0,13472.0,0.01,-0.06,80.0,82.0,64.0
2024-05-03,23.433888888888887,31.66722222222222,6.708333333333333,8.233333333333333,81.0,2.5,206.0,1.35,1.45,3.908333333333333,48.0,56.875,50.0,13.625,0.0,7774.0,0.03,0.03,80.0,81.0,89.0
2024-05-04,23.650555555555552,32.18388888888889,7.475,8.533333333333333,88.0,31.5,205.0,1.0916666666666666,1.6666666666666667,4.716666666666667,49.0,57.375,53.0,13.125,0.0,16774.0,0.23,0.09,80.0,87.0,74.0
2024-05-05,23.758055555555558,30.74138888888889,5.791666666666667,6.983333333333333,83.0,29.5,217.0,1.0166666666666666,1.05,3.725,49.0,54.5,58.0,12.875,0.5916666666666667,10406.0,-0.16,0.0,73.0,79.0,83.0
2024-05-06,23.391666666666666,32.54138888888889,7.891666666666667,9.149722222222222,86.0,22.0,238.0,0.7916666666666666,1.1333333333333333,5.966666666666667,47.0,56.125,57.0,12.5,0.0,12632.0,-0.14,0.04,80.0,85.0,78.0
2024-05-07,23.05027777777778,30.90222222222222,7.308333333333334,7.851944444444444,93.0,4.0,276.0,0.65,1.6416666666666666,5.016666666666667,45.0,53.25,52.0,12.875,0.0,16409.0,-0.06,0.07,80.0,90.0,71.0
2024-05-08,24.182777777777776,35.51,8.266666666666667,11.327222222222222,73.0,19.0,227.0,1.225,0.9,6.141666666666667,47.0,58.0,54.0,13.375,0.0,10075.0,-0.18,-0.12,75.0,88.0,67.0
2024-05-09,23.716666666666665,31.71666666666667,6.983333333333333,8.0,87.0,17.5,146.0,0.75,1.8333333333333333,4.4,45.0,52.125,60.0,13.0,0.0,13010.0,0.06,-0.01,82.0,89.0,91.0
2024-05-10,25.38361111111111,31.58361111111111,5.391666666666667,6.2,87.0,6.5,115.0,0.2666666666666666,0.5916666666666667,4.533333333333333,56.0,65.25,32.0,12.75,0.0,21813.0,0.31,0.09,59.0,64.0,83.0
2024-05-11,23.58333333333333,32.44027777777778,7.783333333333333,8.856944444444444,88.0,12.0,184.0,1.25,1.8833333333333333,4.65,45.0,56.25,59.0,13.0,0.0,19491.0,-0.15,-0.07,87.0,92.0,75.0
2024-05-12,23.3175,31.849444444444444,7.641666666666667,8.531944444444445,90.0,3.0,215.0,0.95,1.4666666666666666,5.225,49.0,56.625,48.0,12.5,0.0,12148.0,-0.02,0.11,82.0,83.0,78.0
2024-05-13,23.883333333333333,30.95,6.125,7.066666666666666,87.0,13.5,140.0,1.1333333333333333,1.3,3.691666666666667,43.0,52.0,55.0,12.25,0.0,23979.0,-0.25,0.02,80.0,87.0,92.0
2024-05-14,24.20888888888889,31.358888888888888,6.291666666666667,7.15,88.0,31.0,158.0,0.775,1.45,4.066666666666666,45.0,54.0,72.0,12.875,0.0,11317.0,-0.06,-0.05,73.0,78.0,92.0
2024-05-15,23.8925,31.2925,6.541666666666667,7.4,88.0,14.5,112.0,1.25,1.5583333333333331,3.733333333333333,52.0,60.375,45.0,12.75,0.0,17908.0,0.46,0.16,82.0,68.0,79.0
2024-05-16,22.97583333333333,31.074444444444445,6.991666666666666,8.098611111111111,86.0,4.0,170.0,1.4916666666666667,1.4333333333333331,4.066666666666666,47.0,54.125,57.0,12.625,0.0,19619.0,-0.18,-0.13,85.0,82.0,91.0
2024-05-17,23.975,31.391666666666666,7.033333333333333,7.416666666666667,95.0,3.0,189.0,0.9916666666666668,1.2666666666666666,4.775,53.0,63.125,34.0,13.125,0.0,6592.0,0.09,0.15,79.0,77.0,83.0
2024-05-18,24.291944444444443,31.52027777777778,6.133333333333334,7.228333333333333,85.0,29.0,147.0,0.6916666666666667,0.9916666666666668,4.45,47.0,55.5,53.0,13.0,0.0,12437.0,-0.09,0.15,68.0,76.0,84.0
2024-05-19,24.608888888888888,31.961944444444445,6.591666666666667,7.353055555555556,90.0,13.5,160.0,1.0833333333333333,0.9166666666666666,4.591666666666667,46.0,53.5,64.0,12.625,0.6416666666666667,22581.0,-0.27,-0.12,80.0,89.0,84.0
2024-05-20,22.50777777777778,31.31888888888889,7.95,8.811111111111112,90.0,4.0,166.0,1.2833333333333334,1.35,5.316666666666666,46.0,55.125,70.0,12.875,0.0,11388.0,-0.02,0.04,88.0,92.0,80.0
2024-05-21,23.125,31.085555555555555,7.466666666666667,7.960555555555556,94.0,4.5,189.0,1.0916666666666666,1.7833333333333334,4.591666666666667,51.0,59.625,44.0,13.5,0.0,23064.0,0.62,0.19,87.0,75.0,84.0
2024-05-22,24.392222222222223,31.198611111111116,5.475,6.806388888888889,80.0,38.0,152.0,1.075,1.0416666666666667,3.3583333333333334,46.0,55.75,54.0,13.375,0.0,9731.0,0.14,-0.01,65.0,77.0,87.0
2024-05-23,,,,,,,,,,,,,,,,12207.0,,,,,
2024-05-24,24.316388888888888,30.899722222222223,6.033333333333333,6.583333333333333,92.0,8.0,121.0,1.1833333333333331,1.7166666666666666,3.1333333333333333,45.0,53.25,60.0,13.0,0.0,6578.0,-0.18,0.24,80.0,85.0,89.0
2024-05-25,25.05,32.2,6.608333333333333,7.15,92.0,4.5,247.0,0.575,1.1083333333333334,4.925,43.0,56.0,61.0,13.0,0.0,17025.0,-0.11,0.07,70.0,82.0,78.0
2024-05-26,23.233888888888888,31.41722222222222,7.191666666666666,8.183333333333334,88.0,4.0,275.0,0.975,1.4833333333333334,4.733333333333333,44.0,52.75,74.0,12.875,0.0,17670.0,-0.19,-0.11,81.0,90.0,77.0
2024-05-27,23.092777777777776,31.82,7.841666666666667,8.727222222222222,90.0,3.5,265.0,1.2916666666666667,1.4666666666666666,5.083333333333333,48.0,57.625,55.0,13.0,0.0,29217.0,-0.15,-0.1,87.0,83.0,82.0
2024-05-28,23.799722222222226,32.096666666666664,7.325,8.296944444444444,88.0,19.0,134.0,1.2083333333333333,1.6916666666666669,4.425,48.0,54.375,50.0,13.0,0.0,8979.0,0.0,-0.04,86.0,89.0,82.0
2024-05-29,25.13361111111111,30.88361111111111,4.441666666666666,5.75,77.0,55.5,126.0,1.0083333333333333,0.7333333333333333,2.7,52.0,59.375,45.0,14.375,0.0,19079.0,0.04,-0.05,52.0,67.0,81.0
2024-05-30,23.56722222222222,31.6475,7.408333333333333,8.080277777777777,92.0,5.0,143.0,1.4666666666666666,1.6416666666666666,4.3,51.0,56.5,47.0,13.5,0.0,13881.0,-0.09,-0.05,86.0,88.0,79.0
2024-05-31,23.86638888888889,30.86694444444445,6.35,7.000555555555556,91.0,17.0,120.0,1.35,1.4416666666666669,3.558333333333333,54.0,64.75,25.0,14.125,0.0,5833.0,0.45,0.22,81.0,60.0,79.0
2024-06-01,26.024444444444445,32.49111111111111,5.716666666666667,6.466666666666667,88.0,11.0,132.0,0.9416666666666668,1.1,3.675,51.0,56.25,44.0,13.5,0.0,9976.0,0.04,0.05,68.0,75.0,79.0
2024-06-02,23.174722222222226,31.92861111111111,7.783333333333333,8.75388888888889,89.0,14.5,242.0,1.175,1.8083333333333331,4.8,48.0,55.625,48.0,13.0,0.0,,-0.07,0.07,90.0,85.0,83.0
2024-06-03,,,,,,,,,,,,,,,,21022.0,-0.23,0.14,79.0,79.0,83.0
2024-06-04,22.400277777777777,29.699166666666667,7.05,7.298888888888888,97.0,2.0,173.0,1.325,1.8833333333333333,3.841666666666667,51.0,57.125,42.0,13.125,0.0,9852.0,-0.09,0.0,87.0,77.0,90.0
2024-06-05,23.450277777777774,30.316944444444445,6.225,6.866666666666666,91.0,8.0,132.0,1.6833333333333331,1.6666666666666667,2.875,48.0,58.625,35.0,12.75,0.0,8240.0,0.14,0.02,83.0,83.0,83.0
2024-06-06,23.1175,30.032777777777778,5.616666666666666,6.915277777777778,81.0,9.0,128.0,0.55,0.7333333333333333,4.333333333333333,60.0,76.875,15.0,13.75,0.0,10353.0,0.42,0.09,64.0,50.0,67.0
2024-06-07,24.383055555555558,29.76638888888889,4.641666666666667,5.383333333333334,86.0,7.5,136.0,0.425,0.7416666666666667,3.475,59.0,70.75,21.0,13.5,0.0,7650.0,-0.02,0.03,59.0,48.0,72.0
2024-06-08,24.30027777777778,31.25583333333333,6.066666666666666,6.955555555555556,87.0,32.5,152.0,0.7583333333333333,1.35,3.9583333333333335,50.0,55.75,53.0,13.0,0.0,12468.0,-0.09,0.14,70.0,72.0,85.0
2024-06-09,23.58361111111111,32.26694444444445,7.483333333333333,8.683333333333334,86.0,13.0,345.0,0.85,0.9,5.733333333333333,45.0,55.375,58.0,13.25,0.1666666666666666,11460.0,-0.12,0.16,74.0,75.0,43.0
2024-06-10,23.067777777777778,31.22972222222222,7.516666666666667,8.161944444444444,92.0,2.5,254.0,0.975,1.3083333333333331,5.233333333333333,46.0,57.125,55.0,12.75,0.0,8609.0,-0.07,0.0,83.0,79.0,77.0
2024-06-11,21.74944444444445,31.10972222222222,8.2,9.360277777777778,88.0,39.5,239.0,1.2666666666666666,1.7583333333333333,5.175,48.0,57.5,52.0,13.25,0.0,14952.0,0.08,0.01,87.0,82.0,83.0
2024-06-12,24.25027777777778,31.36694444444444,5.708333333333333,7.116666666666666,80.0,7.0,151.0,1.3333333333333333,1.0166666666666666,3.3583333333333334,58.0,63.75,30.0,13.625,0.0,14041.0,0.1,0.01,72.0,60.0,79.0
2024-06-13,22.85083333333333,31.4675,7.258333333333334,8.616666666666667,84.0,57.5,110.0,1.1416666666666666,1.3916666666666666,4.725,51.0,59.375,42.0,12.5,0.0,12539.0,-0.15,-0.02,77.0,74.0,85.0
2024-06-14,23.31638888888889,31.399722222222223,5.675,8.083333333333334,70.0,2.5,134.0,1.3416666666666666,1.3666666666666667,2.966666666666667,57.0,71.25,20.0,13.375,0.0,9582.0,0.35,0.23,67.0,53.0,52.0
2024-06-15,22.816666666666663,31.5375,8.116666666666667,8.720833333333333,93.0,5.0,155.0,1.3666666666666667,1.8416666666666663,4.908333333333333,46.0,54.125,66.0,12.375,0.0,10848.0,-0.13,0.0,91.0,87.0,83.0
2024-06-16,23.25027777777778,32.20027777777778,7.141666666666667,8.95,80.0,70.0,122.0,1.125,1.425,4.591666666666667,51.0,64.5,34.0,13.25,0.0,13663.0,0.31,0.17,72.0,63.0,88.0
2024-06-17,23.309166666666663,31.4425,7.283333333333333,8.133333333333333,90.0,3.0,220.0,1.2083333333333333,1.4416666666666669,4.633333333333334,51.0,58.0,43.0,12.875,0.0,11887.0,-0.05,0.14,83.0,82.0,72.0
2024-06-18,25.15888888888889,31.44222222222222,4.9,6.283333333333333,78.0,40.5,102.0,0.8833333333333333,0.375,3.6416666666666666,51.0,62.375,51.0,14.0,0.0833333333333333,15222.0,-0.53,-0.15,53.0,65.0,81.0
2024-06-19,22.97583333333333,31.141111111111112,6.625,8.165277777777778,81.0,52.5,148.0,1.3833333333333333,0.7333333333333333,4.508333333333334,48.0,59.25,44.0,12.5,0.0,21929.0,0.04,0.17,71.0,81.0,87.0
2024-06-20,23.391388888888887,31.35805555555556,6.575,7.966666666666667,83.0,46.0,229.0,0.9416666666666668,0.9833333333333332,4.65,53.0,59.75,39.0,12.625,0.0,15638.0,0.1,-0.04,68.0,68.0,76.0
2024-06-21,23.391388888888887,31.65805555555556,7.0,8.266666666666667,85.0,39.5,238.0,0.6583333333333333,1.225,5.116666666666666,51.0,59.125,50.0,12.5,0.0,10162.0,0.15,-0.09,71.0,72.0,83.0
2024-06-22,23.591944444444444,31.900277777777777,7.425,8.308333333333334,89.0,10.5,176.0,0.975,1.6,4.85,50.0,56.625,55.0,12.375,0.0,17469.0,-0.01,0.07,85.0,86.0,84.0
2024-06-23,24.691388888888888,31.75805555555556,6.625,7.066666666666666,94.0,4.5,174.0,1.1416666666666666,1.4,4.083333333333333,53.0,60.75,36.0,12.625,0.0,17833.0,0.06,0.13,78.0,76.0,86.0
2024-06-24,23.95,31.05,6.616666666666666,7.1,93.0,12.5,119.0,1.0666666666666669,0.875,4.675,49.0,54.5,50.0,12.5,0.0,11246.0,0.04,0.12,80.0,81.0,90.0
2024-06-25,25.616666666666667,31.75,5.583333333333333,6.133333333333334,91.0,5.0,200.0,0.9833333333333332,1.1,3.5,49.0,59.5,51.0,13.0,0.25,16162.0,0.0,0.05,68.0,75.0,78.0
2024-06-26,23.700555555555557,30.999166666666667,6.2,7.298611111111111,85.0,42.5,200.0,0.85,0.8416666666666667,4.508333333333334,48.0,57.25,54.0,12.875,0.0,19957.0,0.04,0.09,66.0,78.0,78.0
2024-06-27,23.174722222222226,30.95805555555556,6.858333333333333,7.783333333333333,88.0,12.5,188.0,1.2583333333333333,1.2333333333333334,4.366666666666666,48.0,57.375,58.0,13.0,0.0,12744.0,-0.08,0.03,84.0,87.0,83.0
2024-06-28,22.891666666666666,31.141666666666666,7.158333333333333,8.25,87.0,6.5,155.0,1.3666666666666667,1.4666666666666666,4.325,46.0,50.5,76.0,13.0,0.0,12009.0,-0.04,0.02,84.0,86.0,75.0
2024-06-29,24.142222222222223,32.175555555555555,7.366666666666666,8.033333333333333,92.0,5.5,125.0,0.825,1.15,5.391666666666667,55.0,67.375,28.0,13.125,0.0,15172.0,0.56,0.26,76.0,57.0,72.0
2024-06-30,22.7575,31.43138888888889,7.591666666666667,8.67388888888889,88.0,9.5,177.0,1.0916666666666666,1.525,4.975,49.0,58.125,60.0,13.375,0.0,10837.0,0.16,0.06,87.0,86.0,83.0
2024-07-01,23.46638888888889,31.025,6.933333333333334,7.558611111111111,92.0,10.0,140.0,0.6083333333333333,1.525,4.8,50.0,55.625,40.0,13.375,0.0,11289.0,0.16,0.2,81.0,86.0,87.0
2024-07-02,22.774444444444445,30.62444444444445,6.683333333333334,7.85,85.0,31.0,191.0,1.1416666666666666,0.925,4.616666666666666,49.0,54.25,49.0,12.875,0.0,19060.0,-0.09,0.26,76.0,86.0,84.0
2024-07-03,24.008055555555558,31.29138888888889,5.616666666666666,7.283333333333333,77.0,9.5,220.0,0.8916666666666667,0.6166666666666667,4.108333333333333,50.0,64.0,39.0,13.875,0.0,17329.0,0.0,0.14,63.0,67.0,63.0
2024-07-04,24.091666666666665,31.700277777777774,6.675,7.608611111111111,88.0,26.0,193.0,0.5166666666666667,1.3333333333333333,4.825,48.0,54.5,60.0,13.0,0.0,15392.0,-0.05,0.07,72.0,83.0,79.0
2024-07-05,23.17555555555556,31.24222222222222,6.808333333333334,8.066666666666666,84.0,27.5,120.0,1.2666666666666666,0.95,4.591666666666667,51.0,56.375,44.0,12.75,0.0,8849.0,-0.12,-0.04,78.0,82.0,87.0
2024-07-06,23.541111111111118,31.374444444444443,7.008333333333334,7.833333333333333,89.0,7.0,163.0,1.0916666666666666,1.3166666666666669,4.6,50.0,59.625,43.0,13.625,0.0,17667.0,0.11,0.07,83.0,81.0,90.0
2024-07-07,23.891666666666666,31.708333333333336,7.075,7.816666666666666,91.0,21.5,183.0,0.5416666666666666,1.775,4.758333333333334,53.0,59.0,41.0,13.25,0.0,13291.0,-0.09,-0.03,79.0,80.0,83.0
2024-07-08,22.683611111111112,31.227777777777774,7.816666666666666,8.544166666666667,91.0,9.0,221.0,1.125,1.25,5.441666666666666,50.0,59.125,42.0,13.125,0.0,17085.0,0.24,0.11,87.0,84.0,76.0
2024-07-09,23.700277777777774,30.815555555555555,6.083333333333333,7.115277777777778,85.0,9.0,164.0,0.7,0.725,4.658333333333333,49.0,61.375,49.0,12.75,0.0,13903.0,0.12,0.11,72.0,74.0,88.0
2024-07-10,22.81722222222222,29.517222222222223,5.825,6.7,87.0,2.5,191.0,0.85,1.075,3.9,46.0,53.5,49.0,12.625,0.0,8230.0,-0.22,-0.02,72.0,79.0,85.0
2024-07-11,22.734166666666667,31.200833333333332,7.575,8.466666666666667,89.0,25.5,174.0,1.225,1.5,4.85,50.0,55.0,49.0,12.625,0.0,10408.0,-0.06,0.14,87.0,89.0,80.0
2024-07-12,23.258055555555558,31.467777777777776,6.775,8.209722222222222,83.0,43.5,161.0,1.1833333333333331,1.1416666666666666,4.45,47.0,52.875,59.0,12.75,0.0,5890.0,-0.04,0.03,73.0,85.0,79.0
2024-07-13,24.275277777777777,31.841944444444444,6.966666666666667,7.566666666666666,92.0,6.5,120.0,1.2,1.2666666666666666,4.5,54.0,60.375,43.0,13.0,0.0,15217.0,0.18,0.0,78.0,80.0,72.0
2024-07-14,24.125833333333333,31.2725,6.183333333333334,7.1466666666666665,87.0,17.5,172.0,1.2416666666666667,0.8416666666666667,4.1,50.0,57.875,46.0,13.0,0.0,10627.0,-0.42,-0.15,77.0,80.0,88.0
2024-07-15,23.3425,31.073055555555555,6.625,7.730555555555555,86.0,9.0,290.0,0.25,1.025,5.35,53.0,63.75,31.0,12.625,0.0,11826.0,-0.18,-0.01,70.0,78.0,75.0
2024-07-16,22.749722222222225,31.0575,7.183333333333334,8.307777777777778,86.0,42.5,170.0,1.2166666666666666,1.1083333333333334,4.858333333333333,51.0,59.0,30.0,12.75,0.0,16688.0,0.15,0.07,79.0,74.0,90.0
2024-07-17,24.816944444444445,32.000277777777775,6.416666666666667,7.183333333333334,89.0,9.0,185.0,1.0833333333333333,0.8833333333333333,4.45,50.0,59.0,44.0,13.125,0.0,15379.0,-0.06,-0.19,69.0,77.0,52.0
2024-07-18,22.65083333333333,30.164444444444445,6.291666666666667,7.513611111111111,84.0,20.0,208.0,0.375,1.2083333333333333,4.708333333333333,57.0,67.25,25.0,12.625,0.0,10734.0,0.2,0.07,71.0,58.0,75.0
2024-07-19,23.68305555555556,31.383055555555558,6.583333333333333,7.7,85.0,10.5,174.0,0.6666666666666666,1.2083333333333333,4.708333333333333,57.0,68.375,27.0,13.5,0.0,12735.0,0.05,0.1,75.0,63.0,84.0
2024-07-20,24.099722222222223,31.63305555555556,6.433333333333334,7.533333333333333,85.0,29.0,217.0,0.8416666666666667,0.5833333333333334,5.008333333333334,53.0,60.625,39.0,13.0,0.0,11889.0,0.18,0.11,67.0,69.0,75.0
2024-07-21,23.600555555555555,31.4975,7.233333333333333,7.896944444444444,92.0,18.0,161.0,1.5666666666666669,1.5833333333333333,4.083333333333333,50.0,55.625,48.0,13.125,0.0,24032.0,-0.16,0.06,87.0,83.0,86.0
2024-07-22,24.2675,31.132777777777772,5.983333333333333,6.865277777777778,87.0,10.5,134.0,1.0083333333333333,0.875,4.1,50.0,56.375,49.0,12.875,0.0,12980.0,0.13,0.14,73.0,69.0,81.0
2024-07-23,,,,,,,,,,,,,,,,233.0,,,,,
2024-07-24,23.49194444444445,31.08388888888889,6.158333333333333,7.591944444444445,81.0,29.5,143.0,1.0666666666666669,0.925,4.166666666666667,54.0,60.0,37.0,12.75,0.0,10533.0,-0.11,-0.04,74.0,70.0,93.0
2024-07-25,22.992222222222225,33.27555555555556,9.0,10.283333333333331,88.0,30.5,231.0,1.375,1.675,5.95,53.0,64.75,39.0,13.625,0.0583333333333333,13488.0,0.32,0.27,87.0,75.0,83.0
2024-07-26,22.85805555555556,32.294444444444444,8.425,9.436388888888889,89.0,10.5,163.0,0.6166666666666667,1.6166666666666667,6.191666666666666,49.0,58.625,57.0,13.125,0.0,9231.0,0.02,0.04,86.0,85.0,84.0
2024-07-27,23.775,31.775,7.216666666666667,8.0,90.0,11.0,183.0,0.9666666666666668,1.1916666666666669,5.058333333333334,51.0,59.375,47.0,13.375,0.0,18852.0,0.11,0.1,81.0,85.0,80.0
2024-07-28,23.38361111111111,31.11694444444444,6.608333333333333,7.733333333333333,85.0,46.0,195.0,0.9,1.0833333333333333,4.625,52.0,57.875,49.0,12.625,0.0,19811.0,0.04,0.18,69.0,77.0,79.0
2024-07-29,24.384166666666665,31.10083333333333,5.758333333333334,6.716666666666667,86.0,30.5,160.0,0.7083333333333334,1.1583333333333334,3.8916666666666666,54.0,59.625,36.0,12.875,0.0,12918.0,-0.07,0.04,64.0,68.0,61.0
2024-07-30,24.275,31.175,6.425,6.9,93.0,3.5,180.0,0.7583333333333333,0.95,4.716666666666667,51.0,58.5,58.0,12.25,0.0,26257.0,0.12,0.13,72.0,79.0,82.0
2024-07-31,18.991666666666667,23.741666666666667,4.058333333333334,4.75,85.0,28.0,113.0,0.7416666666666667,0.6583333333333333,2.658333333333333,54.0,59.875,52.0,12.625,0.0,12472.0,-0.07,0.0,52.0,60.0,88.0
2024-08-01,21.1925,30.460277777777776,8.758333333333333,9.267777777777775,95.0,7.0,141.0,1.625,2.475,4.658333333333333,50.0,61.0,43.0,13.0,0.0,14075.0,-0.12,-0.01,95.0,81.0,85.0
2024-08-02,21.991111111111117,29.74111111111111,6.666666666666667,7.75,86.0,20.5,118.0,0.9583333333333334,1.2333333333333334,4.475,53.0,61.125,43.0,13.5,0.0,16598.0,0.51,0.28,80.0,67.0,88.0
2024-08-03,24.491666666666667,30.85833333333333,5.666666666666667,6.366666666666666,89.0,12.5,227.0,0.55,0.8416666666666667,4.275,52.0,58.375,42.0,13.25,0.125,15613.0,0.05,0.0,65.0,71.0,64.0
2024-08-04,22.50888888888889,30.903055555555557,6.741666666666666,8.394166666666667,80.0,24.0,117.0,0.6333333333333333,0.7083333333333334,5.4,56.0,62.625,36.0,13.0,0.0,11000.0,0.1,0.13,71.0,70.0,75.0
2024-08-05,22.77583333333333,31.198055555555555,7.158333333333333,8.422222222222222,85.0,18.0,231.0,0.45,1.0,5.708333333333333,53.0,67.375,41.0,14.0,0.0,15765.0,0.18,0.33,75.0,71.0,74.0
2024-08-06,22.775,31.12222222222222,7.408333333333333,8.347222222222221,89.0,23.0,253.0,0.8,1.4,5.208333333333333,54.0,60.625,39.0,13.375,0.0,5126.0,-0.25,-0.01,81.0,78.0,74.0
2024-08-07,22.808333333333334,31.09166666666667,7.225,8.283333333333333,87.0,6.5,244.0,0.7416666666666667,1.55,4.933333333333334,49.0,61.5,52.0,13.75,0.0,7998.0,-0.3,0.0,81.0,82.0,80.0
2024-08-08,23.325277777777774,30.59555555555556,6.55,7.270277777777777,90.0,15.5,121.0,0.9,1.2916666666666667,4.358333333333333,49.0,56.25,57.0,12.5,0.0,6313.0,0.0,0.06,82.0,82.0,90.0
2024-08-09,23.675833333333333,31.157777777777778,6.675,7.481944444444444,89.0,23.0,221.0,0.8083333333333333,1.3083333333333331,4.558333333333334,46.0,57.5,61.0,12.875,0.0,6902.0,-0.48,-0.31,77.0,87.0,79.0
2024-08-10,23.625,31.508333333333333,7.191666666666666,7.883333333333334,91.0,6.5,206.0,1.075,1.3083333333333331,4.808333333333334,53.0,60.875,37.0,13.125,0.0,11123.0,-0.04,-0.1,80.0,84.0,71.0
2024-08-11,23.20861111111111,31.975277777777777,7.5,8.766666666666667,86.0,5.0,265.0,0.4916666666666666,1.7416666666666667,5.266666666666667,51.0,58.625,48.0,12.5,0.0,11426.0,0.19,0.01,79.0,87.0,79.0
2024-08-12,22.4925,31.759166666666665,7.975,9.266666666666667,86.0,46.0,292.0,1.1,1.0916666666666666,5.783333333333333,51.0,58.0,52.0,13.0,0.0,10938.0,0.01,-0.15,79.0,90.0,83.0
2024-08-13,23.72472222222222,32.058055555555555,7.35,8.333333333333334,88.0,21.5,243.0,0.8416666666666667,1.075,5.433333333333334,53.0,59.25,40.0,12.75,0.0,15792.0,0.04,0.07,78.0,87.0,78.0
2024-08-14,23.441666666666663,32.45833333333333,6.683333333333334,9.016666666666667,74.0,64.5,184.0,0.7916666666666666,0.8833333333333333,5.008333333333334,50.0,55.875,48.0,12.25,0.0,11251.0,-0.15,0.04,62.0,84.0,73.0
2024-08-15,23.042222222222225,32.12555555555556,8.4,9.083333333333334,92.0,12.5,165.0,1.1166666666666667,1.6416666666666666,5.641666666666667,51.0,58.125,46.0,12.875,0.0,13098.0,-0.18,-0.02,92.0,90.0,90.0
2024-08-16,23.409444444444443,31.50805555555556,7.45,8.098611111111111,92.0,16.0,259.0,0.425,0.7416666666666667,6.283333333333333,51.0,59.375,56.0,12.875,0.0,15054.0,0.05,0.03,76.0,87.0,74.0
2024-08-17,24.241666666666667,31.641666666666666,5.983333333333333,7.4,81.0,51.5,128.0,0.6166666666666667,1.0166666666666666,4.35,54.0,60.875,43.0,13.125,0.0,12156.0,0.31,0.06,62.0,78.0,90.0
2024-08-18,22.691944444444445,31.541944444444443,8.058333333333334,8.85,91.0,19.0,319.0,0.6833333333333333,1.275,6.1,48.0,57.625,47.0,12.875,0.0,15502.0,0.05,0.0,85.0,93.0,73.0
2024-08-19,24.82555555555556,32.30888888888889,5.758333333333334,7.483333333333333,77.0,5.0,261.0,1.2666666666666666,0.9583333333333334,3.533333333333333,52.0,61.0,43.0,13.125,0.0,9040.0,-0.07,0.08,65.0,81.0,52.0
2024-08-20,26.40888888888889,32.44222222222222,5.475,6.033333333333333,91.0,11.0,127.0,0.6333333333333333,1.1583333333333334,3.683333333333333,53.0,58.625,49.0,12.375,0.2583333333333333,7068.0,0.12,0.2,65.0,77.0,86.0
2024-08-21,22.409166666666664,31.99111111111111,8.891666666666667,9.581944444444444,93.0,2.5,230.0,1.3666666666666667,2.0166666666666666,5.508333333333334,50.0,58.25,41.0,12.875,0.0,8921.0,0.28,0.15,93.0,92.0,89.0
2024-08-22,23.091666666666665,31.991666666666667,7.9,8.9,89.0,6.5,218.0,0.8666666666666667,0.9833333333333332,6.05,51.0,64.125,37.0,14.0,0.0,10725.0,0.09,0.06,83.0,82.0,90.0
2024-08-23,24.925555555555555,31.175555555555555,5.675,6.25,91.0,17.5,144.0,0.5083333333333333,0.8,4.366666666666666,52.0,59.5,38.0,12.875,0.0,9329.0,0.1,0.18,68.0,80.0,92.0
2024-08-24,22.27583333333333,32.21611111111111,8.916666666666666,9.940277777777778,90.0,8.5,177.0,1.2,1.7083333333333333,6.008333333333334,53.0,65.0,30.0,13.875,0.0,8318.0,-0.03,0.15,94.0,82.0,88.0
2024-08-25,22.79277777777778,31.786388888888887,7.758333333333334,8.993611111111111,86.0,2.5,257.0,0.575,1.5,5.683333333333334,55.0,65.5,30.0,13.5,0.0,10874.0,0.02,0.1,80.0,79.0,78.0
2024-08-26,25.10833333333333,29.691666666666663,4.083333333333333,4.583333333333333,89.0,16.0,199.0,0.3416666666666667,0.5583333333333333,3.183333333333333,51.0,60.875,50.0,12.75,0.0,10167.0,-0.07,0.04,56.0,72.0,72.0
2024-08-27,21.459166666666665,28.4925,6.116666666666666,7.033333333333333,87.0,35.5,149.0,0.2166666666666666,1.05,4.85,55.0,61.75,30.0,12.875,0.0,12744.0,0.2,0.1,66.0,67.0,85.0
2024-08-28,24.0925,30.80777777777778,5.541666666666667,6.715277777777778,83.0,22.0,146.0,1.0333333333333334,1.075,3.433333333333333,63.0,71.25,20.0,12.625,0.0,7087.0,0.38,0.18,71.0,53.0,79.0
2024-08-29,24.65833333333333,30.60833333333333,5.433333333333334,5.95,91.0,12.5,152.0,0.7,0.95,3.783333333333333,59.0,71.5,20.0,12.5,0.0,7254.0,0.4,0.2,69.0,57.0,87.0
2024-08-30,,,,,,,,,,,,,,,0.4583333333333333,3014.0,,,,,
2024-08-31,28.058055555555555,33.65805555555556,5.083333333333333,5.6,91.0,12.5,143.0,0.5333333333333333,1.0583333333333331,3.4916666666666667,64.0,72.75,17.0,12.75,0.0,5493.0,-0.04,0.26,58.0,48.0,77.0
2024-09-01,25.241666666666667,33.025,7.1,7.783333333333333,91.0,9.0,256.0,0.6666666666666666,1.3166666666666669,5.116666666666666,56.0,62.5,37.0,12.25,0.0,12287.0,-0.32,0.1,72.0,65.0,68.0
2024-09-02,24.49222222222222,32.6075,7.258333333333334,8.115277777777777,89.0,18.0,249.0,1.5166666666666666,1.7083333333333333,4.033333333333333,57.0,61.5,36.0,12.75,0.0666666666666666,15081.0,-0.16,-0.04,84.0,66.0,82.0
2024-09-03,23.091388888888886,31.57472222222222,7.058333333333334,8.483333333333333,83.0,32.0,240.0,1.4166666666666667,1.175,4.466666666666667,54.0,59.25,45.0,12.875,0.0,15906.0,-0.05,-0.05,78.0,68.0,84.0
2024-09-04,22.841666666666665,31.575,7.575,8.733333333333333,87.0,24.0,226.0,0.7666666666666667,1.4083333333333334,5.4,53.0,60.5,30.0,12.625,0.0,13613.0,0.11,-0.07,82.0,67.0,80.0
2024-09-05,22.775277777777777,31.061666666666667,6.95,8.286388888888888,84.0,33.0,245.0,0.9416666666666668,0.8666666666666667,5.141666666666667,53.0,58.75,34.0,12.625,0.0,9500.0,-0.05,-0.05,73.0,69.0,69.0
2024-09-06,22.85777777777778,31.29111111111111,7.208333333333333,8.433333333333334,85.0,21.5,173.0,0.725,1.0,5.483333333333333,50.0,57.125,49.0,12.375,0.0,24917.0,-0.36,-0.09,77.0,80.0,80.0
2024-09-07,24.441666666666663,31.941666666666663,6.7,7.5,89.0,5.0,173.0,0.325,1.1833333333333331,5.191666666666666,51.0,59.875,41.0,12.5,0.0,31410.0,0.0,0.07,70.0,66.0,80.0
2024-09-08,21.291944444444447,32.13138888888889,9.575,10.839444444444444,88.0,32.0,270.0,1.35,1.5,6.725,48.0,59.125,35.0,13.125,0.0,32896.0,0.18,0.01,89.0,80.0,79.0
2024-09-09,23.709166666666665,30.124444444444443,4.766666666666667,6.415277777777778,74.0,47.0,166.0,0.7583333333333333,0.7,3.308333333333333,50.0,57.0,43.0,13.0,0.0,10975.0,-0.3,-0.22,54.0,65.0,74.0
2024-09-10,23.716666666666665,31.516666666666666,6.816666666666666,7.8,87.0,6.5,196.0,0.9166666666666666,0.9416666666666668,4.958333333333333,48.0,56.625,50.0,13.375,0.0,19621.0,-0.08,0.04,76.0,82.0,81.0
2024-09-11,23.566666666666663,31.383333333333333,6.383333333333334,7.816666666666666,82.0,22.5,209.0,0.6916666666666667,1.2416666666666667,4.45,57.0,67.0,24.0,12.5,0.0,14768.0,0.29,0.16,70.0,59.0,66.0
2024-09-12,23.3,31.516666666666666,7.033333333333333,8.216666666666667,86.0,13.0,161.0,1.025,1.05,4.958333333333333,55.0,69.375,22.0,13.125,0.0,15686.0,0.24,0.0,79.0,74.0,72.0
2024-09-13,24.25027777777778,31.40277777777778,6.6,7.1525,92.0,3.5,211.0,0.7666666666666667,0.7833333333333333,5.05,49.0,56.125,54.0,12.625,0.0,12956.0,-0.05,0.03,71.0,78.0,76.0
2024-09-14,23.58388888888889,32.24805555555555,7.975,8.664166666666667,92.0,10.0,148.0,1.4166666666666667,1.7,4.858333333333333,52.0,57.375,40.0,13.25,0.0,20271.0,0.05,0.21,89.0,76.0,76.0
2024-09-15,23.33333333333333,31.933333333333334,7.391666666666667,8.6,86.0,8.0,218.0,1.25,1.7916666666666667,4.35,50.0,60.25,53.0,13.375,0.0,20610.0,-0.06,0.09,87.0,84.0,80.0
2024-09-16,22.883333333333333,31.45,7.233333333333333,8.566666666666666,84.0,13.5,216.0,1.0,0.8,5.433333333333334,48.0,56.5,56.0,12.5,0.0,10124.0,-0.11,-0.02,81.0,87.0,86.0
2024-09-17,24.20055555555556,31.517222222222223,5.991666666666666,7.316666666666666,82.0,41.0,140.0,1.1166666666666667,1.025,3.85,47.0,54.0,51.0,12.75,0.0,15344.0,-0.26,-0.05,67.0,78.0,81.0
2024-09-18,24.516666666666666,31.564166666666665,5.916666666666667,7.0475,84.0,29.5,114.0,0.8166666666666667,1.2,3.9,55.0,63.625,31.0,12.875,0.0,1434.0,0.13,0.04,67.0,73.0,74.0
2024-09-19,22.83361111111111,29.716944444444444,5.975,6.883333333333334,87.0,4.5,154.0,1.0583333333333331,1.05,3.8666666666666663,49.0,56.0,42.0,12.25,0.0,10656.0,-0.26,-0.16,75.0,83.0,84.0
2024-09-20,23.68277777777778,31.281944444444445,7.15,7.599166666666667,94.0,8.5,130.0,0.9833333333333332,1.625,4.541666666666667,52.0,58.25,40.0,12.375,0.0,18348.0,-0.04,-0.06,84.0,81.0,81.0
2024-09-21,25.73333333333333,32.11666666666667,5.475,6.383333333333334,86.0,24.0,105.0,0.95,0.5083333333333333,4.016666666666667,52.0,61.375,47.0,13.0,0.0,23013.0,-0.11,-0.01,60.0,72.0,70.0
2024-09-22,23.516666666666666,30.683333333333334,6.0,7.166666666666667,84.0,2.5,219.0,0.925,0.9,4.175,48.0,56.125,47.0,12.625,0.0,19513.0,-0.05,-0.09,70.0,81.0,72.0
2024-09-23,23.58388888888889,31.28388888888889,7.0,7.7,91.0,19.0,209.0,0.8,1.4833333333333334,4.716666666666667,50.0,55.625,52.0,12.75,0.0,8451.0,-0.11,-0.04,82.0,88.0,85.0
2024-09-24,24.099444444444444,31.24277777777778,6.433333333333334,7.1433333333333335,90.0,3.5,173.0,1.0583333333333331,1.0833333333333333,4.291666666666667,49.0,54.75,50.0,12.75,0.0,8648.0,-0.2,-0.1,76.0,85.0,85.0
2024-09-25,21.9,31.034166666666668,8.125,9.134166666666667,89.0,18.5,308.0,0.5333333333333333,0.8833333333333333,6.708333333333333,47.0,55.375,60.0,12.125,0.0,7630.0,-0.17,-0.08,80.0,87.0,64.0
2024-09-26,23.75027777777778,31.05027777777778,6.533333333333333,7.3,89.0,23.0,139.0,1.3166666666666669,1.2,4.016666666666667,48.0,55.75,46.0,12.5,0.0,9645.0,0.06,-0.03,80.0,81.0,85.0
2024-09-27,26.266944444444444,31.61694444444445,4.716666666666667,5.35,88.0,9.5,95.0,0.8583333333333333,0.8416666666666667,3.0166666666666666,54.0,60.25,48.0,12.125,0.0,4415.0,-0.04,-0.1,60.0,69.0,76.0
2024-09-28,23.500555555555557,32.81722222222222,8.475,9.316666666666666,91.0,4.5,150.0,1.5583333333333331,1.3583333333333334,5.558333333333334,52.0,57.375,39.0,12.625,0.0,12487.0,-0.19,-0.1,87.0,90.0,79.0
2024-09-29,24.066111111111116,31.376944444444444,6.825,7.310833333333333,93.0,9.0,128.0,1.0083333333333333,1.15,4.666666666666667,60.0,68.125,21.0,12.75,0.0,22535.0,-0.15,-0.02,77.0,72.0,74.0
2024-09-30,23.0,31.28333333333333,6.683333333333334,8.283333333333333,81.0,49.0,103.0,0.925,1.9083333333333332,3.85,50.0,56.25,44.0,12.625,0.0,10936.0,0.13,0.01,74.0,81.0,88.0
2024-10-01,23.83333333333333,31.6,7.058333333333334,7.766666666666667,91.0,5.0,185.0,0.9083333333333332,1.4833333333333334,4.666666666666667,50.0,55.25,48.0,12.25,0.0,14986.0,-0.34,-0.21,81.0,87.0,83.0
2024-10-02,23.650277777777777,31.33361111111111,6.983333333333333,7.683333333333334,91.0,3.0,138.0,1.2166666666666666,1.2833333333333334,4.483333333333333,52.0,60.625,36.0,12.0,0.0,14415.0,0.2,0.06,82.0,77.0,84.0
2024-10-03,23.86722222222222,31.55777777777778,7.208333333333333,7.690555555555555,94.0,7.0,179.0,1.275,1.6916666666666669,4.241666666666666,50.0,55.25,44.0,12.0,0.0,10041.0,-0.12,-0.03,85.0,89.0,80.0
2024-10-04,22.824444444444445,31.24055555555556,6.975,8.41611111111111,83.0,51.5,204.0,0.9583333333333334,1.175,4.841666666666667,50.0,55.875,43.0,11.75,0.0,6841.0,-0.14,-0.12,73.0,85.0,80.0
2024-10-05,23.258333333333333,31.17833333333333,6.908333333333333,7.92,87.0,14.5,205.0,1.175,1.3666666666666667,4.366666666666666,55.0,61.125,27.0,12.125,0.0,20654.0,-0.16,0.02,85.0,83.0,85.0
2024-10-06,23.141666666666666,31.819444444444443,7.9,8.677777777777777,91.0,4.0,234.0,0.7333333333333333,1.1083333333333334,6.058333333333334,52.0,59.875,36.0,12.125,0.0,11333.0,-0.25,-0.14,81.0,85.0,80.0
2024-10-07,21.983611111111117,29.766944444444444,6.116666666666666,7.783333333333333,79.0,58.5,142.0,0.3416666666666667,1.075,4.7,60.0,70.875,20.0,12.25,0.0,11047.0,0.28,0.04,60.0,64.0,67.0
2024-10-08,22.184166666666663,29.4675,6.058333333333334,7.283333333333333,83.0,11.5,125.0,1.15,0.7416666666666667,4.166666666666667,57.0,69.0,28.0,12.75,0.0,7711.0,0.25,0.01,75.0,66.0,82.0
2024-10-09,23.28305555555556,31.208333333333336,7.283333333333333,7.925277777777778,92.0,4.5,163.0,0.7166666666666667,1.6583333333333334,4.908333333333333,59.0,67.375,26.0,11.875,0.0,11221.0,0.01,0.0,81.0,66.0,76.0
2024-10-10,24.916666666666668,30.1,4.558333333333334,5.183333333333334,88.0,4.5,121.0,0.35,0.55,3.658333333333333,60.0,71.125,22.0,11.5,0.0,10324.0,-0.02,0.18,55.0,46.0,72.0
2024-10-11,,,,,,,,,,,,,,,,6518.0,,,,,
2024-10-12,23.01722222222222,32.00055555555556,7.466666666666667,8.983333333333333,83.0,4.0,188.0,0.8833333333333333,1.0666666666666669,5.516666666666667,52.0,61.5,36.0,12.875,0.7083333333333334,5245.0,0.08,0.05,84.0,77.0,77.0
2024-10-13,23.24944444444445,31.639444444444443,7.358333333333333,8.39,88.0,5.0,254.0,1.15,0.825,5.383333333333334,51.0,60.0,39.0,12.5,0.0,24618.0,0.04,0.02,78.0,68.0,73.0
2024-10-14,22.53305555555556,31.119444444444444,7.866666666666666,8.586388888888889,92.0,10.5,143.0,1.2,1.6416666666666666,5.025,50.0,55.875,48.0,12.625,0.0,12737.0,-0.05,0.03,92.0,84.0,86.0
2024-10-15,23.85,31.55583333333333,6.783333333333333,7.705833333333333,88.0,7.0,255.0,1.3166666666666669,1.2583333333333333,4.208333333333333,47.0,56.875,50.0,12.75,0.1083333333333333,10441.0,-0.07,0.03,79.0,81.0,73.0
2024-10-16,23.650277777777777,31.38361111111111,6.866666666666666,7.733333333333333,89.0,22.5,191.0,1.1,1.3333333333333333,4.433333333333334,49.0,56.375,43.0,12.75,0.0,13303.0,-0.04,0.01,82.0,78.0,90.0
2024-10-17,23.66722222222222,31.20055555555556,6.675,7.533333333333333,89.0,29.0,168.0,1.2333333333333334,1.4083333333333334,4.033333333333333,56.0,66.625,25.0,12.75,0.0,8585.0,0.3,0.1,81.0,66.0,93.0
2024-10-18,23.87555555555556,31.28361111111111,6.791666666666667,7.408055555555555,92.0,4.5,156.0,1.0333333333333334,1.375,4.383333333333334,50.0,56.125,48.0,12.625,0.0,10686.0,-0.14,-0.05,79.0,89.0,79.0
2024-10-19,24.84138888888889,33.02472222222222,6.591666666666667,8.183333333333334,81.0,5.0,170.0,0.825,1.3166666666666669,4.45,52.0,64.25,31.0,12.875,0.0,21127.0,0.24,0.16,66.0,75.0,44.0
2024-10-20,23.041666666666668,32.195277777777775,8.4,9.153611111111111,92.0,4.5,176.0,1.0583333333333331,1.3666666666666667,5.975,51.0,58.375,49.0,12.0,0.0,16013.0,0.14,0.17,86.0,87.0,76.0
2024-10-21,23.49194444444445,31.50472222222222,6.9,8.012777777777778,86.0,23.0,302.0,1.025,1.1,4.775,50.0,56.75,49.0,12.25,0.0,8716.0,-0.2,-0.05,76.0,83.0,68.0
2024-10-22,25.692222222222224,31.45888888888889,5.075,5.766666666666667,88.0,11.5,210.0,0.475,1.0416666666666667,3.558333333333333,46.0,53.75,54.0,12.25,0.0,20298.0,-0.2,0.07,62.0,75.0,77.0
2024-10-23,23.27555555555556,31.419722222222223,6.8,8.144166666666667,83.0,11.5,244.0,0.7833333333333333,1.1083333333333334,4.908333333333333,53.0,63.75,33.0,12.875,0.0,15947.0,-0.03,0.03,76.0,74.0,81.0
2024-10-24,23.700555555555557,31.234166666666667,6.591666666666667,7.533611111111111,87.0,27.5,231.0,0.6583333333333333,1.2416666666666667,4.691666666666666,52.0,62.5,34.0,12.5,0.0,17285.0,0.05,-0.07,73.0,81.0,82.0
2024-10-25,23.99944444444445,35.909444444444446,7.908333333333333,11.91,66.0,17.0,174.0,0.675,1.0833333333333333,6.15,60.0,69.75,25.0,15.125,0.45,9764.0,1.29,0.45,72.0,47.0,65.0
2024-10-26,24.849722222222223,28.78305555555556,3.183333333333333,3.933333333333333,81.0,35.5,92.0,0.1666666666666666,0.4666666666666667,2.55,52.0,57.25,46.0,13.375,0.0,11890.0,0.01,0.03,45.0,65.0,76.0
2024-10-27,22.383333333333333,31.95,9.341666666666669,10.566666666666666,88.0,12.5,203.0,1.4166666666666667,2.4916666666666667,5.433333333333334,52.0,60.5,37.0,13.0,0.0,19651.0,0.33,0.44,93.0,81.0,82.0
2024-10-28,23.733611111111117,31.850277777777777,7.15,8.116666666666667,88.0,7.5,207.0,0.6333333333333333,1.25,5.266666666666667,49.0,58.625,41.0,13.375,0.0,17079.0,-0.14,0.05,77.0,83.0,82.0
2024-10-29,23.733888888888888,31.467222222222222,5.85,7.733333333333333,76.0,17.5,183.0,1.0583333333333331,0.8416666666666667,3.95,51.0,59.75,39.0,13.5,0.0,15007.0,0.2,0.18,71.0,81.0,78.0
2024-10-30,23.16583333333333,32.51583333333333,8.016666666666667,9.35,86.0,28.0,156.0,0.9583333333333334,1.5166666666666666,5.541666666666667,53.0,61.5,36.0,13.0,0.0,15497.0,0.27,0.24,85.0,79.0,89.0
2024-10-31,22.566111111111116,30.490277777777777,7.091666666666667,7.924166666666666,89.0,18.5,252.0,1.0666666666666669,1.35,4.675,48.0,55.75,48.0,12.625,0.0,14377.0,0.01,0.03,83.0,88.0,75.0
2024-11-01,23.108611111111117,30.855555555555554,7.116666666666666,7.746944444444445,92.0,20.5,211.0,1.025,1.225,4.866666666666666,48.0,53.375,52.0,12.625,0.0,19721.0,-0.39,0.02,84.0,87.0,89.0
2024-11-02,24.391944444444444,32.37527777777778,7.25,7.983333333333333,91.0,5.0,146.0,0.8333333333333334,1.2833333333333334,5.133333333333334,54.0,59.875,36.0,12.625,0.0,7594.0,-0.09,0.11,77.0,79.0,81.0
2024-11-03,20.75861111111111,30.066944444444445,8.341666666666667,9.308333333333334,90.0,6.5,273.0,1.2166666666666666,1.275,5.85,48.0,57.875,43.0,12.5,0.0,11933.0,0.14,0.01,89.0,86.0,79.0
2024-11-04,23.58277777777778,31.26361111111111,6.65,7.680833333333333,87.0,7.5,196.0,0.9083333333333332,1.6916666666666669,4.05,47.0,54.875,54.0,12.25,0.0,9442.0,-0.25,-0.23,80.0,89.0,81.0
2024-11-05,23.266666666666666,30.883333333333333,6.758333333333334,7.616666666666666,89.0,19.0,135.0,1.1166666666666667,1.2416666666666667,4.4,49.0,55.875,45.0,12.75,0.0,11898.0,-0.12,-0.01,83.0,88.0,87.0
2024-11-06,22.79138888888889,30.52833333333333,6.875,7.736944444444444,89.0,16.5,171.0,1.575,1.2083333333333333,4.091666666666667,48.0,55.5,53.0,13.0,0.0,12069.0,0.02,0.04,87.0,86.0,96.0
2024-11-07,24.308055555555555,31.308055555555555,6.308333333333334,7.0,90.0,11.0,227.0,0.9083333333333332,1.1083333333333334,4.291666666666667,50.0,61.125,45.0,13.375,0.0,19271.0,-0.2,-0.17,77.0,81.0,91.0
2024-11-08,23.90861111111111,31.45861111111111,6.925,7.55,92.0,5.5,87.0,1.2666666666666666,1.05,4.608333333333333,51.0,57.625,46.0,12.625,0.0,8953.0,-0.17,-0.07,81.0,84.0,87.0
2024-11-09,24.308888888888887,32.52555555555556,7.25,8.216666666666667,88.0,5.0,91.0,1.575,1.1333333333333333,4.541666666666667,47.0,53.5,51.0,12.25,0.0,24512.0,0.03,0.01,80.0,86.0,82.0
2024-11-10,25.824444444444445,32.10777777777778,5.75,6.283333333333333,92.0,23.0,164.0,1.1916666666666669,1.45,3.1083333333333334,46.0,53.125,59.0,12.75,0.0,21966.0,-0.22,-0.16,71.0,75.0,75.0
2024-11-11,23.907777777777778,31.535,6.908333333333333,7.627222222222223,91.0,18.5,197.0,1.4916666666666667,1.1583333333333334,4.258333333333334,48.0,52.75,58.0,12.125,0.0,12256.0,-0.15,-0.08,83.0,91.0,86.0
2024-11-12,23.199166666666667,31.13111111111111,7.075,7.9319444444444445,89.0,36.0,228.0,0.875,1.5333333333333334,4.666666666666667,46.0,54.75,63.0,13.125,0.0,16483.0,-0.12,-0.03,79.0,78.0,87.0
2024-11-13,24.299722222222226,31.02166666666667,6.025,6.7219444444444445,90.0,16.0,203.0,1.075,0.525,4.425,50.0,60.75,42.0,13.625,0.0,8341.0,0.27,0.02,72.0,71.0,74.0
2024-11-14,22.749722222222225,31.44972222222222,7.625,8.7,88.0,13.0,114.0,1.1416666666666666,1.8583333333333332,4.625,52.0,61.125,34.0,12.875,0.0,20110.0,0.26,0.05,91.0,83.0,89.0
2024-11-15,25.24944444444445,31.482777777777777,5.475,6.233333333333333,88.0,9.0,70.0,1.5666666666666669,0.8166666666666667,3.091666666666667,55.0,63.25,27.0,13.625,0.1583333333333333,18490.0,0.22,0.13,71.0,72.0,92.0
2024-11-16,22.87444444444445,31.73611111111111,8.075,8.861666666666666,91.0,4.5,238.0,0.7666666666666667,1.6666666666666667,5.641666666666667,47.0,51.625,58.0,12.5,0.0,21047.0,-0.17,0.14,87.0,93.0,81.0
2024-11-17,22.591388888888886,32.6525,8.225,10.061111111111112,82.0,25.5,181.0,1.4666666666666666,1.5833333333333333,5.175,57.0,69.75,22.0,13.75,0.0,12669.0,0.53,0.4,85.0,58.0,71.0
2024-11-18,21.841944444444444,31.36472222222222,8.216666666666667,9.522777777777778,86.0,29.0,208.0,1.0916666666666666,1.7583333333333333,5.366666666666666,47.0,53.0,49.0,13.0,0.0,12423.0,0.01,0.1,90.0,91.0,91.0
2024-11-19,22.40888888888889,31.321666666666665,8.008333333333333,8.912777777777778,90.0,5.0,211.0,1.1916666666666669,1.1416666666666666,5.675,49.0,55.75,50.0,13.375,0.0,18393.0,-0.09,0.05,88.0,87.0,85.0
2024-11-20,24.057777777777776,31.49111111111111,6.45,7.433333333333334,87.0,4.0,228.0,0.925,1.25,4.275,49.0,60.0,40.0,13.625,0.0,15278.0,-0.04,0.24,74.0,74.0,74.0
2024-11-21,23.43305555555556,31.38805555555556,6.441666666666666,7.955,81.0,13.0,136.0,0.7416666666666667,0.5166666666666667,5.183333333333334,52.0,57.5,38.0,12.875,0.0,11941.0,0.2,0.11,74.0,75.0,92.0
2024-11-22,24.399722222222223,31.44972222222222,6.091666666666667,7.05,86.0,7.0,183.0,0.9,1.2916666666666667,3.9,56.0,69.125,22.0,12.75,0.0,10698.0,0.34,0.13,73.0,74.0,80.0
2024-11-23,23.95,32.31666666666666,6.875,8.366666666666667,82.0,5.0,184.0,1.0666666666666669,1.4166666666666667,4.391666666666667,48.0,55.625,43.0,13.375,0.0,14224.0,-0.03,0.06,79.0,84.0,86.0
2024-11-24,22.00027777777778,31.1275,6.758333333333334,9.127222222222224,74.0,73.5,146.0,0.7833333333333333,1.35,4.625,54.0,62.75,29.0,13.75,0.0,15122.0,0.2,0.27,63.0,63.0,52.0
2024-11-25,22.90888888888889,31.104444444444443,7.5,8.195555555555556,92.0,6.0,200.0,0.775,1.3166666666666669,5.408333333333333,49.0,53.75,52.0,13.25,0.0,11636.0,-0.22,0.09,84.0,88.0,87.0
2024-11-26,23.96638888888889,30.86805555555556,6.25,6.901666666666666,91.0,16.5,167.0,0.8583333333333333,0.8333333333333334,4.558333333333334,50.0,58.375,41.0,13.0,0.0,15175.0,-0.12,0.02,74.0,77.0,77.0
2024-11-27,23.391666666666666,31.49305555555556,6.883333333333334,8.10138888888889,85.0,4.5,196.0,0.8833333333333333,1.0333333333333334,4.966666666666667,48.0,54.625,50.0,12.625,0.0,20271.0,-0.11,0.04,76.0,79.0,79.0
2024-11-28,23.508333333333333,31.177222222222223,6.991666666666666,7.668888888888889,91.0,10.0,253.0,0.85,0.6583333333333333,5.483333333333333,52.0,58.25,43.0,13.0,0.0,13926.0,0.09,-0.03,75.0,75.0,67.0
2024-11-29,23.625,31.52,6.758333333333334,7.895,86.0,10.5,183.0,0.8833333333333333,1.5083333333333333,4.366666666666666,46.0,52.75,65.0,12.875,0.0,,0.05,0.0,80.0,82.0,79.0
2024-11-30,24.325,31.81972222222222,6.833333333333333,7.494722222222222,91.0,3.0,221.0,0.6,1.55,4.683333333333334,56.0,65.0,27.0,13.125,0.0,17383.0,0.22,0.11,74.0,71.0,76.0
2024-12-01,22.65888888888889,31.592222222222222,7.058333333333334,8.933333333333334,79.0,36.5,135.0,0.2666666666666666,1.0333333333333334,5.758333333333334,55.0,69.25,23.0,13.0,0.0,23357.0,0.67,0.36,66.0,57.0,73.0
2024-12-02,22.10777777777778,30.95777777777778,7.583333333333333,8.85,86.0,46.0,320.0,0.975,1.3166666666666669,5.291666666666667,47.0,54.25,59.0,12.625,0.0,11974.0,0.13,0.17,79.0,87.0,81.0
2024-12-03,25.349444444444444,31.49305555555556,5.441666666666666,6.143611111111111,89.0,16.5,111.0,0.7083333333333334,1.225,3.5083333333333333,50.0,54.125,45.0,12.875,0.0,13795.0,-0.15,0.21,70.0,70.0,92.0
2024-12-04,22.933333333333334,31.34138888888889,7.383333333333334,8.408055555555556,88.0,27.0,185.0,1.475,1.1916666666666669,4.716666666666667,46.0,53.25,61.0,12.375,0.0,11347.0,0.11,0.39,85.0,83.0,97.0
2024-12-05,23.741666666666667,30.84166666666667,6.25,7.1,88.0,3.5,109.0,0.8083333333333333,1.2666666666666666,4.175,53.0,63.625,28.0,13.625,0.0,13206.0,0.08,0.11,74.0,67.0,82.0
2024-12-06,25.175555555555555,31.4575,5.6,6.281944444444444,89.0,15.5,101.0,0.8083333333333333,0.95,3.841666666666667,55.0,61.25,35.0,12.625,0.0,6506.0,0.28,0.13,71.0,71.0,97.0
2024-12-07,24.174444444444443,32.13138888888889,7.091666666666667,7.956944444444445,89.0,32.5,146.0,0.8583333333333333,1.35,4.883333333333334,52.0,57.625,37.0,13.25,0.0,19406.0,0.19,0.2,75.0,83.0,81.0
2024-12-08,23.86638888888889,31.22861111111111,6.566666666666666,7.362222222222222,89.0,23.5,138.0,0.8833333333333333,1.0583333333333331,4.625,53.0,57.625,41.0,12.75,0.0,13226.0,0.11,0.19,75.0,74.0,79.0
2024-12-09,23.35,31.166666666666668,6.55,7.816666666666666,84.0,21.0,187.0,0.9333333333333332,0.75,4.866666666666666,49.0,56.625,47.0,13.125,0.0,12059.0,-0.12,0.16,76.0,78.0,89.0
2024-12-10,23.950555555555557,31.529444444444444,6.525,7.578888888888889,86.0,6.5,167.0,0.7833333333333333,1.4333333333333331,4.308333333333334,49.0,55.75,53.0,13.125,0.0,11082.0,-0.15,0.09,74.0,83.0,70.0
2024-12-11,24.53305555555556,31.16638888888889,6.0,6.633333333333334,90.0,14.5,179.0,1.2,1.225,3.575,49.0,57.25,43.0,13.0,0.0,21155.0,0.17,0.15,80.0,80.0,95.0
2024-12-12,24.266944444444444,31.525,6.833333333333333,7.258055555555556,94.0,3.0,132.0,1.4583333333333333,1.3083333333333331,4.066666666666666,50.0,63.25,44.0,14.125,0.0,21444.0,0.14,0.04,81.0,79.0,90.0
2024-12-13,24.16638888888889,31.36638888888889,6.05,7.2,84.0,10.5,130.0,0.2666666666666666,0.9,4.883333333333334,62.0,71.5,25.0,13.5,0.0,5161.0,0.1,0.07,66.0,58.0,78.0
2024-12-14,23.258333333333333,30.65833333333333,6.325,7.4,85.0,28.5,120.0,1.0416666666666667,1.2583333333333333,4.025,46.0,54.25,58.0,13.25,0.0,13228.0,-0.16,0.1,78.0,88.0,93.0
2024-12-15,23.291944444444447,31.946666666666665,7.633333333333334,8.654722222222222,88.0,22.5,121.0,1.0083333333333333,1.6166666666666667,5.008333333333334,46.0,53.0,55.0,13.125,0.0166666666666666,14340.0,-0.21,0.05,86.0,84.0,88.0
2024-12-16,24.558611111111112,32.115,6.325,7.556388888888889,84.0,21.5,206.0,1.1833333333333331,1.2666666666666666,3.875,44.0,51.75,63.0,13.0,0.0,12022.0,-0.22,-0.01,73.0,84.0,66.0
2024-12-17,23.142222222222223,31.342222222222222,5.991666666666666,8.2,73.0,99.5,114.0,1.1333333333333333,1.575,3.283333333333333,52.0,56.5,42.0,13.5,0.0,22292.0,0.39,0.11,63.0,76.0,64.0
2024-12-18,24.54111111111111,31.179166666666667,5.875,6.638055555555556,89.0,17.0,159.0,0.7083333333333334,1.5666666666666669,3.6,49.0,57.5,51.0,12.75,0.0,9020.0,-0.27,-0.17,74.0,82.0,80.0
2024-12-19,20.70833333333333,29.325,7.358333333333333,8.616666666666667,85.0,14.0,188.0,0.7583333333333333,1.3166666666666669,5.283333333333333,51.0,59.25,36.0,12.25,0.0,11611.0,0.4,0.21,80.0,73.0,66.0
2024-12-20,20.799166666666668,29.44611111111111,6.583333333333333,8.646944444444445,76.0,16.0,176.0,1.2,1.2583333333333333,4.125,48.0,58.625,53.0,12.75,0.0,8053.0,-0.02,0.15,76.0,83.0,55.0
2024-12-21,26.066111111111116,32.24944444444444,5.0,6.183333333333334,81.0,5.0,37.0,1.0666666666666669,0.8,3.1333333333333333,60.0,75.875,19.0,11.5,0.0,7106.0,0.23,0.12,57.0,60.0,55.0
2024-12-22,21.650277777777777,31.48305555555556,9.041666666666666,9.832777777777778,92.0,3.0,169.0,1.575,2.2916666666666665,5.175,49.0,57.25,48.0,13.25,0.0,4756.0,0.31,0.34,93.0,93.0,79.0
2024-12-23,23.11638888888889,31.41638888888889,7.408333333333333,8.3,89.0,11.0,144.0,1.225,1.3083333333333331,4.875,51.0,57.625,39.0,13.25,0.0,10001.0,-0.02,0.1,86.0,85.0,79.0
2024-12-24,23.950277777777774,31.28361111111111,6.05,7.333333333333333,83.0,40.0,144.0,0.6083333333333333,0.8166666666666667,4.625,54.0,64.875,30.0,13.5,0.0,8408.0,0.14,0.28,62.0,67.0,78.0
2024-12-25,23.500555555555557,31.927777777777777,7.525,8.427222222222222,89.0,25.0,165.0,1.35,1.8333333333333333,4.341666666666667,53.0,60.125,35.0,13.875,0.0,7519.0,0.15,0.25,86.0,82.0,84.0
2024-12-26,23.624166666666667,32.488055555555555,7.458333333333333,8.863888888888889,84.0,41.5,211.0,1.325,1.3666666666666667,4.766666666666667,51.0,58.625,44.0,14.0,0.0,7285.0,-0.1,0.05,77.0,84.0,86.0
2024-12-27,23.458055555555557,32.76833333333333,8.016666666666667,9.310277777777776,86.0,14.5,158.0,1.0,1.5,5.516666666666667,56.0,66.125,25.0,14.0,0.0,5776.0,0.45,0.33,86.0,71.0,75.0
2024-12-28,23.341944444444444,31.67527777777778,7.05,8.333333333333334,85.0,17.5,198.0,0.9916666666666668,1.0583333333333331,5.0,56.0,63.25,33.0,13.5,0.0,9164.0,-0.08,0.08,80.0,78.0,82.0
2024-12-29,24.65861111111111,33.17527777777778,7.041666666666667,8.516666666666667,83.0,24.0,213.0,1.3083333333333331,1.5666666666666669,4.166666666666667,54.0,60.0,34.0,13.25,0.0,7485.0,0.01,0.13,79.0,80.0,88.0
2024-12-30,23.674722222222226,31.45805555555556,6.475,7.783333333333333,83.0,39.5,153.0,1.0333333333333334,0.85,4.591666666666667,49.0,57.625,55.0,13.625,0.0,13354.0,0.05,0.26,69.0,83.0,83.0
2024-12-31,23.35833333333333,31.60833333333333,7.341666666666667,8.25,89.0,6.5,203.0,1.0916666666666666,1.2333333333333334,5.016666666666667,49.0,59.0,48.0,13.5,0.8083333333333333,8399.0,0.18,0.11,87.0,85.0,82.0
2025-01-01,23.17555555555556,32.44222222222222,6.916666666666667,9.266666666666667,75.0,11.0,275.0,0.625,0.7666666666666667,5.525,49.0,58.75,53.0,13.375,0.0,7723.0,0.09,0.11,67.0,82.0,69.0
2025-01-02,23.2425,31.941111111111116,7.65,8.698611111111111,88.0,12.5,267.0,0.8833333333333333,1.475,5.291666666666667,50.0,58.0,52.0,13.0,0.1583333333333333,13724.0,0.14,0.18,84.0,90.0,78.0
2025-01-03,23.391388888888887,27.64138888888889,3.2416666666666667,4.25,76.0,45.0,128.0,0.3416666666666667,0.3333333333333333,2.566666666666667,52.0,58.5,55.0,13.375,0.4833333333333333,7976.0,-0.07,0.13,42.0,67.0,62.0
2025-01-04,,,,,,,,,,,,,,,,14067.0,,,,,
2025-01-05,26.059166666666663,33.42444444444445,6.358333333333333,7.365277777777778,86.0,11.5,151.0,0.9083333333333332,1.2333333333333334,4.216666666666667,49.0,57.5,52.0,13.375,0.0,8459.0,0.5,0.29,69.0,76.0,76.0
2025-01-06,23.441666666666663,31.84166666666667,7.066666666666666,8.4,84.0,44.0,289.0,0.1583333333333333,0.7666666666666667,6.141666666666667,48.0,56.5,56.0,12.875,0.4,15752.0,0.01,0.05,63.0,84.0,70.0
2025-01-07,23.50861111111111,31.49194444444444,6.65,7.983333333333333,83.0,20.5,233.0,1.4416666666666669,0.9333333333333332,4.275,49.0,58.25,55.0,13.375,0.0,15807.0,0.13,0.35,77.0,84.0,76.0
2025-01-08,23.4175,31.70138888888889,7.516666666666667,8.283888888888889,91.0,20.0,140.0,1.1,1.725,4.691666666666666,51.0,55.375,49.0,13.375,0.0,20659.0,0.12,0.31,87.0,87.0,79.0
2025-01-09,24.567222222222224,31.81722222222222,6.225,7.25,86.0,29.5,185.0,0.7416666666666667,1.0,4.483333333333333,58.0,63.625,31.0,12.125,0.0,15753.0,-0.12,0.04,65.0,66.0,68.0
2025-01-10,23.982777777777777,31.438333333333333,6.475,7.455555555555556,87.0,5.5,181.0,0.575,1.0083333333333333,4.891666666666667,59.0,66.625,30.0,13.25,0.0,22707.0,0.16,0.2,69.0,61.0,70.0
2025-01-11,24.291666666666668,32.375,7.466666666666667,8.083333333333334,92.0,7.5,171.0,0.9166666666666666,1.275,5.275,52.0,58.25,43.0,13.0,0.0,14694.0,-0.02,0.08,81.0,80.0,87.0
2025-01-12,22.70861111111111,33.85861111111111,8.758333333333333,11.15,79.0,32.0,222.0,1.0333333333333334,1.5166666666666666,6.208333333333333,48.0,58.0,50.0,13.125,0.0,22110.0,-0.14,0.0,77.0,88.0,48.0
2025-01-13,25.30777777777778,31.357777777777777,5.183333333333334,6.05,86.0,9.5,216.0,0.7916666666666666,0.7166666666666667,3.675,51.0,71.875,40.0,14.5,0.0,17772.0,-0.3,0.0,63.0,66.0,76.0
2025-01-14,24.82472222222222,31.474722222222223,6.041666666666667,6.65,91.0,11.0,170.0,1.0916666666666666,0.9833333333333332,3.966666666666667,50.0,58.0,42.0,13.0,0.0,15859.0,-0.1,-0.02,76.0,75.0,96.0
2025-01-15,25.299166666666668,31.43083333333333,5.366666666666666,6.131666666666667,88.0,8.5,207.0,0.7,0.8166666666666667,3.85,47.0,55.25,55.0,13.0,0.0,13800.0,-0.22,-0.13,62.0,74.0,67.0
2025-01-16,24.41638888888889,31.383055555555558,6.216666666666667,6.966666666666667,89.0,6.5,82.0,1.0,1.2416666666666667,3.975,51.0,57.625,43.0,13.375,0.0,14509.0,-0.09,-0.12,73.0,73.0,74.0
2025-01-17,23.8,31.566666666666663,6.941666666666666,7.766666666666667,89.0,5.5,175.0,0.9666666666666668,1.3583333333333334,4.616666666666666,51.0,56.625,44.0,13.125,0.0,7177.0,-0.01,-0.03,78.0,79.0,72.0
2025-01-18,23.62444444444445,31.782222222222224,7.516666666666667,8.157777777777778,92.0,16.0,135.0,1.2916666666666667,1.5416666666666667,4.683333333333334,46.0,54.25,53.0,13.125,0.0,14218.0,-0.25,-0.14,89.0,89.0,88.0
2025-01-19,24.89138888888889,31.808055555555555,6.391666666666667,6.916666666666667,92.0,3.0,143.0,1.1166666666666667,1.525,3.75,48.0,55.375,39.0,13.125,0.0,19142.0,0.0,0.01,78.0,84.0,89.0
2025-01-20,23.891666666666666,31.56888888888889,7.033333333333333,7.677222222222222,92.0,7.5,209.0,0.775,1.1416666666666666,5.116666666666666,48.0,58.875,46.0,13.625,0.0,14975.0,0.07,0.01,77.0,87.0,76.0
2025-01-21,23.63361111111111,30.83361111111111,5.95,7.2,83.0,11.0,127.0,1.0,0.375,4.575,50.0,58.125,42.0,13.0,0.0,19614.0,-0.19,-0.12,73.0,77.0,93.0
2025-01-22,25.549444444444443,31.482777777777777,5.458333333333333,5.933333333333334,92.0,3.5,61.0,0.8833333333333333,0.6416666666666667,3.933333333333333,55.0,73.25,24.0,14.0,0.0,17397.0,0.15,0.11,64.0,61.0,79.0
2025-01-23,23.33305555555556,31.315277777777776,7.158333333333333,7.982222222222222,90.0,9.5,176.0,0.9583333333333334,1.4583333333333333,4.741666666666666,52.0,57.5,40.0,13.0,0.0083333333333333,15237.0,0.15,0.09,82.0,83.0,77.0
2025-01-24,25.516944444444444,31.53361111111111,5.508333333333334,6.016666666666667,92.0,8.0,118.0,1.0583333333333331,1.3416666666666666,3.1083333333333334,49.0,58.25,37.0,12.875,0.0,14198.0,0.17,0.07,73.0,74.0,97.0
2025-01-25,24.34138888888889,31.674722222222226,5.408333333333333,7.333333333333333,74.0,5.0,86.0,0.9416666666666668,0.9916666666666668,3.475,51.0,57.5,49.0,12.25,0.0,23023.0,0.25,0.24,64.0,69.0,64.0
2025-01-26,24.375,31.808333333333334,6.541666666666667,7.433333333333334,88.0,11.0,111.0,0.6916666666666667,1.6083333333333334,4.241666666666666,51.0,58.125,37.0,12.875,0.0,19295.0,-0.09,0.1,78.0,76.0,94.0
2025-01-27,23.058611111111112,31.384722222222223,6.858333333333333,8.32611111111111,82.0,35.0,97.0,0.6083333333333333,1.4166666666666667,4.833333333333333,51.0,57.375,42.0,12.5,0.0083333333333333,14227.0,0.17,0.23,73.0,75.0,85.0
2025-01-28,23.16722222222222,31.530555555555555,7.541666666666667,8.363333333333333,90.0,2.5,214.0,1.1916666666666669,1.7083333333333333,4.641666666666667,50.0,55.375,45.0,12.375,0.0,11778.0,-0.1,0.09,86.0,84.0,78.0
2025-01-29,23.924722222222226,29.474722222222223,4.45,5.55,80.0,8.0,131.0,0.6083333333333333,0.425,3.4166666666666665,51.0,55.75,40.0,12.75,0.0,19812.0,-0.03,0.03,59.0,64.0,85.0
2025-01-30,23.278888888888886,31.29833333333333,7.075,8.019444444444444,88.0,26.5,147.0,1.1833333333333331,1.5833333333333333,4.308333333333334,47.0,57.25,42.0,12.75,0.0,13990.0,-0.24,0.0,82.0,84.0,78.0
2025-01-31,24.400277777777777,29.489166666666662,4.366666666666666,5.088888888888889,86.0,2.5,131.0,0.7583333333333333,0.7916666666666666,2.816666666666667,51.0,57.875,40.0,13.0,0.0,7273.0,0.14,0.04,60.0,64.0,75.0
2025-02-01,24.16777777777778,31.69972222222222,6.908333333333333,7.531944444444444,92.0,7.0,174.0,0.3833333333333333,1.05,5.475,50.0,63.375,35.0,13.25,0.0,15811.0,0.03,0.0,72.0,80.0,76.0
2025-02-02,23.48305555555556,32.26472222222222,7.925,8.781666666666666,90.0,3.5,156.0,1.2833333333333334,1.75,4.891666666666667,49.0,54.0,38.0,12.875,0.0,20847.0,0.07,0.0,88.0,86.0,82.0
2025-02-03,23.12333333333333,31.149722222222223,6.941666666666666,8.026388888888889,86.0,28.5,149.0,1.3916666666666666,1.4916666666666667,4.058333333333334,48.0,52.875,47.0,13.125,0.0,17267.0,0.15,0.17,82.0,85.0,85.0
2025-02-04,24.66722222222222,31.529444444444444,5.975,6.862222222222222,87.0,12.0,120.0,1.2166666666666666,1.025,3.733333333333333,54.0,59.0,37.0,13.0,0.75,16183.0,0.13,0.12,77.0,70.0,69.0
2025-02-05,22.96638888888889,31.383055555555558,7.125,8.416666666666666,85.0,35.5,240.0,0.5083333333333333,1.225,5.391666666666667,56.0,63.875,24.0,13.375,0.0,18516.0,0.03,0.1,72.0,66.0,80.0
2025-02-06,23.466666666666665,31.35,6.633333333333334,7.883333333333334,84.0,28.5,152.0,0.7666666666666667,0.9166666666666666,4.95,55.0,61.375,31.0,12.625,0.0,31483.0,0.15,0.18,71.0,66.0,75.0
2025-02-07,22.60083333333333,31.450833333333332,7.5,8.85,85.0,25.0,177.0,0.9583333333333334,1.75,4.791666666666667,49.0,54.875,42.0,14.125,0.0,20503.0,-0.05,0.08,84.0,82.0,83.0
2025-02-08,23.08277777777778,31.58277777777778,6.933333333333334,8.5,82.0,7.5,217.0,0.6416666666666667,1.2,5.091666666666667,58.0,66.625,20.0,13.375,0.0,19241.0,-0.04,0.06,75.0,65.0,74.0
2025-02-09,,,,,,,,,,,,,,,,11166.0,,,,,
2025-02-10,23.166666666666668,31.572222222222223,7.691666666666666,8.405555555555555,92.0,10.5,142.0,1.25,1.3166666666666669,5.125,47.0,53.125,42.0,13.125,0.0,10942.0,0.02,0.01,89.0,75.0,92.0
2025-02-11,23.26722222222222,31.410555555555558,7.283333333333333,8.143333333333333,89.0,27.0,134.0,1.375,1.6916666666666669,4.216666666666667,51.0,54.75,38.0,13.25,0.0,17125.0,-0.08,-0.01,87.0,80.0,94.0
2025-02-12,22.549444444444447,31.6325,7.75,9.083055555555555,85.0,20.5,243.0,1.0583333333333331,1.0,5.691666666666666,47.0,54.375,47.0,13.375,0.0,17841.0,0.08,0.11,81.0,82.0,67.0
2025-02-13,23.475,31.586111111111112,7.158333333333333,8.11111111111111,88.0,11.0,183.0,0.8083333333333333,1.45,4.9,49.0,53.375,45.0,12.625,0.0,14511.0,-0.08,0.0,83.0,84.0,90.0
2025-02-14,23.10027777777778,31.416944444444447,7.541666666666667,8.316666666666666,91.0,20.0,202.0,0.8666666666666667,1.2333333333333334,5.441666666666666,48.0,52.375,48.0,13.125,0.0,19736.0,0.09,0.05,83.0,89.0,81.0
2025-02-15,24.9675,31.725277777777777,5.975,6.757777777777778,88.0,8.0,149.0,0.8833333333333333,1.2416666666666667,3.85,49.0,53.875,51.0,12.75,0.0,13559.0,-0.02,0.04,73.0,79.0,88.0
2025-02-16,23.566666666666663,31.3,6.933333333333334,7.733333333333333,90.0,7.5,205.0,1.1583333333333334,1.2416666666666667,4.533333333333333,47.0,51.625,60.0,12.625,0.0,18890.0,0.03,0.03,83.0,88.0,89.0
2025-02-17,22.933611111111112,31.63361111111111,6.9,8.7,79.0,31.0,249.0,0.6666666666666666,1.275,4.958333333333333,46.0,51.5,46.0,13.0,0.0,12743.0,-0.06,0.04,68.0,84.0,65.0
2025-02-18,23.750555555555557,31.83388888888889,6.916666666666667,8.083333333333334,86.0,44.0,187.0,0.9416666666666668,1.25,4.725,46.0,50.5,56.0,12.5,0.0,15771.0,0.05,0.04,72.0,87.0,84.0
2025-02-19,23.291666666666668,31.68027777777778,7.65,8.38861111111111,91.0,11.0,207.0,1.2333333333333334,1.5833333333333333,4.833333333333333,47.0,50.0,57.0,12.75,0.0,13327.0,-0.27,-0.07,89.0,94.0,84.0
2025-02-20,24.649166666666662,31.859166666666667,5.8,7.21,80.0,22.5,106.0,1.2333333333333334,1.1333333333333333,3.433333333333333,48.0,52.75,48.0,12.625,0.0,15011.0,-0.19,-0.06,71.0,79.0,81.0
2025-02-21,24.36694444444445,31.58361111111111,6.491666666666666,7.216666666666667,90.0,14.0,167.0,1.0333333333333334,1.4583333333333333,4.0,51.0,57.375,39.0,13.375,0.0,14467.0,0.27,0.1,80.0,82.0,87.0
2025-02-22,23.33388888888889,31.433888888888887,7.15,8.1,88.0,48.0,155.0,0.9,1.3083333333333331,4.941666666666666,48.0,53.125,56.0,13.0,0.0,21833.0,0.09,-0.07,76.0,88.0,97.0
2025-02-23,23.886388888888888,32.16166666666667,7.241666666666666,8.275277777777777,88.0,34.0,247.0,0.7833333333333333,1.075,5.383333333333334,49.0,53.125,46.0,13.25,0.0,18233.0,-0.06,-0.01,74.0,87.0,86.0
2025-02-24,23.58305555555556,30.61083333333333,6.108333333333333,7.027777777777778,87.0,16.0,104.0,0.8833333333333333,1.0083333333333333,4.216666666666667,48.0,51.875,53.0,13.25,0.0,17574.0,-0.06,0.12,75.0,81.0,79.0
2025-02-25,23.150555555555552,30.00055555555556,6.041666666666667,6.85,88.0,24.0,116.0,1.0,0.825,4.216666666666667,48.0,54.75,39.0,13.625,0.0,9491.0,0.2,0.12,75.0,79.0,86.0
2025-02-26,22.883888888888887,31.683888888888887,7.941666666666666,8.8,90.0,10.5,226.0,0.9333333333333332,1.6583333333333334,5.35,47.0,51.25,52.0,13.0,0.0,22327.0,-0.22,-0.09,88.0,90.0,76.0
2025-02-27,24.91638888888889,31.599722222222223,5.708333333333333,6.683333333333334,85.0,7.0,83.0,0.9166666666666666,1.0916666666666666,3.7,56.0,60.5,32.0,13.375,0.0,18757.0,0.23,0.13,69.0,62.0,84.0
2025-02-28,23.966944444444444,30.63361111111111,5.55,6.666666666666667,83.0,13.0,161.0,0.7166666666666667,1.3166666666666669,3.5166666666666666,47.0,51.875,55.0,13.375,0.0,22774.0,-0.19,-0.01,73.0,80.0,87.0
2025-03-01,23.51722222222222,31.55444444444444,7.325,8.037222222222223,91.0,27.5,226.0,0.575,1.0916666666666666,5.658333333333333,52.0,55.625,42.0,12.625,0.0,21515.0,0.02,-0.01,77.0,80.0,85.0
2025-03-02,23.755,31.199166666666667,6.375,7.444166666666667,86.0,11.5,148.0,0.625,1.0166666666666666,4.733333333333333,46.0,51.625,60.0,12.375,0.0,10741.0,0.0,0.07,73.0,80.0,78.0
2025-03-03,22.04138888888889,30.279444444444444,7.833333333333333,8.238055555555556,95.0,4.5,133.0,1.3166666666666669,1.8583333333333332,4.658333333333333,52.0,57.375,36.0,12.75,0.0,19344.0,0.34,0.08,90.0,83.0,80.0
2025-03-04,24.092222222222222,30.642222222222223,5.8,6.55,89.0,26.0,144.0,0.7166666666666667,1.25,3.8333333333333335,51.0,55.125,45.0,13.25,0.0,9958.0,0.31,0.15,69.0,77.0,72.0
2025-03-05,24.9425,30.674444444444447,4.625,5.731944444444444,81.0,11.0,65.0,0.8666666666666667,0.4166666666666667,3.341666666666667,58.0,68.625,23.0,12.25,0.0,11894.0,0.46,0.28,60.0,56.0,75.0
2025-03-06,23.391666666666666,30.10833333333333,6.116666666666666,6.716666666666667,91.0,13.0,126.0,0.6583333333333333,1.2083333333333333,4.25,53.0,57.375,39.0,13.125,0.0,8664.0,0.05,0.25,76.0,78.0,82.0
2025-03-07,25.775277777777777,35.05861111111111,5.308333333333334,9.283333333333331,57.0,26.0,106.0,0.9166666666666666,0.425,3.966666666666667,47.0,56.375,46.0,14.75,0.0,7648.0,0.0,0.25,47.0,64.0,55.0
2025-03-08,26.57583333333333,31.875833333333333,4.741666666666666,5.3,89.0,7.5,112.0,0.8916666666666667,0.9,2.95,50.0,55.625,37.0,13.125,0.0583333333333333,13085.0,0.06,0.25,59.0,62.0,73.0
2025-03-09,24.924722222222226,32.8,6.858333333333333,7.875277777777778,87.0,23.5,174.0,1.0333333333333334,1.6166666666666667,4.208333333333333,48.0,51.125,61.0,12.5,0.0,20467.0,0.03,0.06,77.0,85.0,83.0
2025-03-10,23.391388888888887,30.524722222222223,6.116666666666666,7.133333333333334,86.0,10.5,206.0,0.8833333333333333,1.125,4.108333333333333,47.0,50.625,55.0,13.125,0.0,16454.0,0.06,0.07,74.0,80.0,71.0
2025-03-11,25.558611111111112,31.50861111111111,5.083333333333333,5.95,85.0,17.0,199.0,0.825,0.6833333333333333,3.575,46.0,51.375,48.0,13.0,0.0,15223.0,-0.18,0.0,61.0,73.0,69.0
2025-03-12,23.775277777777777,31.308611111111112,7.0,7.533333333333333,93.0,9.0,152.0,1.1083333333333334,0.975,4.916666666666667,46.0,52.375,58.0,12.375,0.0,13685.0,-0.03,0.04,80.0,79.0,82.0
2025-03-13,23.974444444444444,31.5875,6.591666666666667,7.6130555555555555,87.0,21.0,179.0,1.35,1.7416666666666667,3.5,48.0,52.875,44.0,13.375,0.0,14351.0,0.1,0.06,81.0,86.0,84.0
2025-03-14,23.174722222222226,32.44583333333333,6.675,9.27111111111111,72.0,5.0,191.0,0.9583333333333334,1.275,4.441666666666666,47.0,51.875,58.0,13.375,0.0,15240.0,0.01,-0.03,69.0,81.0,48.0
2025-03-15,23.558611111111112,31.579444444444444,7.008333333333334,8.020833333333334,87.0,22.0,346.0,0.25,1.3166666666666669,5.441666666666666,49.0,54.0,53.0,13.125,0.0416666666666666,19293.0,-0.26,-0.05,72.0,79.0,64.0
2025-03-16,25.691944444444445,34.97527777777778,6.941666666666666,9.283333333333331,75.0,33.5,94.0,0.9166666666666666,1.575,4.45,57.0,70.0,14.0,13.125,0.0,10446.0,0.37,0.22,66.0,65.0,71.0
2025-03-17,21.82472222222222,31.50805555555556,8.583333333333334,9.683333333333334,89.0,20.5,298.0,0.9,1.3166666666666669,6.366666666666666,47.0,57.375,39.0,13.375,0.0,8831.0,0.57,0.21,89.0,78.0,88.0
2025-03-18,23.1,31.462777777777777,7.558333333333334,8.362777777777778,90.0,19.5,172.0,1.5583333333333331,1.7916666666666667,4.208333333333333,47.0,51.5,48.0,13.125,0.0,6820.0,0.06,0.02,90.0,85.0,91.0
2025-03-19,22.858611111111117,31.25722222222222,7.375,8.39861111111111,88.0,26.0,132.0,1.275,1.2,4.9,46.0,50.125,56.0,13.625,0.0,18143.0,-0.07,0.26,85.0,86.0,85.0
2025-03-20,23.264166666666668,30.997222222222224,6.975,7.733055555555556,90.0,24.0,180.0,0.8083333333333333,1.4083333333333334,4.758333333333334,49.0,54.625,53.0,14.75,0.0,16948.0,-0.01,0.26,80.0,81.0,83.0
2025-03-21,23.07472222222222,31.11611111111111,7.125,8.04138888888889,89.0,24.0,201.0,1.0916666666666666,1.5583333333333331,4.475,50.0,54.0,41.0,13.625,0.0,19605.0,-0.05,0.02,86.0,83.0,93.0
2025-03-22,23.27583333333333,30.655555555555555,6.533333333333333,7.379722222222222,89.0,15.5,298.0,0.3083333333333333,1.0916666666666666,5.133333333333334,50.0,56.375,46.0,13.0,0.2333333333333333,22668.0,0.03,0.01,72.0,77.0,65.0
2025-03-23,23.93305555555556,31.746666666666663,6.908333333333333,7.813611111111111,88.0,7.5,225.0,0.7083333333333334,0.8333333333333334,5.366666666666666,46.0,51.875,51.0,13.75,0.0,22962.0,-0.29,-0.09,71.0,85.0,65.0
2025-03-24,23.784166666666668,30.74333333333333,5.908333333333333,6.9591666666666665,85.0,18.0,231.0,0.4,0.9166666666666666,4.591666666666667,47.0,51.5,58.0,13.375,0.0,17333.0,-0.09,0.0,66.0,83.0,68.0
2025-03-25,23.2275,30.85305555555556,6.941666666666666,7.625555555555556,91.0,11.5,170.0,1.1083333333333334,1.7666666666666666,4.066666666666666,48.0,52.375,46.0,13.625,0.0,11558.0,0.04,0.0,86.0,88.0,83.0
2025-03-26,23.509166666666665,30.808611111111112,6.166666666666667,7.299444444444444,84.0,12.5,221.0,0.9833333333333332,1.0,4.183333333333334,52.0,57.375,43.0,13.875,0.0,17213.0,-0.14,-0.14,75.0,74.0,83.0
2025-03-27,25.50777777777778,30.786388888888887,4.858333333333333,5.278611111111111,92.0,9.5,120.0,1.0083333333333333,1.05,2.8,47.0,49.75,64.0,12.75,0.7,13739.0,-0.37,-0.13,67.0,77.0,83.0
2025-03-28,21.924722222222226,31.617222222222225,8.741666666666667,9.6925,90.0,9.5,241.0,0.9583333333333334,1.35,6.433333333333334,46.0,51.625,53.0,13.75,0.1083333333333333,7963.0,-0.17,-0.04,89.0,90.0,81.0
2025-03-29,24.191666666666663,31.07638888888889,6.416666666666667,6.884722222222222,93.0,7.0,142.0,0.8333333333333334,1.4,4.183333333333334,47.0,52.75,44.0,13.25,0.0,20186.0,-0.26,-0.2,75.0,85.0,77.0
2025-03-30,24.27555555555556,32.79222222222222,6.166666666666667,7.516666666666667,82.0,59.5,228.0,0.175,1.225,4.766666666666667,56.0,62.0,25.0,13.125,0.0,22531.0,0.13,-0.1,55.0,65.0,61.0
2025-03-31,23.90888888888889,29.225555555555555,4.383333333333334,5.316666666666666,82.0,18.0,173.0,0.7083333333333334,0.4083333333333333,3.2666666666666666,48.0,52.125,55.0,13.375,0.0,10396.0,-0.09,-0.12,57.0,75.0,55.0
2025-04-01,22.816111111111116,28.782777777777778,5.191666666666666,5.966666666666667,87.0,14.5,54.0,0.7416666666666667,1.2416666666666667,3.208333333333333,52.0,56.375,37.0,12.875,0.0,10273.0,0.27,0.05,72.0,72.0,83.0
2025-04-02,22.866666666666667,30.363333333333333,7.0,7.496666666666667,93.0,14.5,144.0,1.1666666666666667,1.6083333333333334,4.225,54.0,61.25,35.0,12.625,0.0,6735.0,0.24,0.15,90.0,73.0,97.0
2025-04-03,22.916666666666668,31.683333333333334,7.408333333333333,8.766666666666667,85.0,22.0,162.0,1.125,1.3,4.983333333333333,53.0,60.0,32.0,13.125,0.0,8999.0,0.22,0.13,84.0,72.0,88.0
2025-04-04,27.00055555555556,36.65055555555556,6.358333333333333,9.65,66.0,4.0,140.0,0.5916666666666667,0.5916666666666667,5.175,49.0,60.0,33.0,14.375,0.0,6196.0,0.15,0.24,50.0,61.0,46.0
2025-04-05,27.20916666666667,33.55777777777778,5.575,6.348611111111111,88.0,3.0,120.0,1.25,1.175,3.15,50.0,54.25,45.0,12.875,0.0,15295.0,-0.15,0.11,66.0,73.0,84.0
2025-04-06,25.649722222222223,33.54972222222222,7.325,7.9,93.0,9.0,133.0,0.8666666666666667,1.525,4.933333333333334,51.0,57.125,41.0,13.125,0.0,25852.0,0.2,0.23,77.0,73.0,78.0
2025-04-07,23.981111111111108,31.06972222222222,6.25,7.088611111111111,88.0,17.0,211.0,0.6166666666666667,0.8166666666666667,4.816666666666666,51.0,56.25,43.0,12.625,0.0,14459.0,-0.17,0.0,71.0,67.0,76.0
2025-04-08,25.016944444444444,31.88361111111111,6.116666666666666,6.866666666666666,89.0,19.5,181.0,1.0,1.075,4.041666666666667,49.0,53.0,47.0,13.125,0.0,9974.0,-0.04,0.0,72.0,73.0,76.0
2025-04-09,25.550555555555555,31.66722222222222,5.4,6.116666666666666,88.0,17.0,165.0,0.9833333333333332,0.8583333333333333,3.558333333333333,45.0,52.625,50.0,12.5,0.0,10311.0,-0.25,-0.01,69.0,77.0,90.0
2025-04-10,23.750833333333333,33.43416666666667,7.816666666666666,9.683333333333334,81.0,24.5,226.0,0.775,0.775,6.266666666666667,50.0,56.875,47.0,13.25,0.7833333333333333,10171.0,-0.02,-0.05,75.0,82.0,68.0
2025-04-11,25.183055555555555,32.01638888888889,6.258333333333334,6.833333333333333,92.0,13.0,136.0,1.0583333333333331,0.9166666666666666,4.283333333333333,51.0,54.125,47.0,12.5,0.0,8073.0,-0.25,-0.13,75.0,79.0,93.0
2025-04-12,24.25,32.233888888888885,6.816666666666666,7.983888888888889,85.0,20.0,180.0,0.7083333333333334,0.8583333333333333,5.25,52.0,57.75,41.0,13.875,0.0,13866.0,-0.05,-0.09,71.0,79.0,73.0
2025-04-13,22.83361111111111,31.75027777777778,8.241666666666667,8.916666666666666,92.0,4.0,172.0,1.2916666666666667,1.3833333333333333,5.566666666666666,52.0,57.25,50.0,12.625,0.0,13505.0,-0.14,-0.08,88.0,84.0,78.0
2025-04-14,25.58388888888889,31.967222222222222,5.691666666666666,6.383333333333334,89.0,5.0,142.0,0.8166666666666667,0.9666666666666668,3.908333333333333,52.0,55.375,41.0,13.375,0.0,8676.0,0.0,-0.08,65.0,71.0,75.0
2025-04-15,,,,,,,,,,,,,,,,13.0,,,,,
2025-04-16,25.45805555555556,31.274722222222223,5.341666666666667,5.816666666666666,92.0,3.5,110.0,1.4083333333333334,1.4083333333333334,2.525,49.0,53.375,45.0,13.75,0.0,16929.0,-0.05,-0.05,71.0,76.0,83.0
2025-04-17,24.60833333333333,31.741666666666667,6.183333333333334,7.133333333333334,87.0,18.0,140.0,1.25,1.4083333333333334,3.525,51.0,54.875,44.0,12.875,0.0,13993.0,-0.02,0.01,79.0,81.0,92.0
2025-04-18,23.825,35.30833333333334,8.425,11.483333333333333,73.0,3.5,145.0,1.3833333333333333,1.6,5.441666666666666,55.0,65.625,28.0,13.125,0.0,14827.0,0.17,0.12,78.0,69.0,53.0
2025-04-19,25.642222222222223,32.20166666666667,5.65,6.559444444444445,86.0,10.0,124.0,0.9,1.0833333333333333,3.6666666666666665,50.0,54.75,54.0,12.625,0.0,12517.0,-0.2,-0.08,66.0,79.0,76.0
2025-04-20,22.45888888888889,31.704722222222223,8.125,9.245833333333334,88.0,16.0,287.0,1.025,1.3333333333333333,5.766666666666667,48.0,53.875,56.0,12.875,0.0,11929.0,-0.08,0.01,87.0,93.0,67.0
2025-04-21,22.77861111111111,32.58638888888889,6.241666666666666,9.807777777777778,64.0,12.5,121.0,0.6166666666666667,0.6,5.025,50.0,56.0,52.0,13.125,0.0,8078.0,0.03,0.05,62.0,76.0,64.0
2025-04-22,23.7675,32.290277777777774,7.691666666666666,8.522777777777778,90.0,4.0,193.0,0.7,1.5,5.491666666666666,47.0,51.75,62.0,12.875,0.075,14696.0,-0.06,-0.1,81.0,91.0,82.0
2025-04-23,25.38277777777778,31.349444444444444,5.441666666666666,5.966666666666667,91.0,7.5,108.0,0.9,0.8833333333333333,3.658333333333333,54.0,57.625,35.0,13.5,0.125,14612.0,0.08,0.01,66.0,64.0,79.0
2025-04-24,24.399722222222223,31.799166666666665,6.616666666666666,7.399444444444445,89.0,5.5,201.0,1.1833333333333331,1.125,4.308333333333334,50.0,54.25,50.0,12.875,0.0,17727.0,-0.02,0.0,77.0,82.0,85.0
2025-04-25,23.349722222222223,31.44,7.491666666666666,8.090277777777779,93.0,11.5,176.0,0.9916666666666668,1.5333333333333334,4.966666666666667,50.0,58.0,47.0,13.625,0.0,8676.0,0.13,0.06,87.0,80.0,91.0
2025-04-26,24.266944444444444,32.35027777777778,7.058333333333334,8.083333333333334,87.0,35.0,178.0,0.9083333333333332,1.275,4.875,55.0,60.375,38.0,13.0,0.0,13724.0,-0.08,0.01,73.0,73.0,83.0
2025-04-27,22.900555555555552,32.098055555555554,8.483333333333333,9.1975,92.0,6.5,211.0,1.55,1.3416666666666666,5.591666666666667,48.0,52.125,57.0,13.0,0.0,12328.0,-0.37,-0.1,89.0,87.0,78.0
2025-04-28,23.684166666666663,31.384444444444444,7.033333333333333,7.700277777777778,91.0,3.0,119.0,1.4166666666666667,1.6,4.016666666666667,50.0,57.0,38.0,13.625,0.0,19582.0,0.03,0.05,84.0,83.0,84.0
2025-04-29,26.482777777777777,31.68277777777778,4.633333333333334,5.2,89.0,3.5,103.0,0.7833333333333333,0.6333333333333333,3.216666666666667,54.0,62.875,32.0,13.5,0.0,8023.0,0.2,-0.01,54.0,59.0,65.0
2025-04-30,23.625,31.120555555555555,6.8,7.495555555555556,91.0,6.5,186.0,0.675,0.95,5.175,51.0,54.5,55.0,12.5,0.0,12596.0,0.06,-0.1,74.0,85.0,76.0
2025-05-01,24.108888888888888,31.29055555555556,6.825,7.181666666666667,95.0,6.0,218.0,1.25,1.5333333333333334,4.041666666666667,47.0,50.75,61.0,13.125,0.0,14086.0,0.0,0.06,83.0,83.0,86.0
2025-05-02,23.133888888888887,31.357777777777777,7.291666666666667,8.223888888888888,89.0,3.5,184.0,1.5166666666666666,1.1583333333333334,4.616666666666666,50.0,54.125,55.0,12.625,0.0,18525.0,-0.13,0.05,83.0,85.0,84.0
2025-05-03,23.699722222222224,31.910555555555558,7.575,8.210833333333333,92.0,7.0,170.0,1.1666666666666667,1.6666666666666667,4.741666666666666,45.0,50.0,64.0,13.125,0.0,18680.0,-0.1,0.0,86.0,91.0,81.0
2025-05-04,24.3,31.648055555555555,6.891666666666667,7.348055555555556,94.0,3.0,238.0,1.1833333333333331,1.05,4.658333333333333,47.0,50.875,55.0,12.75,0.0,21969.0,-0.27,-0.12,78.0,85.0,82.0
2025-05-05,23.20138888888889,32.475833333333334,8.183333333333334,9.274444444444445,88.0,17.5,165.0,0.9166666666666666,1.3333333333333333,5.933333333333334,53.0,57.5,37.0,14.0,0.2,15118.0,0.08,-0.02,86.0,82.0,86.0
2025-05-06,23.284166666666668,31.66611111111111,5.691666666666666,8.381944444444445,68.0,29.0,146.0,0.5166666666666667,1.1916666666666669,3.983333333333333,50.0,55.5,44.0,13.375,0.0,11179.0,-0.06,-0.1,64.0,82.0,88.0
2025-05-07,22.899444444444445,31.649444444444445,7.675,8.75,88.0,20.0,168.0,1.5083333333333333,1.125,5.041666666666667,51.0,58.125,36.0,13.0,0.0,6385.0,-0.12,-0.12,86.0,90.0,82.0
2025-05-08,23.87527777777778,31.691388888888888,7.266666666666667,7.816111111111111,93.0,5.0,212.0,0.4083333333333333,1.4166666666666667,5.441666666666666,45.0,49.5,61.0,12.75,0.0,37648.0,-0.17,-0.02,77.0,90.0,84.0
2025-05-09,22.54694444444445,31.44305555555556,8.075,8.89611111111111,91.0,36.5,148.0,1.6083333333333334,1.2583333333333333,5.208333333333333,48.0,54.875,45.0,13.75,0.0,28397.0,0.38,0.11,88.0,81.0,98.0
2025-05-10,23.366666666666667,31.5225,7.441666666666666,8.155833333333334,91.0,18.0,207.0,0.9,2.075,4.466666666666667,47.0,50.75,57.0,12.875,0.0,27606.0,-0.15,-0.11,86.0,88.0,81.0
2025-05-11,23.095555555555556,32.07888888888889,6.091666666666667,8.983333333333333,68.0,23.0,115.0,0.6583333333333333,0.9166666666666666,4.516666666666667,50.0,54.375,55.0,13.25,0.0,9811.0,-0.17,-0.03,67.0,79.0,79.0
2025-05-12,23.27,31.109166666666667,7.0,7.839166666666666,89.0,18.5,193.0,0.8666666666666667,1.2416666666666667,4.891666666666667,47.0,51.0,60.0,12.875,0.0,14061.0,-0.18,0.07,81.0,93.0,80.0
2025-05-13,22.954722222222223,30.875,6.141666666666667,7.920277777777778,78.0,11.0,126.0,0.625,0.6666666666666666,4.85,50.0,53.75,54.0,13.5,0.0,8672.0,-0.07,-0.09,66.0,78.0,59.0
2025-05-14,23.25861111111111,31.47,7.658333333333333,8.211388888888889,93.0,5.5,144.0,0.9916666666666668,1.7416666666666667,4.925,48.0,52.75,53.0,12.875,0.0,14117.0,0.0,-0.08,88.0,93.0,89.0
2025-05-15,23.02583333333333,31.24,7.45,8.214166666666667,91.0,5.0,226.0,1.2583333333333333,1.825,4.366666666666666,48.0,52.125,46.0,13.75,0.0,14118.0,-0.09,-0.09,89.0,91.0,86.0
2025-05-16,23.291111111111118,31.524444444444445,7.416666666666667,8.233333333333333,90.0,9.5,204.0,0.6166666666666667,1.275,5.525,49.0,56.75,44.0,13.25,0.2166666666666666,16521.0,0.1,0.04,80.0,77.0,81.0
2025-05-17,23.05888888888889,30.98611111111111,7.241666666666666,7.927222222222222,91.0,21.0,147.0,1.0166666666666666,1.5666666666666669,4.658333333333333,46.0,52.25,71.0,12.75,0.1333333333333333,22641.0,0.2,0.09,86.0,89.0,85.0
2025-05-18,23.65861111111111,32.047222222222224,7.6,8.38861111111111,91.0,9.0,107.0,0.9916666666666668,0.9,5.708333333333333,49.0,57.75,41.0,13.375,0.0,12023.0,0.3,0.13,80.0,78.0,75.0
2025-05-19,23.63833333333333,31.425833333333333,7.1,7.7875,91.0,19.0,203.0,1.425,1.35,4.325,46.0,50.625,51.0,13.125,0.0,10447.0,-0.23,0.02,85.0,90.0,87.0
2025-05-20,25.474722222222223,31.624722222222225,5.566666666666666,6.15,91.0,8.0,127.0,0.7166666666666667,0.9166666666666666,3.933333333333333,46.0,51.375,51.0,12.75,0.3666666666666666,15403.0,0.0,0.17,67.0,81.0,87.0
2025-05-21,24.7,31.5,5.983333333333333,6.8,88.0,16.0,95.0,1.3583333333333334,1.25,3.375,47.0,51.625,59.0,12.5,0.0,12493.0,-0.45,-0.07,79.0,83.0,97.0
2025-05-22,22.674444444444447,31.638055555555557,6.833333333333333,8.963611111111112,76.0,13.0,220.0,0.6583333333333333,1.5,4.675,47.0,50.625,64.0,13.125,0.0,16875.0,0.07,-0.03,76.0,86.0,82.0
2025-05-23,24.79138888888889,31.60805555555556,5.883333333333334,6.816666666666666,86.0,19.5,149.0,1.0083333333333333,1.1583333333333334,3.716666666666667,51.0,55.375,51.0,13.25,0.0,25753.0,-0.01,-0.06,71.0,71.0,76.0
2025-05-24,24.549444444444443,32.62027777777778,6.883333333333334,8.070833333333333,85.0,21.5,116.0,1.2166666666666666,0.9166666666666666,4.75,54.0,61.625,35.0,12.625,0.0,14672.0,0.01,-0.13,76.0,66.0,81.0
2025-05-25,24.892222222222223,31.475555555555555,5.666666666666667,6.583333333333333,86.0,20.0,263.0,0.3166666666666666,0.85,4.5,48.0,56.0,46.0,12.75,0.0,14697.0,-0.02,0.04,60.0,79.0,57.0
2025-05-26,22.549444444444447,31.46611111111111,8.325,8.916666666666666,93.0,18.0,237.0,1.1,1.7,5.525,46.0,49.125,67.0,12.75,0.0,10258.0,-0.01,0.02,95.0,92.0,91.0
2025-05-27,23.38305555555556,31.36638888888889,7.308333333333334,7.983333333333333,92.0,10.5,196.0,1.2666666666666666,1.875,4.166666666666667,44.0,48.375,72.0,13.25,0.0,16237.0,0.07,0.04,88.0,90.0,81.0
2025-05-28,,,,,,,,,,,,,,,0.0166666666666666,,0.15,0.07,55.0,63.0,83.0
2025-05-29,,,,,,,,,,,,,,,,13333.0,0.3,0.15,76.0,84.0,84.0
2025-05-30,23.866111111111117,32.25527777777778,7.65,8.389166666666666,91.0,4.5,128.0,1.1166666666666667,1.025,5.508333333333334,51.0,61.25,42.0,13.75,0.0,24066.0,0.28,0.19,82.0,81.0,83.0
2025-05-31,24.016666666666666,31.21138888888889,5.925,7.194722222222223,82.0,55.0,114.0,0.7416666666666667,0.8833333333333333,4.3,54.0,62.75,44.0,12.875,0.0,20874.0,0.2,0.22,63.0,65.0,93.0
2025-06-01,25.00027777777778,31.08361111111111,5.35,6.083333333333333,88.0,23.5,109.0,0.675,0.8583333333333333,3.816666666666667,54.0,62.625,44.0,13.0,0.0,12859.0,0.3,0.32,66.0,66.0,92.0
2025-06-02,22.149444444444445,31.33,8.516666666666667,9.180555555555555,93.0,6.5,220.0,1.9666666666666663,1.475,5.075,48.0,55.75,53.0,13.125,0.0,11905.0,0.22,0.27,93.0,88.0,86.0
2025-06-03,22.949444444444445,31.00138888888889,7.275,8.051944444444445,90.0,22.0,197.0,0.575,1.3916666666666666,5.308333333333334,48.0,52.875,61.0,12.75,0.0,17733.0,0.05,0.19,80.0,84.0,77.0
2025-06-04,22.933333333333334,31.330277777777777,7.066666666666666,8.396944444444445,84.0,22.0,197.0,1.5416666666666667,1.4166666666666667,4.108333333333333,55.0,63.375,38.0,13.125,0.0,12533.0,0.15,0.25,84.0,72.0,79.0
2025-06-05,23.666666666666668,31.516666666666666,7.483333333333333,7.85,95.0,7.0,203.0,1.3666666666666667,1.7333333333333334,4.383333333333334,48.0,52.75,73.0,12.625,0.0,15312.0,-0.14,0.08,89.0,89.0,91.0
2025-06-06,24.45,31.471666666666668,6.275,7.0216666666666665,89.0,11.0,179.0,0.7666666666666667,1.2333333333333334,4.275,50.0,54.875,71.0,12.875,0.0,16099.0,-0.02,0.08,75.0,78.0,85.0
2025-06-07,22.973055555555558,31.31361111111111,7.225,8.340555555555556,87.0,21.5,212.0,0.6833333333333333,1.6916666666666669,4.85,51.0,56.75,53.0,12.5,0.0,18049.0,0.04,0.08,83.0,82.0,87.0
2025-06-08,23.808333333333334,31.875,7.516666666666667,8.066666666666666,93.0,17.5,270.0,0.2166666666666666,1.8,5.5,46.0,52.25,62.0,12.5,0.0,17309.0,-0.17,-0.08,79.0,89.0,79.0
2025-06-09,24.37527777777778,31.275277777777777,6.266666666666667,6.9,91.0,16.0,151.0,1.0083333333333333,0.95,4.308333333333334,50.0,55.375,50.0,13.25,0.0,12892.0,0.0,0.03,75.0,76.0,77.0
2025-06-10,23.125833333333333,31.40194444444445,7.466666666666667,8.276111111111112,90.0,16.0,199.0,1.2,1.1583333333333334,5.108333333333333,48.0,52.25,55.0,12.75,0.0,6955.0,0.13,0.06,87.0,90.0,84.0
2025-06-11,23.379722222222224,31.355833333333333,7.133333333333334,7.976111111111111,89.0,18.0,229.0,0.6416666666666667,1.1166666666666667,5.375,48.0,51.875,61.0,12.625,0.0,15094.0,-0.14,-0.08,78.0,88.0,77.0
2025-06-12,24.168333333333333,31.31222222222222,6.508333333333334,7.143888888888889,91.0,21.0,266.0,0.5333333333333333,1.0833333333333333,4.891666666666667,46.0,51.25,59.0,13.375,0.0,16977.0,-0.16,0.0,73.0,86.0,80.0
2025-06-13,23.834166666666665,31.232777777777777,6.908333333333333,7.398611111111111,93.0,10.0,172.0,1.225,1.625,4.058333333333334,48.0,53.0,56.0,12.875,0.0,17831.0,0.05,0.08,86.0,92.0,90.0
2025-06-14,23.849444444444444,31.286944444444444,6.483333333333333,7.4375,87.0,10.5,238.0,0.9583333333333334,1.3166666666666669,4.208333333333333,50.0,55.25,53.0,12.75,0.0,13083.0,-0.04,-0.06,76.0,84.0,70.0
2025-06-15,23.58388888888889,32.48444444444444,7.741666666666666,8.900555555555556,87.0,21.0,143.0,1.175,1.7666666666666666,4.8,48.0,52.875,54.0,12.875,0.025,11150.0,-0.22,-0.1,86.0,94.0,77.0
2025-06-16,24.15083333333333,31.250833333333333,6.533333333333333,7.1,92.0,12.0,213.0,0.3833333333333333,1.2416666666666667,4.908333333333333,46.0,50.625,64.0,12.625,0.0,17714.0,0.06,0.06,73.0,84.0,77.0
2025-06-17,23.78305555555556,31.23444444444445,6.691666666666666,7.451388888888889,90.0,9.5,239.0,0.8583333333333333,1.4,4.433333333333334,45.0,49.375,54.0,12.75,0.0,17303.0,-0.05,-0.03,79.0,89.0,77.0
2025-06-18,23.00888888888889,30.75333333333333,7.025,7.7444444444444445,91.0,7.5,190.0,1.35,1.4166666666666667,4.258333333333334,43.0,49.25,66.0,12.625,0.0,21186.0,-0.29,-0.15,85.0,84.0,83.0
2025-06-19,23.074444444444445,31.191111111111116,7.408333333333333,8.116666666666667,91.0,18.5,229.0,0.45,1.3416666666666666,5.616666666666666,49.0,53.875,56.0,12.625,0.0,20891.0,0.03,0.05,81.0,86.0,82.0
2025-06-20,24.878055555555555,31.325,5.333333333333333,6.446944444444444,83.0,10.0,248.0,0.2833333333333333,0.3666666666666666,4.683333333333334,55.0,61.0,31.0,13.125,0.0,18294.0,0.14,0.01,56.0,69.0,68.0
2025-06-21,23.02777777777778,32.05083333333333,8.375,9.023055555555556,93.0,16.5,167.0,0.8916666666666667,1.175,6.308333333333334,47.0,50.25,61.0,12.75,0.0,6671.0,0.21,0.01,86.0,95.0,78.0
2025-06-22,23.461388888888887,31.473333333333333,7.141666666666667,8.011944444444444,89.0,16.0,210.0,0.6666666666666666,1.6166666666666667,4.858333333333333,51.0,59.125,36.0,13.5,0.0,13452.0,0.45,0.26,80.0,71.0,67.0
2025-06-23,,,,,,,,,,,,,,,,19690.0,,,,,
2025-06-24,23.203611111111112,30.049722222222226,6.208333333333333,6.846111111111111,91.0,16.0,153.0,1.0166666666666666,1.325,3.8666666666666663,49.0,54.75,44.0,12.875,0.0,20650.0,-0.15,0.15,79.0,77.0,74.0
2025-06-25,22.60027777777778,30.683611111111112,7.133333333333334,8.083333333333334,88.0,14.5,219.0,1.0666666666666669,1.1166666666666667,4.95,53.0,57.25,37.0,12.5,0.0,11287.0,-0.07,0.24,83.0,81.0,77.0
2025-06-26,22.391666666666666,31.035,7.333333333333333,8.643333333333333,85.0,17.0,217.0,0.725,1.7333333333333334,4.875,49.0,55.5,48.0,13.25,0.0,8613.0,0.0,0.01,85.0,86.0,86.0
2025-06-27,24.00777777777778,30.199444444444445,5.458333333333333,6.191666666666666,88.0,17.0,227.0,0.6833333333333333,0.725,4.05,49.0,52.375,55.0,12.5,0.0,13111.0,-0.27,-0.14,68.0,77.0,73.0
2025-06-28,,,,,,,,,,,,,,,,5751.0,,,,,
2025-06-29,22.666944444444447,32.79805555555556,9.225,10.13111111111111,91.0,2.5,317.0,1.425,1.5833333333333333,6.216666666666667,45.0,50.5,55.0,12.75,0.0,14537.0,-0.06,-0.04,89.0,91.0,78.0
2025-06-30,23.55777777777778,30.944166666666668,6.008333333333334,7.386388888888889,81.0,5.0,180.0,1.0916666666666666,0.95,3.966666666666667,48.0,52.0,48.0,13.75,0.0,13224.0,-0.2,-0.19,72.0,77.0,80.0
2025-07-01,23.49944444444445,29.91027777777778,5.283333333333333,6.410833333333334,82.0,3.0,223.0,0.8083333333333333,0.5833333333333334,3.8916666666666666,48.0,51.75,64.0,12.5,0.0083333333333333,12062.0,0.14,0.12,63.0,80.0,72.0
2025-07-02,23.916944444444447,31.694166666666668,7.225,7.777222222222222,93.0,10.5,216.0,1.35,1.5333333333333334,4.341666666666667,48.0,52.5,54.0,12.75,0.0,21839.0,0.16,0.03,87.0,85.0,89.0
2025-07-03,24.08388888888889,31.433888888888887,6.508333333333334,7.35,89.0,15.5,119.0,0.6083333333333333,1.2,4.7,52.0,56.5,43.0,12.75,0.0,26416.0,0.31,0.1,75.0,75.0,77.0
2025-07-04,24.049722222222226,31.16638888888889,6.25,7.116666666666666,88.0,3.0,100.0,0.6833333333333333,0.9,4.666666666666667,54.0,61.0,39.0,14.25,0.0,22875.0,0.02,0.12,71.0,70.0,86.0
2025-07-05,23.25888888888889,31.590555555555557,7.408333333333333,8.331666666666667,89.0,19.5,182.0,0.6083333333333333,1.4166666666666667,5.383333333333334,48.0,52.125,55.0,12.625,0.0,14232.0,0.18,0.23,80.0,87.0,74.0
2025-07-06,23.441944444444445,31.95861111111111,7.791666666666667,8.516666666666667,91.0,16.5,222.0,0.85,1.5166666666666666,5.425,46.0,52.5,62.0,13.375,0.0,18264.0,-0.12,0.11,85.0,88.0,78.0
2025-07-07,24.07583333333333,31.359166666666667,6.858333333333333,7.283333333333333,94.0,6.0,137.0,0.8416666666666667,1.7833333333333334,4.233333333333333,50.0,53.625,53.0,13.125,0.35,13603.0,-0.16,0.01,82.0,82.0,90.0
2025-07-08,22.778888888888886,31.38722222222222,7.491666666666666,8.608333333333333,87.0,15.0,277.0,0.85,0.95,5.691666666666666,46.0,49.25,64.0,13.0,0.0,6692.0,0.24,0.18,81.0,90.0,69.0
2025-07-09,23.83333333333333,31.340555555555557,6.683333333333334,7.5072222222222225,89.0,8.5,226.0,1.1166666666666667,1.6583333333333334,3.908333333333333,46.0,50.0,61.0,13.125,0.0,13002.0,-0.27,-0.14,82.0,90.0,83.0
2025-07-10,24.17083333333333,29.35111111111111,4.25,5.1802777777777775,82.0,17.5,106.0,0.6583333333333333,0.625,2.966666666666667,47.0,52.375,62.0,12.875,0.0,16529.0,-0.26,-0.08,61.0,78.0,83.0
2025-07-11,21.584166666666665,31.48583333333333,8.958333333333334,9.901666666666667,90.0,4.5,259.0,1.1916666666666669,1.875,5.891666666666667,53.0,62.5,32.0,12.625,0.0,10932.0,0.16,0.13,93.0,80.0,82.0
2025-07-12,25.183333333333334,31.883333333333333,6.016666666666667,6.7,90.0,10.0,201.0,0.7916666666666666,1.3416666666666666,3.883333333333333,51.0,56.25,55.0,13.125,0.0,12918.0,0.07,-0.09,71.0,75.0,81.0
2025-07-13,24.641944444444444,33.158611111111114,7.733333333333333,8.516666666666667,91.0,11.0,243.0,0.9166666666666666,1.4916666666666667,5.325,48.0,57.375,50.0,12.875,0.0,16688.0,0.18,0.03,82.0,83.0,83.0
2025-07-14,23.340555555555557,31.35944444444444,7.125,8.018888888888888,89.0,17.5,214.0,0.6,1.25,5.275,49.0,54.125,46.0,12.75,0.0,10170.0,0.06,0.13,79.0,78.0,75.0
2025-07-15,26.549444444444443,31.40055555555556,4.175,4.851111111111111,86.0,11.0,164.0,0.4916666666666666,0.575,3.1083333333333334,44.0,49.375,67.0,12.75,0.0,14842.0,-0.26,0.0,52.0,73.0,66.0
2025-07-16,24.11722222222222,31.66583333333333,6.958333333333333,7.548611111111111,92.0,4.0,193.0,1.0833333333333333,1.4916666666666667,4.383333333333334,46.0,49.625,69.0,12.625,0.0,13533.0,-0.28,0.01,82.0,88.0,86.0
2025-07-17,24.474444444444444,31.574444444444445,6.308333333333334,7.1,89.0,10.5,145.0,0.6916666666666667,1.1166666666666667,4.5,50.0,54.375,47.0,12.75,0.0,19160.0,-0.51,-0.19,73.0,80.0,81.0
2025-07-18,23.991666666666667,31.458333333333336,6.658333333333333,7.466666666666667,89.0,18.0,128.0,1.5666666666666669,1.0083333333333333,4.083333333333333,47.0,53.875,56.0,12.625,0.0,14585.0,0.29,-0.01,80.0,83.0,83.0
2025-07-19,22.808611111111112,32.25861111111111,8.408333333333333,9.45,89.0,12.5,188.0,0.5916666666666667,1.6166666666666667,6.2,53.0,63.25,30.0,12.625,0.0,16449.0,0.26,-0.07,86.0,79.0,73.0
2025-07-20,22.9425,31.590555555555557,7.5,8.648055555555555,87.0,18.5,285.0,0.5833333333333334,1.225,5.691666666666666,47.0,54.0,59.0,12.5,0.0,9498.0,0.04,-0.09,80.0,83.0,74.0
2025-07-21,23.391388888888887,32.275,6.033333333333333,8.883611111111112,68.0,11.0,155.0,0.7916666666666666,1.15,4.091666666666667,47.0,51.375,72.0,13.375,0.0,7708.0,-0.68,-0.06,71.0,86.0,88.0
2025-07-22,23.70861111111111,29.566111111111116,5.3,5.8575,90.0,13.0,136.0,0.925,1.4416666666666669,2.933333333333333,44.0,49.25,63.0,12.875,0.0,16846.0,0.08,0.18,75.0,83.0,78.0
2025-07-23,23.383888888888887,30.434166666666663,6.266666666666667,7.050277777777778,89.0,9.0,146.0,1.325,1.3416666666666666,3.6,48.0,51.75,50.0,12.625,0.0,14514.0,0.08,-0.04,83.0,81.0,98.0
2025-07-24,24.02583333333333,31.66611111111111,6.558333333333334,7.6402777777777775,86.0,9.0,201.0,1.175,1.2833333333333334,4.1,49.0,53.25,55.0,12.125,0.225,18722.0,-0.09,-0.25,80.0,82.0,84.0
2025-07-25,24.155277777777776,31.698888888888888,6.908333333333333,7.543611111111111,92.0,21.5,139.0,0.6333333333333333,0.7,5.575,50.0,53.875,58.0,12.5,0.0,11014.0,-0.24,-0.01,74.0,79.0,91.0
2025-07-26,24.645,32.37527777777778,6.941666666666666,7.730277777777777,90.0,18.0,228.0,0.8166666666666667,1.3833333333333333,4.741666666666666,51.0,54.25,45.0,12.75,0.0,10738.0,-0.02,0.03,77.0,82.0,77.0
2025-07-27,23.85888888888889,30.29222222222222,5.433333333333334,6.433333333333334,84.0,21.5,119.0,0.7916666666666666,0.8083333333333333,3.8333333333333335,45.0,52.625,56.0,12.875,0.0,8642.0,-0.17,-0.11,70.0,78.0,92.0
2025-07-28,22.408055555555556,31.50055555555556,8.191666666666666,9.0925,90.0,15.0,138.0,1.0083333333333333,1.9416666666666669,5.241666666666666,50.0,55.75,39.0,12.625,0.3,11860.0,0.33,0.06,93.0,87.0,86.0
2025-07-29,24.405277777777776,30.64138888888889,5.333333333333333,6.236111111111111,86.0,19.0,211.0,0.6416666666666667,0.7333333333333333,3.9583333333333335,46.0,49.125,63.0,12.5,0.0,12272.0,-0.14,-0.06,66.0,80.0,79.0
2025-07-30,23.142222222222223,30.975555555555555,7.125,7.833333333333333,91.0,4.0,110.0,1.0916666666666666,0.8416666666666667,5.191666666666666,49.0,57.875,38.0,12.75,0.0,12049.0,0.15,0.09,81.0,78.0,84.0
2025-07-31,22.7425,32.12444444444444,8.0,9.381944444444445,85.0,33.0,150.0,1.8333333333333333,1.7833333333333334,4.383333333333334,47.0,54.375,54.0,12.625,0.0,9670.0,0.18,0.21,87.0,88.0,88.0
2025-08-01,25.104444444444443,32.49138888888889,6.35,7.3869444444444445,86.0,16.5,129.0,0.9833333333333332,1.375,3.9916666666666663,48.0,53.375,57.0,12.5,0.0,13097.0,-0.12,-0.02,76.0,84.0,88.0
2025-08-02,22.258333333333333,31.87777777777778,8.533333333333333,9.619444444444444,89.0,19.5,252.0,0.825,1.6,6.108333333333333,48.0,54.125,49.0,13.0,0.0,18253.0,0.09,0.16,91.0,85.0,88.0
2025-08-03,23.39361111111111,31.099166666666665,6.358333333333333,7.705555555555556,83.0,13.5,206.0,0.3166666666666666,0.5583333333333333,5.483333333333333,49.0,54.25,51.0,12.375,0.0,19224.0,-0.44,-0.07,69.0,74.0,75.0
2025-08-04,22.775,31.525,6.716666666666667,8.75,77.0,6.0,225.0,0.3333333333333333,0.875,5.508333333333334,44.0,50.25,62.0,12.5,0.0,6835.0,-0.09,-0.02,69.0,86.0,77.0
2025-08-05,22.941944444444445,31.856944444444444,7.983333333333333,8.915,90.0,13.5,271.0,0.8666666666666667,1.5416666666666667,5.575,48.0,51.625,53.0,12.625,0.0,3229.0,-0.03,-0.02,88.0,90.0,76.0
2025-08-06,26.424444444444443,31.59111111111111,4.516666666666667,5.166666666666667,87.0,9.5,90.0,1.225,1.275,2.0166666666666666,46.0,50.5,49.0,12.5,0.1166666666666666,14822.0,-0.32,-0.28,65.0,79.0,80.0
2025-08-07,24.64388888888889,31.55,6.266666666666667,6.906111111111112,91.0,23.0,219.0,0.5166666666666667,1.3083333333333331,4.441666666666666,47.0,51.375,50.0,12.375,0.0,14777.0,-0.24,-0.1,71.0,83.0,81.0
2025-08-08,23.466944444444444,32.20805555555555,7.766666666666667,8.741111111111111,89.0,16.5,163.0,1.1583333333333334,1.5166666666666666,5.091666666666667,47.0,51.625,57.0,13.0,0.0333333333333333,18419.0,0.02,-0.03,87.0,91.0,80.0
2025-08-09,23.8175,31.240277777777777,6.533333333333333,7.422777777777778,88.0,5.0,183.0,1.5416666666666667,1.225,3.7666666666666666,43.0,50.625,61.0,13.125,0.0,17451.0,0.27,-0.04,79.0,80.0,82.0
2025-08-10,25.183611111111112,32.45555555555556,6.475,7.271944444444444,89.0,16.5,161.0,0.95,1.6166666666666667,3.908333333333333,46.0,50.625,52.0,12.625,0.475,12437.0,-0.09,-0.09,81.0,89.0,87.0
2025-08-11,23.53333333333333,32.12277777777778,7.275,8.589444444444444,85.0,15.5,333.0,0.5916666666666667,1.1916666666666669,5.491666666666666,45.0,49.25,62.0,13.25,0.0,10329.0,0.25,0.18,76.0,88.0,68.0
2025-08-12,,,,,,,,,,,,,,,,14919.0,,,,,
2025-08-13,21.758055555555558,28.558055555555555,5.966666666666667,6.8,88.0,16.5,174.0,1.35,1.4666666666666666,3.15,46.0,51.75,57.0,12.5,0.0,12353.0,0.11,0.08,83.0,87.0,96.0
2025-08-14,21.891666666666666,28.90138888888889,5.783333333333333,7.009722222222222,83.0,8.0,183.0,0.4,1.15,4.233333333333333,50.0,55.125,53.0,12.375,0.0,19567.0,-0.3,0.02,69.0,76.0,82.0
2025-08-15,22.58388888888889,30.203333333333333,6.041666666666667,7.6194444444444445,79.0,4.5,141.0,0.7333333333333333,1.2583333333333333,4.05,51.0,56.875,52.0,12.75,0.0,6570.0,0.33,0.3,72.0,71.0,81.0
2025-08-16,,,,,,,,,,,,,,,0.15,11248.0,,,,,
2025-08-17,21.575,32.01111111111111,9.858333333333333,10.436111111111112,94.0,4.5,241.0,1.35,1.85,6.658333333333333,47.0,56.0,57.0,12.25,0.8583333333333333,11785.0,0.37,0.13,93.0,90.0,81.0
2025-08-18,25.371388888888887,31.9875,5.941666666666666,6.616111111111112,90.0,20.0,237.0,0.225,0.6333333333333333,5.083333333333333,49.0,52.375,57.0,12.625,0.0,6215.0,-0.21,0.11,60.0,76.0,68.0
2025-08-19,24.30611111111111,32.02777777777778,6.858333333333333,7.721666666666667,89.0,18.5,247.0,0.625,0.9416666666666668,5.291666666666667,44.0,49.125,60.0,12.875,0.0,10142.0,-0.39,-0.06,75.0,89.0,84.0
2025-08-20,24.717777777777776,31.916944444444447,6.341666666666667,7.199166666666667,88.0,18.5,167.0,1.1916666666666669,1.2833333333333334,3.8666666666666663,46.0,49.875,67.0,12.5,0.0,19162.0,-0.13,0.09,77.0,87.0,85.0
2025-08-21,,,,,,,,,,,,,,,,0.0,,,,,
2025-08-22,22.024444444444445,30.762777777777774,7.883333333333334,8.738333333333333,90.0,19.5,266.0,0.5916666666666667,1.825,5.466666666666667,49.0,52.75,53.0,12.75,0.0,6385.0,0.01,-0.14,87.0,90.0,82.0
2025-08-23,26.90833333333333,32.041666666666664,4.391666666666667,5.133333333333334,86.0,17.5,113.0,1.0666666666666669,0.6166666666666667,2.708333333333333,47.0,50.625,57.0,12.625,0.0,6828.0,-0.3,-0.16,60.0,72.0,94.0
2025-08-24,21.55888888888889,32.47555555555556,9.741666666666667,10.916666666666666,89.0,8.0,162.0,0.8333333333333334,2.283333333333333,6.625,51.0,64.0,25.0,13.375,0.0,19718.0,0.66,0.5,90.0,66.0,71.0
2025-08-25,23.83944444444444,31.747222222222224,6.541666666666667,7.907777777777778,83.0,15.5,193.0,0.7583333333333333,1.4,4.383333333333334,48.0,50.5,53.0,13.0,0.0,9132.0,-0.29,-0.12,78.0,83.0,85.0
2025-08-26,24.60361111111111,30.75,5.2,6.146388888888889,85.0,19.0,147.0,0.8166666666666667,0.6666666666666666,3.716666666666667,49.0,51.375,52.0,13.25,0.0,14127.0,-0.21,-0.03,65.0,74.0,77.0
2025-08-27,24.409166666666668,31.95777777777778,6.658333333333333,7.548611111111111,88.0,18.5,166.0,1.3,1.475,3.883333333333333,48.0,52.125,56.0,12.25,0.0,9865.0,-0.18,0.17,82.0,86.0,89.0
2025-08-28,24.12361111111111,31.814722222222223,6.575,7.691111111111111,85.0,18.5,334.0,0.1666666666666666,1.075,5.333333333333333,47.0,51.875,64.0,12.5,0.0,5234.0,0.09,-0.08,65.0,81.0,56.0
2025-08-29,23.674444444444447,31.841944444444444,6.941666666666666,8.1675,85.0,15.5,154.0,0.9833333333333332,1.4166666666666667,4.541666666666667,48.0,53.125,55.0,12.875,0.0,10970.0,-0.01,-0.08,81.0,74.0,77.0
2025-08-30,26.613611111111112,32.02444444444444,4.725,5.410833333333334,87.0,21.5,129.0,0.25,0.55,3.925,45.0,52.0,50.0,12.375,0.0,17966.0,-0.15,-0.07,54.0,73.0,95.0
2025-08-31,,,,,,,,,,,,,,,,7728.0,,,,,
2025-09-01,25.38722222222222,31.541944444444443,5.358333333333333,6.154722222222222,87.0,14.0,155.0,0.5166666666666667,0.2666666666666666,4.575,47.0,53.25,63.0,12.125,0.35,8879.0,0.19,0.07,62.0,73.0,87.0
2025-09-02,24.407777777777778,31.441111111111116,6.175,7.033333333333333,88.0,16.0,171.0,0.8583333333333333,0.85,4.466666666666667,46.0,51.375,59.0,12.625,0.0,5889.0,-0.08,-0.06,74.0,79.0,85.0
2025-09-03,23.949722222222224,31.59861111111111,7.15,7.648888888888889,93.0,15.0,232.0,0.8,1.35,5.0,46.0,51.375,60.0,12.125,0.0,12058.0,-0.44,-0.15,83.0,88.0,87.0
2025-09-04,25.278055555555557,30.9675,4.75,5.689444444444445,83.0,14.5,98.0,0.9083333333333332,0.8333333333333334,3.0083333333333333,49.0,54.375,35.0,12.375,0.0,21461.0,-0.18,0.02,65.0,70.0,86.0
2025-09-05,23.683333333333334,31.816666666666663,6.975,8.133333333333333,86.0,28.0,202.0,0.9916666666666668,0.9833333333333332,5.0,56.0,60.625,29.0,12.5,0.0,16468.0,0.28,0.02,75.0,61.0,80.0
2025-09-06,24.717222222222222,32.38388888888889,6.908333333333333,7.666666666666667,90.0,8.0,170.0,0.7583333333333333,0.8083333333333333,5.341666666666667,61.0,68.75,22.0,11.625,0.0083333333333333,15638.0,0.22,-0.08,72.0,55.0,71.0
2025-09-07,21.334166666666665,28.999444444444443,7.008333333333334,7.665277777777778,91.0,4.5,246.0,1.2166666666666666,0.6166666666666667,5.175,47.0,55.0,46.0,13.25,0.0,3985.0,0.06,0.05,79.0,77.0,77.0
2025-09-08,24.883333333333333,31.48333333333333,6.125,6.6,93.0,6.0,141.0,0.6333333333333333,1.2666666666666666,4.225,53.0,57.125,39.0,12.875,0.0,11840.0,0.13,0.25,73.0,64.0,92.0
2025-09-09,22.800555555555555,31.66722222222222,8.233333333333333,8.866666666666667,93.0,10.0,144.0,1.3916666666666666,1.65,5.191666666666666,48.0,57.625,38.0,13.0,0.0,9232.0,0.46,0.32,93.0,78.0,87.0
2025-09-10,22.6825,30.5325,7.225,7.85,92.0,12.0,141.0,1.9333333333333331,1.4666666666666666,3.825,50.0,53.75,54.0,13.5,0.0083333333333333,10094.0,0.3,0.21,88.0,79.0,78.0
2025-09-11,22.76638888888889,30.46472222222222,6.9,7.698333333333333,90.0,13.0,145.0,1.0166666666666666,1.225,4.658333333333333,52.0,57.625,43.0,12.375,0.0,9296.0,0.32,0.32,84.0,71.0,84.0
2025-09-12,21.55027777777778,30.325555555555557,7.95,8.775277777777777,91.0,18.5,183.0,1.0916666666666666,1.8166666666666669,5.041666666666667,47.0,52.5,54.0,12.875,0.0,7135.0,0.55,0.52,91.0,79.0,76.0
2025-09-13,22.724166666666665,30.434722222222224,6.591666666666667,7.710555555555556,85.0,16.0,179.0,1.225,1.8,3.566666666666667,45.0,51.25,56.0,13.625,0.0,9318.0,0.34,0.37,85.0,86.0,84.0
2025-09-14,23.540277777777774,30.75111111111111,6.608333333333333,7.210833333333333,92.0,19.0,169.0,1.0833333333333333,1.3083333333333331,4.216666666666667,48.0,52.0,47.0,12.875,0.0,9450.0,-0.08,0.26,83.0,83.0,89.0
2025-09-15,23.383333333333333,31.53333333333333,6.825,8.15,84.0,16.5,173.0,1.4916666666666667,1.3333333333333333,4.0,49.0,53.25,55.0,13.875,0.0,9878.0,-0.52,0.14,85.0,88.0,94.0
2025-09-16,23.02472222222222,30.32472222222222,6.341666666666667,7.3,87.0,14.0,240.0,0.6666666666666666,0.8666666666666667,4.808333333333334,46.0,51.5,65.0,12.375,0.0,11482.0,0.02,0.18,73.0,87.0,68.0
2025-09-17,25.08,31.591944444444444,5.433333333333334,6.5119444444444445,83.0,16.0,127.0,0.8333333333333334,0.6166666666666667,3.983333333333333,47.0,54.125,54.0,12.25,0.0,10214.0,-0.28,-0.18,63.0,79.0,63.0
2025-09-18,23.591666666666665,30.27583333333333,5.916666666666667,6.684166666666667,89.0,16.5,131.0,0.6166666666666667,0.925,4.375,52.0,57.125,41.0,12.25,0.0,12969.0,0.12,-0.09,74.0,79.0,89.0
2025-09-19,22.59111111111111,30.06111111111111,5.958333333333333,7.47,80.0,7.0,261.0,0.6,0.825,4.533333333333333,49.0,55.25,62.0,12.125,0.025,9635.0,0.25,0.1,67.0,81.0,70.0
2025-09-20,23.441666666666663,31.369444444444444,7.025,7.927777777777778,89.0,8.5,153.0,1.475,1.5916666666666666,3.9583333333333335,49.0,55.25,42.0,13.0,0.0083333333333333,9905.0,0.33,0.1,87.0,87.0,91.0
2025-09-21,22.594166666666663,32.75888888888889,9.166666666666666,10.164722222222222,90.0,17.5,234.0,0.8916666666666667,2.2416666666666667,6.033333333333333,53.0,62.875,34.0,13.25,0.0,7195.0,0.67,0.43,90.0,66.0,82.0
2025-09-22,22.07583333333333,30.657777777777778,4.141666666666667,8.581944444444444,48.0,21.5,284.0,0.3333333333333333,0.5666666666666667,3.2416666666666667,48.0,53.0,60.0,13.25,0.0,9315.0,0.21,0.31,43.0,73.0,35.0
2025-09-23,23.941111111111116,30.793055555555554,6.208333333333333,6.851944444444444,91.0,17.0,176.0,1.2166666666666666,1.5416666666666667,3.45,46.0,52.375,45.0,12.625,0.0,6492.0,-0.2,0.27,82.0,88.0,85.0
2025-09-24,,,,,,,,,,,,,,,0.6916666666666667,8114.0,,,,,
2025-09-25,22.566944444444445,30.816944444444445,6.941666666666666,8.25,84.0,14.0,165.0,1.3083333333333331,1.275,4.358333333333333,50.0,55.375,52.0,12.5,0.0,10067.0,-0.01,0.1,82.0,80.0,67.0
2025-09-26,22.283611111111117,30.13361111111111,7.133333333333334,7.85,91.0,11.5,213.0,1.3,1.9666666666666663,3.8666666666666663,54.0,58.0,28.0,12.625,0.0,9831.0,-0.18,-0.09,88.0,76.0,76.0
2025-09-27,22.449444444444445,29.63833333333333,6.241666666666666,7.188888888888889,87.0,10.5,197.0,0.9666666666666668,1.025,4.25,49.0,55.0,49.0,12.875,0.0,20776.0,-0.02,0.1,78.0,76.0,90.0
2025-09-28,24.899722222222223,31.46638888888889,5.2,6.566666666666666,79.0,53.0,128.0,0.625,0.7916666666666666,3.783333333333333,58.0,63.875,27.0,12.625,0.0,10056.0,-0.04,0.0,51.0,52.0,68.0
2025-09-29,23.39,30.433333333333334,6.491666666666666,7.043333333333333,92.0,19.0,185.0,0.45,0.6666666666666666,5.375,48.0,54.125,64.0,12.375,0.2166666666666666,10033.0,0.17,0.05,73.0,79.0,80.0
2025-09-30,22.709722222222226,30.36694444444444,7.016666666666667,7.657222222222222,92.0,24.0,249.0,0.8,1.125,5.091666666666667,46.0,49.5,68.0,12.75,0.0,10168.0,0.14,0.1,81.0,81.0,87.0
2025-10-01,23.46722222222222,30.531944444444445,6.425,7.064722222222223,91.0,3.0,166.0,1.175,1.4666666666666666,3.783333333333333,48.0,53.5,53.0,12.5,0.0,10886.0,-0.19,0.01,80.0,79.0,72.0
2025-10-02,23.232777777777777,30.549444444444443,6.358333333333333,7.316666666666666,87.0,19.0,183.0,0.9666666666666668,1.075,4.316666666666666,49.0,53.25,54.0,12.75,0.0,10514.0,0.21,0.25,78.0,80.0,83.0
2025-10-03,22.400555555555552,29.8625,6.9,7.461944444444445,92.0,12.0,190.0,1.1416666666666666,1.2166666666666666,4.541666666666667,50.0,55.75,42.0,12.625,0.0,23795.0,0.21,0.17,84.0,79.0,83.0
2025-10-04,,,,,,,,,,,,,,,,15841.0,,,,,
2025-10-05,23.565555555555555,32.92944444444444,8.666666666666666,9.363888888888887,93.0,12.5,252.0,1.3583333333333334,1.9166666666666667,5.391666666666667,48.0,55.625,44.0,12.375,0.0,20484.0,0.14,0.26,91.0,81.0,81.0
2025-10-06,23.63305555555556,30.133055555555558,4.383333333333334,6.5,67.0,9.5,67.0,0.9833333333333332,0.5833333333333334,2.816666666666667,61.0,72.0,12.0,13.25,0.3333333333333333,15062.0,0.52,0.46,57.0,45.0,66.0
2025-10-07,23.016666666666666,31.62027777777778,6.9,8.60361111111111,80.0,2.5,113.0,1.2916666666666667,1.65,3.9583333333333335,47.0,54.25,53.0,12.75,0.0,7666.0,0.47,0.48,81.0,79.0,87.0
2025-10-08,23.36694444444445,31.03361111111111,6.608333333333333,7.666666666666667,86.0,4.5,116.0,1.1583333333333334,1.1583333333333334,4.291666666666667,56.0,63.25,25.0,12.75,0.0,19645.0,0.13,0.28,78.0,60.0,76.0
2025-10-09,26.40055555555556,31.765833333333333,4.883333333333334,5.365277777777778,91.0,6.0,100.0,0.9166666666666666,1.175,2.7916666666666665,50.0,57.25,28.0,12.25,0.825,6649.0,0.17,0.45,71.0,66.0,93.0
2025-10-10,20.41611111111111,29.63277777777778,7.1,9.216666666666669,77.0,25.5,152.0,0.95,1.6416666666666666,4.508333333333334,51.0,59.125,31.0,12.25,0.0,10586.0,0.61,0.54,77.0,58.0,54.0
2025-10-11,20.79083333333333,29.836666666666662,7.825,9.045833333333333,87.0,14.0,166.0,0.9416666666666668,1.3166666666666669,5.566666666666666,53.0,61.0,38.0,13.375,0.0,3884.0,0.54,0.39,86.0,61.0,72.0
2025-10-12,21.83361111111111,30.05027777777778,6.608333333333333,8.216666666666667,80.0,26.0,231.0,0.9416666666666668,0.9416666666666668,4.725,49.0,54.125,48.0,12.375,0.0,8053.0,-0.08,0.25,75.0,69.0,80.0
2025-10-13,22.183888888888887,31.50055555555556,8.108333333333333,9.316666666666666,87.0,19.0,216.0,1.0666666666666669,1.8,5.241666666666666,53.0,57.875,34.0,12.375,0.0,9624.0,0.01,0.43,90.0,73.0,74.0
2025-10-14,22.455,30.32888888888889,7.058333333333334,7.873888888888889,90.0,22.0,179.0,0.3,1.275,5.483333333333333,52.0,55.125,42.0,12.5,0.0,12556.0,0.01,0.28,76.0,73.0,73.0
2025-10-15,22.51638888888889,30.36638888888889,6.908333333333333,7.85,88.0,19.5,95.0,0.575,1.1583333333333334,5.175,53.0,59.25,26.0,13.375,0.0,8287.0,0.17,0.11,79.0,65.0,84.0
2025-10-16,22.66472222222222,30.342222222222222,7.058333333333334,7.6775,92.0,14.0,187.0,1.2333333333333334,1.0166666666666666,4.808333333333334,51.0,56.25,43.0,12.125,0.0,11255.0,-0.07,0.05,85.0,79.0,80.0
2025-10-17,23.194166666666668,30.605,6.641666666666667,7.410833333333334,90.0,19.0,189.0,1.075,1.3416666666666666,4.225,51.0,58.75,35.0,12.875,0.0,7050.0,-0.06,0.09,82.0,70.0,80.0
2025-10-18,22.512777777777774,31.200277777777774,7.625,8.6875,88.0,21.0,194.0,1.0583333333333331,1.6166666666666667,4.95,53.0,57.0,38.0,12.875,0.0,17609.0,-0.18,0.06,89.0,80.0,87.0
2025-10-19,24.184166666666663,32.416111111111114,7.283333333333333,8.231944444444444,88.0,13.0,234.0,0.7333333333333333,1.525,5.025,50.0,56.25,45.0,12.875,0.0,16038.0,-0.06,0.01,79.0,77.0,69.0
2025-10-20,22.88305555555556,29.36638888888889,5.041666666666667,6.483333333333333,78.0,19.0,192.0,0.4083333333333333,0.725,3.908333333333333,45.0,52.75,48.0,12.5,0.0,9894.0,-0.21,-0.06,60.0,75.0,68.0
2025-10-21,23.166666666666668,30.1,6.45,6.933333333333334,93.0,7.5,159.0,1.3666666666666667,1.6,3.4833333333333334,50.0,55.5,42.0,12.75,0.0,3079.0,-0.14,-0.06,84.0,76.0,89.0
2025-10-22,21.85833333333333,29.450277777777774,6.083333333333333,7.591944444444445,80.0,22.0,160.0,1.0083333333333333,1.15,3.925,52.0,59.25,34.0,12.875,0.0,12922.0,-0.09,-0.02,77.0,72.0,96.0
2025-10-23,20.75861111111111,29.30305555555556,7.2,8.544444444444444,84.0,8.0,154.0,0.6833333333333333,1.5,5.016666666666667,55.0,64.5,26.0,13.125,0.0,7406.0,-0.09,-0.07,79.0,68.0,68.0
2025-10-24,22.32583333333333,30.857777777777777,7.516666666666667,8.531944444444445,88.0,8.0,174.0,1.075,1.5916666666666666,4.85,48.0,53.125,54.0,12.75,0.0,14161.0,-0.09,-0.04,87.0,86.0,81.0
2025-10-25,22.941388888888888,31.60805555555556,7.608333333333333,8.666666666666666,88.0,17.0,190.0,0.95,1.0916666666666666,5.566666666666666,49.0,54.75,55.0,13.0,0.0583333333333333,12206.0,0.08,0.04,85.0,81.0,84.0
2025-10-26,22.90833333333333,30.708333333333336,6.966666666666667,7.8,89.0,14.0,113.0,0.7416666666666667,0.8083333333333333,5.416666666666667,49.0,52.75,52.0,13.0,0.0583333333333333,32676.0,-0.16,-0.04,79.0,84.0,81.0
2025-10-27,20.875,30.858888888888888,8.191666666666666,9.983888888888888,82.0,4.5,137.0,1.1333333333333333,1.5666666666666669,5.491666666666666,53.0,58.375,26.0,13.875,0.0,7074.0,0.13,0.09,88.0,70.0,80.0
2025-10-28,23.092222222222222,30.108888888888888,6.208333333333333,7.016666666666667,88.0,10.5,132.0,1.125,1.525,3.558333333333333,51.0,55.5,33.0,13.625,0.0,8016.0,0.29,0.18,80.0,83.0,78.0
2025-10-29,23.425833333333333,30.266666666666666,6.008333333333334,6.840833333333333,88.0,22.0,191.0,1.2916666666666667,1.0,3.716666666666667,47.0,54.25,41.0,13.625,0.0,5545.0,-0.16,-0.03,78.0,83.0,90.0
2025-10-30,,,,,,,,,,,,,,,,4576.0,,,,,
2025-10-31,23.58305555555556,29.399722222222223,4.566666666666666,5.816666666666666,79.0,21.0,128.0,0.8666666666666667,0.4583333333333333,3.2416666666666667,50.0,55.75,40.0,12.375,0.0,12478.0,0.01,0.14,61.0,70.0,79.0
2025-11-01,23.3,31.066666666666663,6.791666666666667,7.766666666666667,87.0,22.5,190.0,0.6416666666666667,1.6,4.55,51.0,56.875,39.0,12.625,0.0,6246.0,0.17,0.08,78.0,74.0,74.0
2025-11-02,24.58388888888889,31.90055555555556,7.4,8.316666666666666,89.0,5.5,177.0,1.0416666666666667,1.725,4.633333333333334,51.0,56.25,38.0,12.375,0.0,13183.0,0.0,0.09,81.0,75.0,78.0
2025-11-03,23.817777777777778,30.161944444444444,5.525,6.344166666666666,87.0,16.0,219.0,1.2083333333333333,0.95,3.3666666666666667,50.0,56.0,40.0,12.375,0.0,8476.0,-0.29,0.0,75.0,75.0,78.0
2025-11-04,22.724444444444444,30.53333333333333,6.775,7.808888888888889,87.0,13.5,174.0,1.5833333333333333,1.4666666666666666,3.725,54.0,60.0,35.0,13.25,0.0,8639.0,0.17,0.18,81.0,77.0,58.0
2025-11-05,22.916666666666668,30.08333333333333,6.416666666666667,7.166666666666667,90.0,27.5,122.0,1.1166666666666667,1.475,3.825,46.0,52.125,49.0,12.875,0.15,7339.0,-0.08,-0.03,81.0,85.0,94.0
2025-11-06,23.483611111111117,30.36694444444444,6.166666666666667,6.883333333333334,90.0,25.0,162.0,0.875,1.15,4.141666666666667,53.0,60.125,32.0,12.875,0.0,9166.0,0.11,0.01,76.0,70.0,85.0
2025-11-07,23.38138888888889,30.65083333333333,6.366666666666666,7.269444444444445,88.0,18.0,224.0,1.4666666666666666,1.375,3.525,50.0,55.75,40.0,13.0,0.0,5031.0,-0.09,0.06,82.0,84.0,81.0
2025-11-08,22.816111111111116,31.3525,7.616666666666666,8.536388888888888,89.0,8.0,145.0,0.9916666666666668,1.6333333333333333,4.991666666666666,53.0,59.125,30.0,13.0,0.0,6904.0,0.04,0.04,88.0,80.0,82.0
2025-11-09,21.85833333333333,29.258333333333333,6.225,7.4,84.0,14.0,210.0,0.775,0.75,4.7,50.0,55.25,38.0,13.125,0.0,9460.0,-0.28,-0.03,73.0,80.0,75.0
2025-11-10,22.691944444444445,31.60861111111111,8.116666666666667,8.916666666666666,91.0,15.0,257.0,0.85,1.6583333333333334,5.608333333333333,50.0,55.25,43.0,12.875,0.0,4520.0,-0.02,0.0,89.0,87.0,74.0
2025-11-11,22.95888888888889,29.842222222222222,5.4,6.883333333333334,78.0,17.5,149.0,0.9,0.7666666666666667,3.733333333333333,51.0,55.75,56.0,12.375,0.0,6495.0,0.05,0.01,69.0,77.0,82.0
2025-11-12,23.47583333333333,30.374444444444443,6.275,6.898611111111111,91.0,3.5,85.0,0.8333333333333334,1.3333333333333333,4.108333333333333,52.0,57.625,35.0,12.5,0.0,7730.0,0.02,-0.07,76.0,79.0,80.0
2025-11-13,22.675,30.758333333333333,7.233333333333333,8.083333333333334,89.0,10.5,159.0,1.5416666666666667,1.55,4.141666666666667,54.0,59.375,30.0,13.75,0.25,12740.0,-0.18,-0.03,88.0,82.0,85.0
2025-11-14,23.091944444444444,30.275277777777777,6.641666666666667,7.183333333333334,92.0,14.0,232.0,1.15,1.1916666666666669,4.3,49.0,58.875,34.0,12.5,0.0,10961.0,-0.04,0.04,83.0,76.0,82.0
2025-11-15,23.442222222222224,31.475555555555555,7.141666666666667,8.033333333333333,89.0,7.0,179.0,0.8,0.8416666666666667,5.5,53.0,56.875,40.0,14.125,0.2333333333333333,15122.0,0.1,0.04,76.0,76.0,72.0
2025-11-16,23.885,31.308055555555555,6.516666666666667,7.423055555555556,88.0,21.5,207.0,0.5666666666666667,1.4416666666666669,4.508333333333334,51.0,55.25,45.0,12.75,0.0,6320.0,0.07,-0.01,74.0,81.0,76.0
2025-11-17,22.775,30.325,6.358333333333333,7.55,84.0,12.5,200.0,0.7916666666666666,0.8416666666666667,4.725,48.0,55.0,51.0,13.25,0.0,7281.0,0.21,0.12,75.0,83.0,85.0
2025-11-18,20.541944444444447,30.269166666666667,7.35,9.727222222222222,76.0,6.5,236.0,0.725,0.775,5.85,51.0,59.625,38.0,12.5,0.0,7728.0,0.18,0.15,72.0,73.0,57.0
2025-11-19,23.242222222222225,30.19222222222222,6.033333333333333,6.95,87.0,19.5,196.0,1.0333333333333334,1.0583333333333331,3.941666666666667,50.0,54.375,42.0,12.625,0.0,6676.0,-0.28,0.0,75.0,83.0,71.0
2025-11-20,23.32472222222222,31.515,7.408333333333333,8.190277777777778,90.0,7.5,119.0,1.75,1.7666666666666666,3.8916666666666666,53.0,58.25,29.0,13.25,0.0,14171.0,0.02,0.16,90.0,77.0,91.0
2025-11-21,24.008333333333333,31.058333333333334,6.241666666666666,7.05,89.0,22.5,141.0,0.5916666666666667,0.8833333333333333,4.766666666666667,56.0,60.875,36.0,12.875,0.0,5497.0,0.09,0.08,71.0,73.0,85.0
2025-11-22,22.80888888888889,30.60527777777778,6.816666666666666,7.796388888888889,87.0,3.5,221.0,0.775,1.1416666666666666,4.9,51.0,55.0,33.0,13.75,0.0916666666666666,12911.0,0.05,-0.05,77.0,83.0,80.0
2025-11-23,23.99305555555556,32.03583333333333,7.2,8.042777777777777,90.0,14.5,175.0,1.3,1.9583333333333333,3.941666666666667,50.0,54.125,43.0,13.125,0.0,1531.0,0.12,0.1,87.0,85.0,83.0
2025-11-24,,,,,,,,,,,,,,,,,0.01,0.08,65.0,76.0,59.0
2025-11-25,23.33333333333333,30.3,6.358333333333333,6.966666666666667,91.0,2.5,134.0,0.8333333333333334,1.4833333333333334,4.041666666666667,55.0,60.25,26.0,13.5,0.0,6550.0,-0.12,0.02,78.0,66.0,82.0
2025-11-26,23.08388888888889,30.1925,6.191666666666666,7.108611111111111,87.0,60.0,167.0,0.675,1.15,4.366666666666666,51.0,57.625,36.0,12.875,0.0,6617.0,0.05,0.09,68.0,69.0,88.0
2025-11-27,23.399444444444445,30.149444444444445,6.258333333333334,6.75,93.0,11.0,169.0,1.175,1.075,4.008333333333334,48.0,53.625,47.0,12.625,0.025,9318.0,-0.14,-0.04,80.0,84.0,81.0
2025-11-28,25.091944444444444,31.391944444444444,5.441666666666666,6.3,86.0,11.5,136.0,1.1333333333333333,0.975,3.333333333333333,52.0,63.0,25.0,12.875,0.0,3128.0,0.14,0.04,68.0,65.0,69.0
2025-11-29,23.70888888888889,31.733888888888888,7.125,8.025,89.0,9.5,156.0,1.3,1.5583333333333331,4.266666666666667,47.0,53.0,42.0,12.625,0.0,9741.0,-0.07,0.0,86.0,88.0,91.0
2025-11-30,21.524444444444445,32.23972222222222,9.408333333333331,10.71527777777778,88.0,12.5,220.0,1.7416666666666667,1.7583333333333333,5.908333333333333,51.0,60.625,38.0,13.5,0.0166666666666666,6985.0,0.18,0.07,93.0,81.0,73.0
2025-12-01,22.70833333333333,30.058333333333334,6.675,7.35,91.0,7.0,165.0,1.125,1.0,4.55,48.0,53.0,43.0,13.125,0.0,16167.0,-0.3,-0.04,80.0,84.0,79.0
2025-12-02,23.325277777777774,30.041944444444443,6.133333333333334,6.716666666666667,91.0,18.5,162.0,1.2083333333333333,1.5916666666666666,3.333333333333333,49.0,54.625,42.0,12.875,0.025,6507.0,0.19,0.1,83.0,84.0,84.0
2025-12-03,22.85888888888889,30.2075,6.141666666666667,7.348611111111111,84.0,13.5,145.0,0.4916666666666666,0.7416666666666667,4.908333333333333,53.0,58.0,35.0,13.125,0.0,6998.0,-0.02,0.02,70.0,71.0,78.0
2025-12-04,23.49138888888889,31.024722222222223,6.441666666666666,7.533333333333333,86.0,8.5,141.0,0.8916666666666667,1.3166666666666669,4.233333333333333,60.0,68.5,26.0,13.125,0.0,13139.0,0.3,0.05,78.0,64.0,79.0
2025-12-05,24.863055555555555,31.374166666666667,5.85,6.511111111111111,90.0,5.0,132.0,1.0083333333333333,1.4416666666666669,3.4,51.0,55.75,35.0,12.875,0.0,9140.0,0.08,0.12,75.0,73.0,92.0
2025-12-06,25.32472222222222,31.994166666666665,5.95,6.669444444444444,89.0,10.5,150.0,0.6916666666666667,1.3583333333333334,3.9,49.0,56.75,37.0,12.375,0.0,11661.0,-0.03,0.06,71.0,78.0,88.0
2025-12-07,26.441666666666663,31.86583333333333,4.55,5.424166666666666,84.0,10.0,236.0,0.2166666666666666,0.775,3.558333333333333,54.0,63.0,27.0,13.0,0.0,73.0,-0.15,0.09,50.0,58.0,62.0
2025-12-08,23.95861111111111,31.4875,6.75,7.528888888888889,90.0,7.0,190.0,1.3,1.1083333333333334,4.341666666666667,47.0,54.875,47.0,12.5,0.0,2939.0,0.12,0.09,81.0,86.0,86.0
2025-12-09,22.73444444444445,30.250833333333333,6.866666666666666,7.516388888888889,91.0,17.5,155.0,1.1166666666666667,1.2166666666666666,4.533333333333333,48.0,53.0,48.0,12.625,0.1333333333333333,6890.0,0.11,0.03,85.0,84.0,90.0
2025-12-10,23.059166666666663,30.676388888888887,6.625,7.617222222222222,87.0,19.5,181.0,1.6833333333333331,1.475,3.466666666666667,53.0,57.875,36.0,13.25,0.0,7390.0,0.29,0.1,85.0,75.0,89.0
2025-12-11,23.691111111111116,31.524444444444445,7.233333333333333,7.833333333333333,92.0,10.0,178.0,0.775,1.5416666666666667,4.916666666666667,55.0,63.25,26.0,13.125,0.0,6986.0,0.03,0.1,82.0,71.0,77.0
2025-12-12,22.10805555555556,29.97083333333333,6.916666666666667,7.862777777777778,88.0,13.0,205.0,0.7416666666666667,1.4166666666666667,4.758333333333334,49.0,55.125,40.0,13.125,0.0,7059.0,-0.13,0.08,82.0,86.0,82.0
2025-12-13,22.41777777777778,29.304166666666667,6.233333333333333,6.886388888888889,91.0,11.5,96.0,0.9916666666666668,1.0583333333333331,4.183333333333334,52.0,56.125,41.0,12.75,0.0,20913.0,0.16,0.21,78.0,77.0,76.0
2025-12-14,22.966944444444444,32.41361111111111,8.808333333333334,9.446666666666667,93.0,5.5,218.0,1.5333333333333334,2.058333333333333,5.216666666666667,55.0,60.875,35.0,13.875,0.0,4666.0,0.16,0.07,92.0,77.0,87.0
2025-12-15,23.87333333333333,30.18277777777778,5.575,6.309444444444445,88.0,13.0,195.0,0.3333333333333333,0.975,4.266666666666667,51.0,54.875,50.0,13.0,0.0,8206.0,-0.05,0.0,69.0,73.0,82.0
2025-12-16,22.616111111111117,30.361666666666665,7.091666666666667,7.745555555555556,92.0,17.5,146.0,1.2083333333333333,1.8833333333333333,4.0,54.0,58.5,31.0,13.5,0.0,7568.0,0.03,0.13,90.0,78.0,94.0
2025-12-17,22.723888888888887,30.215,6.608333333333333,7.491111111111111,88.0,15.5,156.0,1.2916666666666667,1.2416666666666667,4.075,52.0,58.875,29.0,13.375,0.0,8518.0,0.1,0.12,83.0,77.0,77.0
2025-12-18,23.46722222222222,30.18555555555556,6.191666666666666,6.718333333333334,92.0,7.0,144.0,0.8666666666666667,1.6,3.725,53.0,59.0,43.0,12.75,0.0,5944.0,-0.14,-0.03,78.0,82.0,77.0
2025-12-19,23.105,31.032777777777778,6.575,7.927777777777778,83.0,12.0,138.0,1.5333333333333334,1.3416666666666666,3.7,53.0,60.875,36.0,13.875,0.0,11427.0,0.16,0.11,81.0,77.0,72.0
2025-12-20,24.066666666666663,32.416666666666664,7.633333333333334,8.35,91.0,21.5,151.0,0.975,1.275,5.383333333333334,52.0,58.625,38.0,12.5,0.0,15808.0,0.11,0.08,82.0,86.0,82.0
2025-12-21,23.129722222222224,31.809166666666663,7.65,8.679444444444444,88.0,17.0,127.0,1.55,1.3833333333333333,4.716666666666667,53.0,64.875,30.0,13.125,0.0,3636.0,0.25,0.1,88.0,74.0,83.0
2025-12-22,,,,,,,,,,,,,,,,7753.0,,,,,
2025-12-23,22.96583333333333,30.50805555555556,6.266666666666667,7.542222222222223,83.0,14.0,135.0,0.825,1.2416666666666667,4.2,54.0,62.0,30.0,13.375,0.0,13348.0,0.37,0.27,77.0,69.0,84.0
2025-12-24,23.33888888888889,31.34138888888889,6.5,8.0025,81.0,13.0,127.0,1.3333333333333333,1.6166666666666667,3.55,47.0,52.625,55.0,13.125,0.0,16349.0,-0.03,0.16,82.0,90.0,75.0
2025-12-25,24.2075,31.36583333333333,6.108333333333333,7.158333333333333,85.0,13.5,176.0,0.7083333333333334,1.2083333333333333,4.191666666666666,51.0,55.25,45.0,12.625,0.2583333333333333,8643.0,0.05,0.2,73.0,81.0,81.0
2025-12-26,23.08,31.43,7.133333333333334,8.35,85.0,12.0,156.0,0.8833333333333333,1.225,5.025,52.0,57.125,38.0,13.0,0.0,4322.0,0.08,0.2,80.0,86.0,68.0
2025-12-27,,,,,,,,,,,,,,,,0.0,,,,,
2025-12-30,,,,,,,,,,,,,,,,6586.0,,,,,
2025-12-31,23.383333333333333,32.11666666666667,7.766666666666667,8.733333333333333,89.0,10.5,190.0,0.95,1.9583333333333333,4.858333333333333,56.0,61.25,26.0,13.5,0.0,8920.0,0.07,,85.0,83.0,69.0
2026-01-01,23.86694444444445,31.848888888888887,7.458333333333333,7.981944444444444,93.0,5.5,140.0,0.925,1.45,5.083333333333333,54.0,60.125,32.0,13.625,0.0083333333333333,17868.0,0.13,,83.0,80.0,85.0
2026-01-02,23.85083333333333,32.199444444444445,7.4,8.348611111111111,89.0,3.0,244.0,0.875,1.3666666666666667,5.158333333333333,49.0,54.625,45.0,13.5,0.275,6186.0,-0.07,0.02,79.0,87.0,75.0
2026-01-03,23.483611111111117,31.80472222222222,7.325,8.321111111111112,88.0,16.5,239.0,0.1833333333333333,1.35,5.791666666666667,50.0,55.125,44.0,13.5,0.0,11355.0,0.04,0.09,76.0,86.0,74.0
2026-01-04,23.89583333333333,31.416666666666668,6.591666666666667,7.520833333333333,88.0,19.0,235.0,0.9583333333333334,0.9333333333333332,4.7,49.0,53.875,42.0,13.375,0.0,12350.0,-0.07,0.04,75.0,82.0,71.0
2026-01-05,23.21722222222222,30.53388888888889,6.808333333333334,7.316666666666666,93.0,6.0,100.0,1.2833333333333334,1.3333333333333333,4.191666666666666,48.0,51.75,45.0,13.125,0.0,10670.0,-0.07,-0.01,85.0,91.0,92.0
2026-01-06,23.066111111111116,30.43055555555556,6.658333333333333,7.364444444444445,90.0,20.0,165.0,1.0833333333333333,1.1833333333333331,4.391666666666667,48.0,51.75,55.0,13.5,0.0,12144.0,0.14,0.08,81.0,89.0,80.0
2026-01-07,22.811111111111117,30.624166666666667,6.866666666666666,7.813055555555556,88.0,20.0,151.0,0.6583333333333333,1.1833333333333331,5.025,52.0,57.125,45.0,13.125,0.0,10449.0,-0.12,-0.05,80.0,81.0,94.0
2026-01-08,23.19833333333333,30.35305555555556,6.591666666666667,7.154722222222222,92.0,18.5,152.0,0.6583333333333333,1.225,4.708333333333333,54.0,58.375,41.0,12.5,0.0,15556.0,-0.06,0.0,78.0,80.0,80.0
2026-01-09,24.259166666666665,31.746666666666663,6.683333333333334,7.4875,89.0,12.5,166.0,0.8,1.0416666666666667,4.841666666666667,56.0,60.75,29.0,13.25,0.0,9676.0,0.14,0.11,74.0,76.0,73.0
2026-01-10,24.85388888888889,31.974722222222223,6.35,7.120833333333334,89.0,12.5,121.0,0.4166666666666667,0.8916666666666667,5.041666666666667,53.0,56.875,51.0,12.375,0.0,14083.0,0.05,-0.01,69.0,76.0,80.0
2026-01-11,21.85833333333333,31.541666666666668,8.708333333333334,9.683333333333334,90.0,11.5,277.0,1.9416666666666669,1.5833333333333333,5.183333333333334,48.0,54.375,59.0,13.25,0.0,9261.0,0.1,0.07,94.0,91.0,82.0
2026-01-12,23.756944444444443,31.25555555555556,6.658333333333333,7.498611111111111,89.0,17.0,143.0,1.1583333333333334,1.175,4.325,46.0,50.75,57.0,12.875,0.0,10125.0,0.07,0.12,83.0,88.0,94.0
2026-01-13,22.684166666666663,30.249444444444443,6.975,7.565277777777778,92.0,12.5,205.0,2.0166666666666666,1.6083333333333334,3.35,47.0,51.375,58.0,13.0,0.0,9254.0,-0.09,0.03,88.0,92.0,86.0
2026-01-14,23.85,31.721944444444446,7.1,7.871944444444445,90.0,7.5,191.0,1.2583333333333333,1.0416666666666667,4.8,48.0,52.75,55.0,13.5,0.0333333333333333,10995.0,-0.06,0.05,81.0,91.0,80.0
2026-01-15,23.63361111111111,31.24388888888889,6.733333333333333,7.610277777777778,88.0,19.0,212.0,1.0166666666666666,1.1833333333333331,4.533333333333333,46.0,51.25,62.0,12.375,0.0,6573.0,-0.15,-0.02,78.0,88.0,74.0
2026-01-16,23.30888888888889,31.083055555555557,6.916666666666667,7.774166666666667,89.0,16.5,150.0,1.575,1.7333333333333334,3.608333333333333,50.0,54.375,44.0,13.625,0.0,2950.0,-0.31,-0.14,88.0,93.0,89.0
2026-01-17,23.183333333333334,31.28333333333333,7.433333333333334,8.1,92.0,6.0,185.0,1.175,1.3916666666666666,4.866666666666666,48.0,53.875,52.0,12.5,0.0,12274.0,0.15,0.03,86.0,94.0,84.0
2026-01-18,24.08194444444445,31.55027777777778,6.375,7.468333333333334,85.0,11.0,207.0,0.9166666666666666,0.8833333333333333,4.575,53.0,58.75,35.0,13.0,0.0,8782.0,-0.27,-0.2,73.0,81.0,73.0
2026-01-19,22.686666666666667,30.459722222222226,6.258333333333334,7.773055555555556,81.0,16.5,258.0,0.5666666666666667,1.0916666666666666,4.6,49.0,55.125,45.0,12.625,0.0,8383.0,-0.04,-0.08,71.0,90.0,66.0
2026-01-20,20.83361111111111,31.355,8.433333333333334,10.52138888888889,80.0,4.0,233.0,0.85,1.3916666666666666,6.191666666666666,48.0,57.0,49.0,13.0,0.0,12399.0,0.16,0.08,82.0,91.0,65.0
2026-01-21,23.89305555555556,30.642222222222223,6.083333333333333,6.7491666666666665,90.0,19.5,178.0,0.475,0.8916666666666667,4.716666666666667,51.0,59.0,36.0,12.875,0.0,8194.0,0.16,-0.03,71.0,74.0,81.0
2026-01-22,24.88,30.539444444444445,4.95,5.6594444444444445,87.0,16.5,97.0,0.4333333333333333,0.4,4.116666666666666,45.0,51.5,76.0,12.0,0.0,9373.0,-0.3,-0.07,61.0,80.0,85.0
2026-01-23,22.51638888888889,30.85944444444444,7.7,8.343055555555555,92.0,9.0,156.0,1.175,1.675,4.85,48.0,53.625,67.0,13.125,0.0,10809.0,-0.16,0.05,92.0,89.0,92.0
2026-01-24,23.733611111111117,30.933611111111112,6.616666666666666,7.2,92.0,4.0,140.0,1.0583333333333331,1.6916666666666669,3.8666666666666663,50.0,54.5,55.0,12.75,0.0,11517.0,-0.05,0.0,80.0,80.0,74.0
2026-01-25,,,,,,,,,,,,,,,0.0083333333333333,100.0,,,,,
2026-01-26,23.58388888888889,31.36722222222222,6.616666666666666,7.783333333333333,85.0,11.5,243.0,1.2,1.3583333333333334,4.058333333333334,50.0,54.25,61.0,12.875,0.0,9591.0,-0.21,-0.14,81.0,88.0,78.0
2026-01-27,22.13305555555556,30.43083333333333,7.758333333333334,8.297777777777778,93.0,15.0,172.0,1.0,1.4916666666666667,5.266666666666667,45.0,50.75,61.0,13.375,0.0,10161.0,-0.02,-0.02,91.0,89.0,88.0
2026-01-28,24.96638888888889,30.833055555555557,4.95,5.866666666666666,84.0,4.5,53.0,0.8583333333333333,0.8833333333333333,3.208333333333333,65.0,71.5,17.0,12.625,0.0,8475.0,0.34,0.17,63.0,53.0,77.0
2026-01-29,23.016944444444444,29.88833333333333,5.616666666666666,6.871388888888889,82.0,14.5,123.0,0.7833333333333333,1.1333333333333333,3.7,50.0,55.375,52.0,13.125,0.0,11967.0,0.36,0.06,73.0,82.0,88.0
2026-01-30,,,,,,,,,,,,,,,0.7333333333333334,5675.0,,,,,
2026-01-31,23.051111111111112,31.44972222222222,7.55,8.39861111111111,90.0,7.0,149.0,1.525,1.8083333333333331,4.216666666666667,49.0,53.375,46.0,13.0,0.0,12951.0,0.16,0.29,92.0,89.0,97.0
2026-02-01,24.43583333333333,31.736944444444443,6.491666666666666,7.301111111111111,89.0,14.0,188.0,0.9666666666666668,1.1583333333333334,4.366666666666666,54.0,58.375,31.0,13.25,0.0,12939.0,0.15,0.28,77.0,74.0,78.0
2026-02-02,24.067222222222224,30.33388888888889,5.633333333333334,6.266666666666667,90.0,12.5,124.0,1.0916666666666666,1.1666666666666667,3.375,50.0,54.25,55.0,12.375,0.0,8764.0,-0.05,0.05,78.0,83.0,97.0
2026-02-03,22.8675,30.196666666666665,6.583333333333333,7.329166666666667,90.0,16.0,142.0,1.7416666666666667,1.4083333333333334,3.433333333333333,49.0,53.125,53.0,13.375,0.0916666666666666,10184.0,0.15,0.17,86.0,88.0,90.0
2026-02-04,22.83333333333333,30.72583333333333,6.95,7.8925,88.0,22.0,147.0,0.7916666666666666,1.125,5.033333333333333,50.0,56.125,51.0,12.75,0.2833333333333333,9703.0,0.08,0.11,79.0,80.0,81.0
2026-02-05,23.28333333333333,30.33333333333333,6.441666666666666,7.05,91.0,8.5,137.0,1.25,1.3583333333333334,3.8333333333333335,46.0,49.375,57.0,13.0,0.0,12774.0,-0.08,0.0,84.0,86.0,97.0
2026-02-06,24.711111111111112,31.23361111111111,5.558333333333334,6.5225,85.0,16.5,180.0,0.6583333333333333,0.875,4.025,48.0,52.25,57.0,13.0,0.3166666666666666,5971.0,-0.06,0.07,69.0,81.0,88.0
2026-02-07,23.650555555555552,31.628611111111116,7.025,7.978055555555556,88.0,13.0,158.0,0.7583333333333333,1.375,4.891666666666667,53.0,56.875,39.0,13.0,0.0,43.0,-0.26,-0.06,82.0,83.0,90.0
2026-02-08,24.218333333333334,31.99194444444444,6.575,7.773611111111111,85.0,13.0,175.0,0.7,1.0666666666666669,4.808333333333334,51.0,57.5,38.0,12.5,0.0,10031.0,-0.04,-0.03,74.0,82.0,78.0
2026-02-09,24.841666666666665,29.964166666666667,4.708333333333333,5.1225,92.0,3.0,200.0,0.3416666666666667,0.6416666666666667,3.725,51.0,55.75,54.0,11.875,0.0,7490.0,-0.2,-0.13,56.0,72.0,60.0
2026-02-10,22.575277777777774,30.393611111111117,6.9,7.818333333333333,88.0,19.5,161.0,1.2916666666666667,1.05,4.558333333333334,48.0,52.0,59.0,12.5,0.0,6814.0,-0.26,-0.19,82.0,90.0,79.0
2026-02-11,23.209166666666665,30.012777777777774,5.725,6.803611111111112,84.0,18.0,108.0,1.3666666666666667,1.125,3.2333333333333334,49.0,56.625,39.0,12.625,0.0,9288.0,-0.03,-0.05,77.0,77.0,89.0
2026-02-12,23.158055555555556,30.27694444444445,6.308333333333334,7.118888888888889,89.0,18.0,206.0,0.825,1.3833333333333333,4.1,49.0,54.5,55.0,12.375,0.0,3502.0,-0.08,-0.14,79.0,86.0,78.0
2026-02-13,,,,,,,,,,,,,,,,0.0,,,,,
2026-02-14,,,,,,,,,,,,,,,,17.0,,,,,
2026-02-15,24.08277777777778,32.63444444444444,7.7,8.551666666666666,90.0,8.5,162.0,1.175,1.5,5.025,50.0,55.75,41.0,13.25,0.025,15831.0,0.09,0.02,87.0,84.0,82.0
2026-02-16,19.266666666666666,25.683333333333334,4.2,6.416666666666667,65.0,46.5,70.0,0.8083333333333333,0.5083333333333333,2.8833333333333333,51.0,57.625,43.0,13.875,0.025,22410.0,0.2,,45.0,62.0,86.0
2026-02-17,18.86722222222222,26.217222222222222,6.266666666666667,7.35,85.0,11.0,122.0,0.9333333333333332,0.85,4.483333333333333,53.0,60.25,30.0,13.375,0.2416666666666666,7518.0,0.24,0.21,73.0,70.0,73.0
2026-02-18,18.66611111111111,26.982777777777777,7.8,8.316666666666666,94.0,13.0,166.0,0.9583333333333334,1.6833333333333331,5.158333333333333,48.0,52.75,53.0,12.625,0.2416666666666666,10969.0,-0.09,0.06,89.0,90.0,92.0
2026-02-19,24.65833333333333,31.024722222222223,5.641666666666667,6.366388888888889,89.0,8.0,138.0,1.0166666666666666,0.8,3.825,54.0,58.25,32.0,12.875,0.0,7897.0,0.1,0.18,70.0,67.0,79.0
2026-02-20,23.325277777777774,31.09722222222222,7.058333333333334,7.771944444444444,91.0,8.0,175.0,0.8166666666666667,1.1166666666666667,5.125,51.0,55.625,51.0,12.625,0.0,14582.0,0.1,0.13,80.0,81.0,80.0
2026-02-21,23.821666666666665,30.218333333333334,5.575,6.3966666666666665,87.0,8.5,201.0,0.9083333333333332,0.5666666666666667,4.1,49.0,53.25,59.0,12.375,0.0,7402.0,-0.26,-0.1,68.0,70.0,74.0
2026-02-22,20.30777777777778,31.536944444444444,9.15,11.229166666666666,81.0,14.5,225.0,0.8583333333333333,1.0166666666666666,7.275,52.0,61.0,41.0,13.375,0.0,7715.0,0.17,0.13,83.0,85.0,58.0
2026-02-23,,,,,,,,,,,,,,,1.4666666666666666,11473.0,,-0.02,27.0,38.0,68.0
2026-02-24,22.391944444444444,30.265,6.733333333333333,7.873055555555555,86.0,19.5,252.0,0.675,0.9833333333333332,5.075,50.0,55.375,47.0,13.0,0.0,6611.0,-0.04,-0.06,75.0,84.0,70.0
2026-02-25,23.099722222222223,30.675555555555555,6.8,7.575833333333334,90.0,15.0,187.0,1.1166666666666667,1.475,4.208333333333333,50.0,54.125,55.0,13.25,0.275,2834.0,-0.06,0.08,86.0,76.0,89.0
2026-02-26,23.08305555555556,30.37638888888889,6.458333333333333,7.293333333333333,89.0,14.5,173.0,1.3333333333333333,1.4833333333333334,3.6416666666666666,53.0,56.375,49.0,12.875,0.0,13433.0,-0.03,0.0,84.0,69.0,82.0
2026-02-27,22.98333333333333,30.6,7.083333333333333,7.616666666666666,93.0,5.0,192.0,1.1083333333333334,1.2333333333333334,4.741666666666666,50.0,57.375,55.0,13.0,0.0,14924.0,0.08,0.02,83.0,78.0,83.0
2026-02-28,23.81277777777778,30.617222222222225,5.85,6.804444444444444,86.0,13.5,129.0,0.9333333333333332,0.625,4.291666666666667,50.0,55.75,68.0,12.375,0.0,9868.0,0.11,0.03,72.0,74.0,81.0
2026-03-01,21.532777777777778,31.24972222222222,7.1,9.716944444444444,73.0,15.5,121.0,1.1916666666666669,0.9416666666666668,4.966666666666667,50.0,61.125,42.0,13.75,0.0,9332.0,0.0,0.02,79.0,73.0,71.0
2026-03-02,23.283611111111117,30.383333333333333,6.25,7.099722222222222,88.0,15.5,162.0,1.3583333333333334,1.325,3.566666666666667,49.0,52.875,57.0,12.875,0.0,13360.0,-0.04,0.05,82.0,85.0,81.0
2026-03-03,23.08361111111111,30.334722222222226,5.825,7.251111111111111,80.0,16.5,123.0,1.3083333333333331,1.1083333333333334,3.408333333333333,50.0,56.375,52.0,13.0,0.0,11605.0,0.11,0.1,78.0,79.0,93.0
2026-03-04,20.483888888888888,30.17361111111111,8.033333333333333,9.689722222222224,83.0,13.5,136.0,0.4583333333333333,1.3666666666666667,6.208333333333333,53.0,58.125,38.0,12.875,0.0,13147.0,0.1,0.05,85.0,79.0,88.0
2026-03-05,23.9325,30.36583333333333,5.616666666666666,6.433333333333334,87.0,4.5,145.0,0.9,0.6,4.116666666666666,52.0,56.625,48.0,12.875,0.225,11512.0,-0.38,-0.12,69.0,70.0,83.0
2026-03-06,23.18,30.81277777777778,6.475,7.632777777777778,85.0,14.0,133.0,1.125,1.0833333333333333,4.266666666666667,50.0,53.875,57.0,12.75,0.0,15264.0,-0.27,-0.03,80.0,86.0,83.0
2026-03-07,23.85027777777778,29.98361111111111,5.841666666666667,6.133333333333334,95.0,3.5,114.0,0.6416666666666667,0.9416666666666668,4.258333333333334,48.0,51.125,68.0,12.375,0.0,8190.0,-0.27,-0.13,72.0,78.0,89.0
2026-03-08,22.94638888888889,32.134166666666665,6.758333333333334,8.187777777777777,83.0,19.5,111.0,0.6416666666666667,1.5416666666666667,4.575,54.0,62.875,37.0,13.375,0.0,10070.0,0.35,-0.05,79.0,77.0,82.0
2026-03-09,22.599444444444444,30.27694444444445,6.9,7.6775,90.0,18.5,212.0,0.6583333333333333,0.95,5.291666666666667,47.0,51.125,73.0,12.625,0.0,13776.0,-0.18,-0.22,77.0,86.0,74.0
2026-03-10,22.93277777777778,30.399166666666662,6.775,7.466388888888889,91.0,15.5,108.0,1.4333333333333331,1.1666666666666667,4.175,50.0,56.625,50.0,13.375,0.1666666666666666,14055.0,0.13,0.02,85.0,78.0,84.0
2026-03-11,20.683611111111112,30.58361111111111,7.808333333333334,9.9,79.0,4.0,138.0,1.3416666666666666,1.4833333333333334,4.983333333333333,49.0,54.375,60.0,12.75,0.0,10507.0,0.13,0.16,87.0,90.0,85.0
2026-03-12,20.86722222222222,30.270555555555557,8.675,9.403333333333334,92.0,8.5,152.0,1.0,1.575,6.1,47.0,52.75,61.0,13.25,0.0,13518.0,-0.07,-0.06,91.0,90.0,84.0
2026-03-13,23.57111111111111,30.50472222222222,6.416666666666667,6.933611111111111,93.0,14.0,151.0,1.05,1.7166666666666666,3.65,47.0,52.625,58.0,12.75,0.0,9854.0,0.13,0.13,86.0,86.0,96.0
2026-03-14,21.20833333333333,30.906666666666663,8.391666666666667,9.698333333333334,87.0,11.0,129.0,0.6333333333333333,1.8,5.958333333333333,46.0,53.75,55.0,13.5,0.0,12791.0,0.41,0.21,89.0,82.0,83.0
2026-03-15,22.37472222222222,31.670277777777777,8.35,9.295555555555556,90.0,14.5,169.0,0.85,1.5083333333333333,5.991666666666666,47.0,51.125,75.0,13.25,0.0,8312.0,-0.15,-0.04,90.0,94.0,81.0
2026-03-16,24.684166666666663,31.1175,5.4,6.433333333333334,84.0,21.0,134.0,1.1333333333333333,0.9666666666666668,3.3,47.0,50.375,59.0,13.375,0.0,15600.0,-0.08,0.11,69.0,87.0,78.0
2026-03-17,23.95111111111111,30.349722222222223,5.683333333333334,6.398611111111111,89.0,17.5,162.0,0.6833333333333333,0.6416666666666667,4.358333333333333,43.0,48.25,80.0,13.0,0.0,15462.0,-0.04,0.13,69.0,80.0,79.0
2026-03-18,24.216666666666665,31.140833333333333,5.983333333333333,6.924166666666666,86.0,6.5,111.0,1.2916666666666667,0.8333333333333334,3.858333333333333,51.0,56.5,45.0,13.125,0.2166666666666666,5284.0,-0.07,-0.08,73.0,77.0,81.0
2026-03-19,25.217222222222222,31.800555555555555,5.9,6.583333333333333,90.0,24.0,136.0,1.125,1.1916666666666669,3.583333333333333,48.0,51.75,56.0,13.5,0.0,4829.0,-0.08,-0.05,72.0,86.0,80.0
2026-03-20,23.942222222222224,31.94222222222222,7.0,8.0,88.0,7.0,134.0,0.675,1.0,5.325,50.0,56.125,46.0,13.125,0.0,11753.0,-0.03,-0.02,74.0,83.0,61.0
2026-03-21,24.09138888888889,31.191388888888888,5.55,7.1,78.0,41.5,97.0,0.45,0.6333333333333333,4.466666666666667,55.0,62.875,32.0,13.0,0.0,12368.0,0.19,0.04,56.0,62.0,68.0
2026-03-22,23.84,32.391666666666666,6.616666666666666,8.551666666666666,77.0,15.0,100.0,0.475,0.775,5.366666666666666,49.0,55.25,59.0,13.625,0.0,8404.0,-0.1,-0.06,73.0,82.0,87.0
2026-03-23,,,,,,,,,,,,,,,,14906.0,,,,,
2026-03-24,23.616111111111117,30.449444444444445,6.2,6.833333333333333,91.0,3.5,148.0,0.9833333333333332,0.9,4.316666666666666,47.0,50.625,73.0,12.75,0.0,7768.0,-0.1,0.03,75.0,80.0,81.0
2026-03-25,24.324166666666667,30.607777777777777,5.458333333333333,6.283611111111111,87.0,6.5,106.0,1.0666666666666669,0.9333333333333332,3.458333333333333,51.0,55.0,49.0,12.625,0.0083333333333333,6701.0,-0.03,-0.05,71.0,73.0,75.0
2026-03-26,20.72472222222222,30.58083333333333,8.725,9.856111111111112,89.0,7.5,250.0,1.275,1.8916666666666664,5.558333333333334,46.0,55.875,51.0,13.0,0.0,12874.0,0.23,0.13,89.0,85.0,75.0
2026-03-27,23.775,30.61638888888889,5.875,6.841388888888889,86.0,4.0,246.0,0.5916666666666667,1.2916666666666667,3.9916666666666663,47.0,52.125,58.0,13.0,0.0,10183.0,-0.07,-0.04,70.0,80.0,74.0
2026-03-28,23.61722222222222,28.790277777777774,4.75,5.173055555555556,92.0,10.0,67.0,0.95,1.0666666666666669,2.7333333333333334,49.0,51.75,51.0,12.75,0.0,13747.0,-0.13,0.01,68.0,78.0,81.0
2026-03-29,20.83361111111111,31.516944444444444,9.566666666666666,10.683333333333334,90.0,7.0,161.0,1.45,2.091666666666667,6.025,44.0,49.625,80.0,12.375,0.0,21108.0,-0.1,0.06,92.0,92.0,80.0
2026-03-30,24.91722222222222,30.265833333333333,4.816666666666666,5.348611111111111,90.0,12.5,156.0,0.7416666666666667,0.9916666666666668,3.083333333333333,46.0,48.75,56.0,12.125,0.0,14711.0,-0.16,-0.09,69.0,76.0,82.0
2026-03-31,23.33305555555556,30.262777777777774,6.15,6.929722222222222,89.0,19.5,157.0,1.425,1.2916666666666667,3.433333333333333,45.0,50.625,65.0,12.5,0.0,2235.0,0.07,-0.01,80.0,84.0,81.0
2026-04-01,,,,,,,,,,,,,,,,7425.0,,,,,
2026-04-02,24.35833333333333,30.85833333333333,5.583333333333333,6.5,86.0,8.5,78.0,0.8333333333333334,0.8916666666666667,3.858333333333333,54.0,61.625,32.0,12.125,0.0,13131.0,0.27,0.08,70.0,63.0,76.0
2026-04-03,21.091944444444444,31.85861111111111,9.833333333333334,10.766666666666667,91.0,10.5,245.0,1.8416666666666663,1.5166666666666666,6.475,45.0,53.125,57.0,12.0,0.0,14415.0,0.35,0.24,93.0,89.0,80.0
2026-04-04,24.342222222222222,30.90888888888889,5.333333333333333,6.566666666666666,81.0,13.0,74.0,1.2416666666666667,1.2666666666666666,2.825,51.0,56.625,46.0,12.0,0.0,19703.0,0.25,0.3,74.0,73.0,79.0
2026-04-05,25.607777777777777,31.848333333333333,5.458333333333333,6.240555555555556,87.0,8.0,187.0,0.85,1.0666666666666669,3.5416666666666665,48.0,52.875,47.0,12.25,0.0,1403.0,0.05,0.23,67.0,81.0,74.0
2026-04-06,23.95833333333333,31.29611111111111,6.491666666666666,7.337777777777778,88.0,3.5,143.0,1.2416666666666667,1.25,4.0,45.0,48.5,65.0,12.5,0.0,6514.0,-0.14,0.16,78.0,88.0,74.0
2026-04-07,24.525277777777777,30.524722222222223,5.25,5.999444444444444,88.0,10.5,157.0,1.1916666666666669,0.8583333333333333,3.2,48.0,52.5,45.0,12.25,0.6083333333333333,9846.0,-0.27,0.03,73.0,77.0,76.0
2026-04-08,23.1925,30.99111111111111,6.9,7.798611111111111,88.0,3.0,93.0,0.8916666666666667,1.0666666666666669,4.941666666666666,52.0,55.375,43.0,12.0,0.0,7406.0,-0.06,0.0,78.0,77.0,80.0
2026-04-09,22.741666666666667,30.391666666666666,6.866666666666666,7.65,90.0,12.0,107.0,0.8583333333333333,1.5833333333333333,4.425,49.0,53.75,47.0,12.5,0.0,11069.0,0.06,-0.05,84.0,84.0,85.0
2026-04-10,23.883333333333333,30.532777777777778,6.125,6.649444444444445,92.0,7.0,146.0,0.8916666666666667,1.4083333333333334,3.825,53.0,56.5,31.0,12.5,0.0,10415.0,0.06,-0.06,78.0,67.0,84.0
2026-04-11,21.96472222222222,29.49222222222222,6.616666666666666,7.5275,88.0,17.0,209.0,1.0166666666666666,1.0833333333333333,4.516666666666667,50.0,55.125,53.0,11.875,0.0,15089.0,-0.2,-0.06,77.0,78.0,78.0
2026-04-12,21.384166666666665,31.266111111111112,8.458333333333334,9.881944444444445,86.0,20.5,201.0,1.0333333333333334,1.55,5.875,49.0,53.75,49.0,12.375,0.0,17994.0,0.11,0.1,88.0,86.0,74.0
2026-04-13,23.13305555555556,30.49972222222222,6.533333333333333,7.366666666666666,89.0,26.0,119.0,0.8416666666666667,1.3166666666666669,4.375,46.0,52.125,64.0,11.875,0.0,5808.0,0.1,0.05,80.0,81.0,94.0
2026-04-14,,,,,,,,,,,,,,,,0.0,,,,,
2026-04-15,23.334166666666665,30.475555555555555,6.55,7.141388888888889,92.0,6.5,147.0,0.9333333333333332,1.1083333333333334,4.508333333333334,47.0,52.375,52.0,12.5,0.0,14024.0,-0.01,0.09,78.0,85.0,80.0
2026-04-16,,,,,,,,,,,,,,,,8967.0,,,,,
2026-04-17,23.62527777777778,30.20861111111111,6.041666666666667,6.583333333333333,92.0,3.5,125.0,0.5833333333333334,1.275,4.183333333333334,50.0,54.375,47.0,12.375,0.0,11796.0,-0.2,-0.08,75.0,76.0,93.0
2026-04-18,23.725277777777777,31.45861111111111,6.525,7.733333333333333,84.0,17.0,205.0,1.2166666666666666,1.6166666666666667,3.691666666666667,49.0,52.125,47.0,12.875,0.2166666666666666,9742.0,-0.09,-0.01,85.0,88.0,91.0
2026-04-19,,,,,,,,,,,,,,,0.05,8503.0,,,,,
2026-04-20,23.645555555555557,30.412222222222223,6.075,6.766666666666667,90.0,3.5,262.0,0.55,0.8833333333333333,4.641666666666667,44.0,45.375,78.0,14.0,0.0,7749.0,-0.25,-0.16,69.0,84.0,73.0
2026-04-21,23.766666666666666,30.7,6.141666666666667,6.933333333333334,89.0,26.0,163.0,1.025,1.15,3.966666666666667,44.0,50.5,62.0,12.375,0.0,7293.0,-0.11,-0.07,78.0,81.0,93.0
2026-04-22,22.78333333333333,30.595277777777778,6.7,7.811944444444444,86.0,26.0,183.0,1.725,1.3416666666666666,3.633333333333333,48.0,52.75,60.0,12.875,0.0,14375.0,0.15,0.05,81.0,81.0,79.0
2026-04-23,23.58388888888889,30.70888888888889,6.283333333333333,7.125,88.0,17.5,87.0,0.725,1.0,4.558333333333334,50.0,53.125,58.0,12.25,0.1833333333333333,7057.0,-0.43,-0.26,77.0,81.0,90.0
2026-04-24,23.7675,30.516111111111112,6.241666666666666,6.748611111111111,92.0,3.0,142.0,0.975,1.325,3.941666666666667,49.0,54.25,58.0,12.0,0.0,7134.0,-0.03,0.0,79.0,76.0,92.0
2026-04-25,24.24972222222222,31.69388888888889,6.65,7.444166666666667,89.0,7.0,191.0,0.5083333333333333,0.875,5.266666666666667,46.0,50.625,60.0,12.25,0.0,12293.0,-0.29,-0.12,72.0,83.0,71.0
2026-04-26,23.61638888888889,31.42,7.091666666666667,7.803611111111111,91.0,7.5,213.0,1.1583333333333334,1.5333333333333334,4.4,42.0,47.125,75.0,12.125,0.0,17430.0,-0.19,-0.23,85.0,90.0,76.0
2026-04-27,23.441388888888888,30.60944444444444,6.566666666666666,7.168055555555555,92.0,11.5,218.0,1.1333333333333333,1.6083333333333334,3.825,44.0,48.125,65.0,12.625,0.0,9900.0,-0.08,-0.07,84.0,83.0,79.0
2026-04-28,22.892222222222223,30.564444444444444,6.966666666666667,7.6722222222222225,91.0,10.5,233.0,1.2416666666666667,1.3416666666666666,4.383333333333334,48.0,51.25,66.0,12.125,0.0,15284.0,0.11,-0.08,85.0,87.0,78.0
2026-04-29,22.992222222222225,30.108888888888888,6.416666666666667,7.116666666666666,90.0,15.5,170.0,1.4083333333333334,1.5833333333333333,3.425,48.0,52.125,58.0,12.0,0.0,16621.0,-0.12,-0.11,84.0,86.0,78.0
2026-04-30,23.024166666666662,30.54138888888889,6.783333333333333,7.517222222222222,90.0,6.0,200.0,0.8333333333333334,1.425,4.525,47.0,50.5,74.0,12.875,0.0,13704.0,-0.05,0.0,82.0,86.0,88.0
2026-05-01,23.07555555555556,30.645555555555557,6.758333333333334,7.57,89.0,8.0,180.0,0.9833333333333332,1.2083333333333333,4.566666666666666,49.0,53.75,55.0,12.25,0.0,10679.0,0.05,0.05,80.0,80.0,76.0
2026-05-02,24.165277777777774,30.79222222222222,5.95,6.626944444444445,90.0,11.0,109.0,0.9833333333333332,1.0833333333333333,3.883333333333333,50.0,53.0,58.0,12.375,0.0,9239.0,-0.11,-0.08,77.0,81.0,85.0
2026-05-03,23.008055555555558,30.424722222222226,6.925,7.416666666666667,93.0,18.0,181.0,0.6,1.15,5.175,48.0,50.75,59.0,12.75,0.1833333333333333,14834.0,0.03,0.02,79.0,88.0,77.0
2026-05-04,23.483611111111117,30.4225,6.333333333333333,6.938888888888889,91.0,17.0,162.0,1.5666666666666669,1.6,3.1666666666666665,45.0,49.625,63.0,12.5,0.0,15713.0,0.05,0.03,86.0,85.0,92.0
2026-05-05,23.53388888888889,30.733888888888888,6.525,7.2,91.0,19.0,105.0,0.9166666666666666,1.0416666666666667,4.566666666666666,48.0,51.25,65.0,13.0,0.0,6940.0,-0.14,-0.07,80.0,80.0,88.0
2026-05-06,23.059166666666663,30.9325,6.716666666666667,7.873333333333333,85.0,17.5,220.0,0.3333333333333333,1.2666666666666666,5.116666666666666,46.0,51.875,59.0,12.375,0.0,15280.0,0.09,0.07,76.0,84.0,83.0
2026-05-07,23.09861111111111,30.566666666666663,6.733333333333333,7.468055555555556,90.0,17.0,156.0,1.2333333333333334,1.225,4.275,48.0,53.375,60.0,12.5,0.0,5176.0,0.25,0.11,86.0,83.0,96.0
2026-05-08,22.066944444444445,30.900277777777777,6.458333333333333,8.833333333333334,73.0,81.0,160.0,0.525,0.8416666666666667,5.091666666666667,49.0,52.5,55.0,13.0,0.0,9037.0,-0.18,-0.08,60.0,77.0,70.0
2026-05-09,21.966944444444444,29.466944444444444,6.641666666666667,7.5,89.0,20.5,119.0,1.1333333333333333,1.2416666666666667,4.266666666666667,45.0,48.875,63.0,12.5,0.0,15465.0,-0.2,0.03,79.0,90.0,83.0
2026-05-10,23.49944444444445,31.149444444444445,6.966666666666667,7.65,91.0,6.0,282.0,1.2166666666666666,1.6083333333333334,4.141666666666667,44.0,49.25,49.0,12.75,0.0,11957.0,-0.1,0.05,84.0,90.0,74.0
2026-05-11,23.773055555555555,30.39027777777778,6.016666666666667,6.617222222222222,91.0,16.5,195.0,0.3083333333333333,1.0166666666666666,4.691666666666666,45.0,48.375,66.0,12.375,0.0,5974.0,0.17,-0.03,72.0,86.0,82.0
2026-05-12,23.316944444444445,30.23361111111111,6.233333333333333,6.916666666666667,90.0,9.0,110.0,0.9833333333333332,0.9583333333333334,4.291666666666667,50.0,55.625,49.0,12.375,0.0,6337.0,0.1,-0.04,78.0,76.0,86.0
2026-05-13,22.584166666666665,30.594722222222224,7.341666666666667,8.010555555555555,92.0,8.5,267.0,0.8166666666666667,1.8,4.725,47.0,51.375,58.0,12.5,0.0,8229.0,0.12,0.06,84.0,84.0,73.0
2026-05-14,22.949722222222224,31.16638888888889,6.275,8.216666666666667,76.0,10.5,136.0,1.225,1.4583333333333333,3.591666666666667,49.0,54.375,57.0,12.875,0.0,9729.0,0.12,0.15,80.0,85.0,95.0
2026-05-15,25.569166666666668,31.416666666666668,4.825,5.8475,83.0,14.5,166.0,0.625,0.6166666666666667,3.583333333333333,47.0,52.625,60.0,12.375,0.0,18326.0,0.05,0.1,62.0,71.0,76.0
2026-05-16,25.733888888888888,32.06722222222222,5.758333333333334,6.333333333333333,91.0,3.5,62.0,0.9416666666666668,0.5833333333333334,4.233333333333333,58.0,64.0,30.0,11.875,1.8666666666666667,5104.0,0.35,0.22,77.0,66.0,63.0
2026-05-17,23.33611111111111,32.44694444444444,8.433333333333334,9.110833333333334,93.0,14.5,181.0,1.4083333333333334,2.1166666666666667,4.908333333333333,46.0,51.125,62.0,12.625,0.0,10744.0,0.01,0.08,95.0,93.0,90.0
2026-05-18,23.014444444444443,32.14055555555555,8.433333333333334,9.126111111111111,92.0,15.5,158.0,1.0166666666666666,1.925,5.491666666666666,46.0,51.625,55.0,12.75,0.0,12987.0,0.17,0.18,95.0,87.0,93.0
2026-05-19,23.49055555555556,31.39027777777778,6.841666666666667,7.8997222222222225,87.0,21.0,161.0,1.0666666666666669,1.725,4.05,49.0,52.625,49.0,11.875,0.0,11573.0,0.23,0.26,85.0,86.0,84.0
2026-05-20,23.3225,31.18638888888889,7.191666666666666,7.863888888888889,91.0,20.0,148.0,0.8,1.6833333333333331,4.708333333333333,50.0,57.625,36.0,12.375,0.0,6934.0,0.32,0.19,85.0,79.0,81.0
2026-05-21,23.335,30.73333333333333,6.541666666666667,7.398333333333333,88.0,20.5,144.0,0.9416666666666668,0.8166666666666667,4.783333333333333,52.0,58.75,38.0,13.375,0.0,6509.0,0.15,0.2,77.0,70.0,83.0
2026-05-22,24.358888888888888,31.49222222222222,6.3,7.133333333333334,88.0,14.5,184.0,0.625,1.4,4.275,53.0,56.875,34.0,12.625,0.0,7148.0,0.05,0.21,76.0,77.0,78.0
2026-05-23,,,,,,,,,,,,,,,,,-0.01,0.18,86.0,83.0,90.0
2026-05-24,24.08388888888889,32.03777777777778,6.508333333333334,7.953888888888889,82.0,3.5,188.0,0.8,0.7916666666666666,4.916666666666667,50.0,54.5,48.0,12.75,0.1333333333333333,13725.0,0.21,0.18,71.0,73.0,75.0
2026-05-25,24.47833333333333,30.482777777777777,5.516666666666667,6.004444444444444,92.0,7.5,129.0,0.1916666666666666,0.6416666666666667,4.683333333333334,52.0,58.5,39.0,12.625,0.0,16599.0,0.2,0.13,66.0,65.0,87.0
2026-05-26,24.61805555555556,29.899444444444445,4.741666666666666,5.2813888888888885,90.0,13.5,176.0,0.5416666666666666,0.6666666666666666,3.533333333333333,53.0,56.375,49.0,12.5,0.0,9098.0,-0.1,0.04,67.0,64.0,92.0
2026-05-27,,,,,,,,,,,,,,,0.4,12986.0,,,,,
2026-05-28,24.41722222222222,31.34166666666667,5.8,6.924444444444444,84.0,5.5,148.0,1.1416666666666666,1.0916666666666666,3.566666666666667,48.0,52.5,63.0,12.625,0.0,7944.0,0.07,0.12,71.0,70.0,58.0
2026-05-29,22.725277777777777,29.73305555555556,6.608333333333333,7.007777777777778,94.0,17.0,138.0,0.7666666666666667,1.2833333333333334,4.558333333333334,46.0,52.0,60.0,12.375,0.0,7870.0,-0.05,-0.02,80.0,78.0,80.0
2026-05-30,23.830277777777777,30.63305555555556,6.166666666666667,6.802777777777778,91.0,16.5,131.0,1.0166666666666666,0.7166666666666667,4.433333333333334,54.0,61.125,32.0,13.0,0.0,12170.0,0.36,0.32,77.0,61.0,82.0
2026-05-31,22.600555555555555,30.300555555555555,6.775,7.7,88.0,19.5,165.0,0.2916666666666667,1.2166666666666666,5.266666666666667,49.0,53.0,55.0,12.125,0.0,14000.0,0.15,0.11,74.0,78.0,70.0
2026-06-01,23.449166666666667,30.4325,5.725,6.983333333333333,82.0,12.5,103.0,0.9583333333333334,1.15,3.6166666666666663,48.0,53.75,65.0,12.5,0.1583333333333333,5286.0,0.18,0.17,74.0,75.0,80.0
2026-06-02,23.08305555555556,30.656111111111112,6.916666666666667,7.573055555555555,91.0,5.5,146.0,1.3333333333333333,1.3583333333333334,4.225,48.0,51.875,48.0,13.125,0.0,15858.0,0.05,0.24,84.0,80.0,82.0
2026-06-03,24.50888888888889,31.45777777777778,5.758333333333334,6.948888888888889,83.0,3.5,147.0,1.275,0.7833333333333333,3.7,47.0,53.0,69.0,12.625,0.0,12474.0,0.28,0.25,73.0,76.0,88.0
2026-06-04,23.50027777777778,30.75777777777778,6.133333333333334,7.2575,85.0,15.0,157.0,0.4583333333333333,0.7833333333333333,4.891666666666667,47.0,52.25,69.0,14.375,0.0,7800.0,-0.34,0.0,72.0,78.0,81.0
2026-06-05,23.18277777777778,30.53305555555556,6.525,7.3502777777777775,89.0,28.5,95.0,0.9916666666666668,0.9083333333333332,4.625,49.0,54.0,52.0,13.0,0.0,6989.0,0.05,0.14,77.0,78.0,87.0
2026-06-06,22.116666666666667,31.383333333333333,8.325,9.266666666666667,90.0,21.0,172.0,0.9166666666666666,1.9916666666666667,5.416666666666667,52.0,59.875,41.0,12.75,0.0,8205.0,0.41,0.25,90.0,74.0,75.0
2026-06-07,22.51222222222222,32.10055555555556,6.966666666666667,9.588333333333331,73.0,17.5,196.0,0.5083333333333333,0.9833333333333332,5.475,46.0,50.625,59.0,13.25,0.0,12235.0,-0.28,-0.18,72.0,86.0,74.0
2026-06-08,23.884166666666665,30.719722222222224,5.891666666666667,6.835555555555556,86.0,17.5,172.0,0.575,0.6083333333333333,4.708333333333333,50.0,54.125,51.0,12.75,0.3,7496.0,0.09,0.18,69.0,79.0,76.0
2026-06-09,23.07472222222222,30.85805555555556,6.416666666666667,7.783333333333333,82.0,42.5,171.0,0.9916666666666668,1.1,4.325,53.0,58.5,40.0,12.5,0.0,9107.0,0.04,0.17,71.0,72.0,80.0
2026-06-10,26.224722222222223,31.14138888888889,4.133333333333334,4.916666666666667,84.0,7.5,58.0,0.925,0.4416666666666666,2.7666666666666666,54.0,59.625,38.0,12.875,0.0,7937.0,-0.22,-0.12,59.0,64.0,95.0
2026-06-11,24.17972222222222,31.041944444444443,6.1,6.862222222222222,89.0,16.0,202.0,1.0166666666666666,1.175,3.908333333333333,50.0,55.625,48.0,12.25,0.0,17029.0,0.04,0.11,79.0,81.0,86.0
2026-06-12,,,,,,,,,,,,,,,,0.0,,,,,
2026-06-13,,,,,,,,,,,,,,,,5.0,,,,,
2026-06-14,24.450277777777774,32.216944444444444,6.216666666666667,7.766666666666667,80.0,18.5,118.0,0.8,0.9583333333333334,4.458333333333333,49.0,53.875,56.0,12.5,0.0,6624.0,-0.12,0.02,72.0,76.0,83.0
2026-06-15,24.15083333333333,32.15083333333333,7.341666666666667,8.0,92.0,8.5,187.0,0.9083333333333332,1.1916666666666669,5.241666666666666,50.0,53.5,62.0,12.625,0.0,10040.0,0.12,,82.0,82.0,84.0
2026-06-16,23.88305555555556,31.03305555555556,6.483333333333333,7.15,91.0,7.0,186.0,1.1416666666666666,1.025,4.316666666666666,46.0,51.75,53.0,13.375,0.0,10781.0,0.04,0.07,80.0,77.0,89.0
2026-06-17,24.566666666666663,31.78472222222222,6.725,7.218055555555556,93.0,7.0,141.0,1.75,1.75,3.225,49.0,55.375,48.0,12.625,0.0,7022.0,0.17,0.09,85.0,81.0,94.0
2026-06-18,23.41722222222222,31.050555555555555,6.533333333333333,7.633333333333334,86.0,20.0,142.0,1.4333333333333331,1.1583333333333334,3.941666666666667,50.0,55.125,59.0,12.875,0.0,19962.0,0.04,0.11,81.0,80.0,85.0
2026-06-19,23.49944444444445,30.96611111111111,6.325,7.466666666666667,85.0,18.0,187.0,0.8833333333333333,1.575,3.8666666666666663,48.0,53.75,46.0,12.25,0.0083333333333333,7854.0,-0.08,0.06,80.0,82.0,78.0
2026-06-20,22.30888888888889,30.286388888888887,7.25,7.9775,91.0,14.0,260.0,0.475,1.0833333333333333,5.691666666666666,51.0,55.5,53.0,12.125,0.0,14066.0,-0.12,0.07,82.0,82.0,88.0
2026-06-21,20.125,30.12333333333333,8.541666666666666,9.998333333333331,85.0,5.5,151.0,1.1083333333333334,1.1,6.333333333333333,49.0,57.875,54.0,12.875,0.0,17368.0,0.13,0.1,82.0,83.0,73.0
2026-06-22,23.725555555555555,30.675555555555555,6.216666666666667,6.95,89.0,16.5,186.0,0.3916666666666666,0.95,4.875,45.0,52.375,57.0,12.75,0.0,12726.0,0.01,0.0,74.0,83.0,84.0
2026-06-23,23.349722222222223,28.083055555555557,4.225,4.733333333333333,89.0,17.0,192.0,0.5916666666666667,0.5166666666666667,3.1166666666666667,51.0,54.75,48.0,12.5,0.0,5097.0,-0.03,0.01,59.0,67.0,76.0
2026-06-24,27.233888888888888,33.38333333333333,4.941666666666666,6.149444444444445,80.0,22.5,131.0,0.9666666666666668,0.4166666666666667,3.558333333333333,46.0,49.125,85.0,14.0,0.85,9451.0,-0.28,0.0,57.0,81.0,72.0
2026-06-25,23.11694444444445,30.30027777777778,6.308333333333334,7.183333333333334,88.0,5.5,210.0,0.5083333333333333,1.325,4.475,57.0,64.5,31.0,13.0,0.0,20758.0,0.21,0.13,72.0,68.0,68.0
2026-06-26,24.05027777777778,32.373333333333335,7.325,8.323055555555555,88.0,20.0,186.0,0.6833333333333333,1.5333333333333334,5.108333333333333,51.0,56.125,47.0,13.0,0.0,117.0,0.24,0.08,79.0,77.0,73.0
2026-06-27,23.21722222222222,32.67111111111111,8.441666666666666,9.453888888888889,89.0,4.0,220.0,0.8166666666666667,2.075,5.55,48.0,53.125,49.0,12.625,0.0,13110.0,-0.21,-0.1,86.0,88.0,75.0
2026-06-28,21.716666666666665,31.03333333333333,7.625,9.316666666666666,82.0,12.0,239.0,1.05,1.4083333333333334,5.166666666666667,41.0,49.125,99.0,12.875,0.0,14477.0,-0.18,0.1,85.0,83.0,75.0
2026-06-29,23.416944444444447,31.25027777777778,6.941666666666666,7.833333333333333,89.0,4.0,244.0,1.05,1.1416666666666666,4.75,48.0,53.75,61.0,12.75,0.0,7028.0,-0.02,0.09,81.0,85.0,80.0
2026-06-30,23.366111111111117,31.235277777777775,7.05,7.869166666666667,90.0,6.0,185.0,1.05,1.6333333333333333,4.366666666666666,46.0,49.875,78.0,12.625,0.0,25657.0,-0.18,-0.14,85.0,92.0,83.0
2026-07-01,20.966666666666665,31.08333333333333,6.475,10.116666666666667,64.0,5.0,144.0,0.5916666666666667,1.1916666666666669,4.691666666666666,49.0,58.25,47.0,13.625,0.0,16211.0,0.19,0.04,64.0,77.0,46.0
2026-07-02,20.783611111111117,31.683611111111112,8.758333333333333,10.9,80.0,35.5,164.0,1.125,2.0416666666666665,5.591666666666667,51.0,62.125,34.0,13.625,0.0,17244.0,0.44,0.18,87.0,76.0,78.0
2026-07-03,,,,,,,,,,,,,,,0.1916666666666666,0.0,,,,,
2026-07-04,,,,,,,,,,,,,,,,13985.0,,,,,
2026-07-05,24.36555555555556,32.06638888888889,6.733333333333333,7.700833333333334,87.0,14.5,185.0,0.6166666666666667,1.575,4.541666666666667,49.0,56.5,42.0,13.0,0.0083333333333333,11785.0,-0.22,0.17,79.0,83.0,86.0
2026-07-06,22.9,28.8,4.866666666666666,5.9,82.0,22.5,183.0,0.8,0.8583333333333333,3.208333333333333,46.0,49.75,75.0,13.375,0.0333333333333333,8705.0,-0.03,,62.0,82.0,68.0
2026-07-07,21.783611111111117,29.471944444444446,6.591666666666667,7.688333333333333,86.0,3.5,148.0,1.65,1.8333333333333333,3.1083333333333334,50.0,56.0,43.0,12.5,0.0,13682.0,-0.44,-0.28,79.0,81.0,80.0
2026-07-08,22.883888888888887,29.899166666666662,6.616666666666666,7.0152777777777775,94.0,3.0,90.0,1.1,1.0666666666666669,4.45,52.0,59.25,32.0,12.75,0.0,12196.0,0.12,0.0,81.0,72.0,90.0
2026-07-09,23.08305555555556,30.66638888888889,6.775,7.583333333333333,89.0,17.0,97.0,0.875,1.3333333333333333,4.566666666666666,54.0,59.125,37.0,12.25,0.0,7241.0,-0.2,-0.13,82.0,75.0,84.0
2026-07-10,24.13361111111111,29.88361111111111,4.341666666666667,5.75,76.0,40.5,69.0,0.6083333333333333,0.4166666666666667,3.316666666666667,55.0,62.5,35.0,12.25,0.0,4183.0,0.13,-0.05,53.0,53.0,85.0
2026-07-11,24.175833333333333,32.409166666666664,7.591666666666667,8.233333333333333,92.0,5.0,150.0,1.0916666666666666,1.6166666666666667,4.883333333333334,49.0,57.0,38.0,13.375,0.0,10242.0,0.02,0.05,85.0,81.0,78.0
2026-07-12,25.024722222222223,31.37472222222222,5.75,6.35,91.0,7.5,72.0,0.7,0.8333333333333334,4.216666666666667,59.0,66.375,23.0,12.625,0.0083333333333333,11395.0,-0.14,-0.06,67.0,52.0,73.0
2026-07-13,24.391666666666666,32.27055555555556,6.266666666666667,7.878888888888889,80.0,14.0,147.0,1.1916666666666669,1.1333333333333333,3.941666666666667,50.0,56.375,43.0,12.75,0.0,14321.0,-0.26,0.0,79.0,77.0,89.0
2026-07-14,23.025277777777777,30.585,7.183333333333334,7.559722222222222,95.0,11.0,203.0,0.475,0.8666666666666667,5.841666666666667,51.0,57.0,41.0,13.0,0.0,13022.0,0.27,0.14,80.0,68.0,90.0
2026-07-15,24.32611111111111,30.691388888888888,5.6,6.365277777777778,88.0,5.0,68.0,0.8833333333333333,0.8166666666666667,3.9,53.0,58.5,37.0,12.875,0.0,6736.0,-0.1,-0.1,71.0,58.0,83.0
2026-07-16,23.49277777777778,31.00805555555556,6.683333333333334,7.5152777777777775,89.0,18.5,144.0,1.1,1.3583333333333334,4.225,51.0,59.0,40.0,12.125,0.0,13337.0,-0.17,-0.07,82.0,72.0,76.0
2026-07-17,24.224722222222223,32.124722222222225,7.0,7.9,89.0,10.0,304.0,0.7083333333333334,1.3583333333333334,4.933333333333334,47.0,52.125,54.0,12.5,0.0,2262.0,-0.25,0.04,78.0,79.0,69.0
2026-07-18,,,,,,,,,,,,,,,,161.0,,,,,
2026-07-19,25.86555555555556,33.04111111111111,6.391666666666667,7.175555555555556,89.0,19.5,105.0,0.8166666666666667,1.625,3.95,51.0,56.25,40.0,12.625,0.0,10075.0,-0.15,-0.12,74.0,72.0,83.0
2026-07-20,24.84583333333333,31.04083333333333,5.708333333333333,6.195,92.0,16.5,183.0,0.9916666666666668,1.2333333333333334,3.4833333333333334,49.0,51.625,45.0,12.875,0.0,14386.0,-0.05,-0.1,76.0,76.0,85.0
2026-07-21,23.441388888888888,31.139722222222225,7.0,7.698333333333333,91.0,13.5,186.0,0.7666666666666667,1.4583333333333333,4.775,51.0,55.375,37.0,12.875,0.0,15781.0,0.15,0.1,83.0,78.0,80.0
2026-07-22,,,,,,,,,,,,,,,,0.0,,,,,
2026-08-03,,,,,,,,,,,,,,,,422.0,,,,,
2026-08-04,24.073888888888888,28.799166666666665,3.8333333333333335,4.7252777777777775,81.0,21.5,64.0,0.30833333333333335,0.48333333333333334,3.0416666666666665,53.0,56.625,48.0,12.375,0.0,13422.0,0.15,,51.0,50.0,62.0
2026-08-05,22.342222222222222,30.858888888888888,8.116666666666667,8.516666666666667,95.0,3.0,161.0,1.3333333333333333,1.4083333333333334,5.375,51.0,56.625,49.0,12.375,0.0,12981.0,0.33,,90.0,90.0,81.0
2026-08-06,22.308055555555555,30.74138888888889,7.625,8.433333333333334,90.0,13.0,203.0,1.0333333333333334,0.8666666666666667,5.725,50.0,57.125,44.0,12.875,0.0,11536.0,0.11,0.16,84.0,80.0,75.0
2026-08-07,22.508333333333333,30.435833333333335,7.258333333333334,7.9275,92.0,19.5,259.0,0.49166666666666664,1.1,5.666666666666667,52.0,59.0,36.0,12.625,0.0,9587.0,-0.09,0.11,78.0,75.0,71.0
2026-08-08,23.50861111111111,31.60361111111111,7.433333333333334,8.095,92.0,17.5,178.0,1.3083333333333333,1.1333333333333333,4.991666666666666,52.0,57.25,39.0,12.75,0.0,7921.0,-0.12,0.13,88.0,83.0,90.0
2026-08-09,24.54222222222222,31.75888888888889,6.475,7.216666666666667,90.0,7.0,189.0,0.1,1.275,5.1,48.0,53.5,53.0,13.625,0.03333333333333333,8036.0,-0.44,-0.1,71.0,82.0,87.0
2026-08-10,23.074444444444445,30.426388888888887,6.541666666666667,7.351944444444444,89.0,19.0,174.0,0.7333333333333333,1.2916666666666667,4.516666666666667,52.0,55.625,41.0,12.25,0.11666666666666667,13151.0,0.06,0.0,79.0,82.0,82.0
2026-08-11,25.34888888888889,31.575,5.15,6.226111111111111,83.0,16.0,191.0,0.39166666666666666,0.7666666666666667,3.9916666666666667,55.0,59.875,37.0,13.0,0.0,9456.0,0.12,-0.05,60.0,67.0,68.0
2026-08-12,22.890833333333333,30.50861111111111,6.883333333333334,7.6177777777777775,90.0,27.5,181.0,0.9833333333333333,0.9583333333333334,4.941666666666666,49.0,54.75,58.0,12.375,0.0,12403.0,0.05,-0.1,80.0,84.0,91.0
2026-08-13,23.3275,30.606944444444444,6.8,7.279444444444445,93.0,20.5,157.0,1.3416666666666666,1.75,3.7083333333333335,49.0,53.125,51.0,13.375,0.0,18173.0,-0.08,0.05,87.0,84.0,83.0
2026-08-14,24.58277777777778,31.94361111111111,6.641666666666667,7.360833333333333,90.0,10.0,107.0,1.5666666666666667,1.5833333333333333,3.4916666666666667,51.0,56.125,35.0,12.75,0.0,6746.0,-0.46,-0.08,84.0,79.0,94.0
2026-08-15,24.878055555555555,32.45027777777778,6.625,7.572222222222222,87.0,17.0,181.0,0.5083333333333333,1.0666666666666667,5.05,54.0,63.125,32.0,13.0,0.0,10017.0,0.14,0.08,69.0,72.0,61.0
2026-08-16,,,,,,,,,,,,,,,,44.0,,,,,
2026-08-17,24.29277777777778,31.83416666666667,6.658333333333333,7.541388888888889,88.0,11.0,148.0,0.5583333333333333,1.0083333333333333,5.091666666666667,47.0,52.5,49.0,13.0,0.0,12909.0,0.02,-0.11,74.0,82.0,79.0
2026-08-18,23.091944444444444,32.49194444444444,7.666666666666667,9.4,82.0,22.0,298.0,0.775,1.0583333333333333,5.833333333333333,48.0,54.25,48.0,13.125,0.0,9636.0,-0.16,0.03,80.0,80.0,71.0
2026-08-19,24.24222222222222,32.534444444444446,7.241666666666666,8.292222222222222,87.0,11.0,174.0,0.7666666666666667,1.2083333333333333,5.266666666666667,47.0,51.5,52.0,12.875,0.0,12340.0,-0.09,0.0,80.0,83.0,87.0
2026-08-20,,,,,,,,,,,,,,,,3.0,,,,,
2026-08-21,24.35388888888889,30.550555555555555,5.425,6.196666666666666,88.0,23.5,195.0,0.23333333333333334,0.9083333333333333,4.283333333333333,47.0,49.5,65.0,12.625,0.0,9678.0,-0.02,-0.06,64.0,79.0,73.0
2026-08-22,24.9675,31.9425,6.383333333333334,6.975,92.0,17.5,155.0,0.6416666666666667,1.125,4.616666666666666,51.0,57.0,39.0,12.625,0.0,10123.0,0.23,0.1,74.0,73.0,82.0
2026-08-23,22.733055555555556,30.949444444444445,7.408333333333333,8.216388888888888,90.0,20.0,138.0,0.65,1.225,5.533333333333333,54.0,60.625,30.0,12.625,0.0,8443.0,0.3,0.23,84.0,79.0,94.0
2026-08-25,,,,,,,,,,,,,,,,12243.0,,,,,
2026-08-26,24.25861111111111,30.92,6.141666666666667,6.661388888888889,92.0,3.0,174.0,0.65,1.6583333333333334,3.8333333333333335,52.0,58.875,34.0,12.375,0.0,6079.0,0.02,0.2,74.0,70.0,73.0
2026-08-27,25.37472222222222,30.941388888888888,5.066666666666666,5.566666666666666,91.0,5.0,116.0,0.6916666666666667,0.925,3.45,53.0,57.625,49.0,11.875,0.0,13063.0,-0.14,,66.0,70.0,91.0
2026-08-28,24.158333333333335,31.408333333333335,6.291666666666667,7.25,87.0,4.0,150.0,1.0,1.225,4.066666666666666,52.0,58.875,41.0,13.0,0.0,15166.0,0.06,0.11,77.0,70.0,85.0
2026-08-29,,,,,,,,,,,,,,,,848.0,,,,,
2026-08-30,25.892222222222223,32.025555555555556,5.241666666666666,6.133333333333334,85.0,20.5,113.0,0.9,0.9666666666666667,3.375,48.0,53.75,49.0,12.125,0.20833333333333334,14592.0,0.13,0.05,65.0,75.0,83.0
2026-08-31,,,,,,,,,,,,,,,,,-0.2,-0.01,73.0,77.0,84.0
